"STOP_LOCATION_BLOCK","match_status","match_type","GEOID"
"6600 BLOCK OF 3RD STREET NW WASHINGTON, DC 20012 UNITED STATES","Match","Non_Exact","11001004402"
"600 BLOCK OF T STREET NW WASHINGTON, DC 20001 UNITED STATES","Match","Non_Exact","11001006900"
"1400 BLOCK OF DOWNING ST NE WASHINGTON, DC 20018 UNITED STATES","Match","Non_Exact","11001009903"
"1500 BLOCK OF 19TH STREET SE WASHINGTON, DC 20020 UNITED STATES","Match","Non_Exact","11001007406"
"700 BLOCK OF 12TH STREET NE WASHINGTON, DC 20002 UNITED STATES","Match","Non_Exact","11001007406"
"6900 BLOCK OF 4TH STREET NW WASHINGTON, DC 20012 UNITED STATES","Match","Non_Exact","11001007803"
"100 BLOCK OF 41ST STREET NE WASHINGTON, DC 20019 UNITED STATES","Match","Non_Exact","11001009807"
"600 BLOCK OF 7TH STREET NW WASHINGTON, DC 20001 UNITED STATES","No_Match","",NA
"300 BLOCK OF 56TH STREET NE WASHINGTON, DC 20019 UNITED STATES","Match","Non_Exact","11001008903"
"400 BLOCK OF 37TH STREET SE WASHINGTON, DC 20019 UNITED STATES","Match","Non_Exact","11001009906"
"1600 BLOCK OF LEVIS STREET NE WASHINGTON, DC 20002 UNITED STATES","Match","Non_Exact","11001007703"
"14TH STREET NW & PARKWOOD PLACE NW WASHINGTON, DC 20010 UNITED STATES","Match","Non_Exact","11001007809"
"2200 BLOCK OF NAYLOR ROAD SE WASHINGTON, DC 20020 UNITED STATES","Match","Non_Exact","11001008804"
"6100 BLOCK OF 7TH PLACE NW WASHINGTON, DC 20011 UNITED STATES","Match","Non_Exact","11001009904"
"5300 BLOCK OF E STREET SE WASHINGTON, DC 20019 UNITED STATES","Tie","",NA
"2900 BLOCK OF MARTIN LUTHER KING JR AVENUE SE WASHINGTON, DC 20032 UNITED STATES","Match","Non_Exact","11001007601"
"3200 BLOCK OF 15TH PLACE SE WASHINGTON, DC 20020 UNITED STATES","Match","Non_Exact","11001001901"
"100 BLOCK OF FRANKLIN STREET NE WASHINGTON, DC 20002 UNITED STATES","Match","Non_Exact","11001009905"
"UNIT BLOCK OF M STREET NE WASHINGTON, DC 20002 UNITED STATES","Match","Non_Exact","11001010400"
"UNIT BLOCK OF CHANNING STREET NE WASHINGTON, DC 20002 UNITED STATES","Match","Non_Exact","11001007404"
"800 BLOCK OF 5TH STREET NW WASHINGTON, DC 20001 UNITED STATES","Match","Non_Exact","11001009201"
"3100 BLOCK OF NEWARK STREET NW WASHINGTON, DC 20008 UNITED STATES","No_Match","",NA
"900 BLOCK OF W STREET NW WASHINGTON, DC 20001 UNITED STATES","Match","Non_Exact","11001001702"
"3300 BLOCK OF 13TH STREET SE WASHINGTON, DC 20032 UNITED STATES","Match","Non_Exact","11001004801"
"2200 BLOCK OF 15TH STREET NE WASHINGTON, DC 20018 UNITED STATES","Match","Non_Exact","11001009102"
"300 BLOCK OF TENNESSEE AVENUE NE WASHINGTON, DC 20002 UNITED STATES","Match","Non_Exact","11001007601"
"900 BLOCK OF NEW JERSEY AVENUE NW WASHINGTON, DC 20001 UNITED STATES","Match","Non_Exact","11001008402"
"1000 BLOCK OF 5TH STREET NW WASHINGTON, DC 20001 UNITED STATES","Match","Non_Exact","11001001702"
"6100 BLOCK OF DIX STREET NE WASHINGTON, DC 20019 UNITED STATES","Match","Non_Exact","11001009603"
"1200 BLOCK OF ALABAMA AVENUE SE WASHINGTON, DC 20032 UNITED STATES","Match","Non_Exact","11001005802"
"4100 BLOCK OF BENNING ROAD NE WASHINGTON, DC 20019 UNITED STATES","Match","Non_Exact","11001007808"
"1500 BLOCK OF CONNECTICUT AVENUE NW WASHINGTON, DC 20036 UNITED STATES","No_Match","",NA
"2200 BLOCK OF SAVANNAH STREET SE WASHINGTON, DC 20020 UNITED STATES","Match","Non_Exact","11001005801"
"800 BLOCK OF QUINCY STREET NW WASHINGTON, DC 20011 UNITED STATES","Match","Non_Exact","11001000600"
"100 BLOCK OF IRVING STREET NW WASHINGTON, DC 20010 UNITED STATES","Match","Non_Exact","11001004401"
"700 BLOCK OF 19TH STREET NE WASHINGTON, DC 20002 UNITED STATES","Match","Non_Exact","11001007304"
"1400 BLOCK OF P STREET NW WASHINGTON, DC 20005 UNITED STATES","Match","Non_Exact","11001009102"
"400 BLOCK OF RHODE ISLAND AVENUE NE WASHINGTON, DC 20002 UNITED STATES","Match","Non_Exact","11001008001"
"100 BLOCK OF RHODE ISLAND AVENUE NW WASHINGTON, DC 20001 UNITED STATES","Match","Non_Exact","11001004702"
"4600 BLOCK OF SOUTH CAPITOL STREET SW WASHINGTON, DC 20032 UNITED STATES","Match","Non_Exact","11001004703"
"UNIT BLOCK OF RANDOLPH PLACE NW WASHINGTON, DC 20001 UNITED STATES","Match","Non_Exact","11001007808"
"1200 BLOCK OF CONNECTICUT AVENUE NW WASHINGTON, DC 20036 UNITED STATES","Match","Non_Exact","11001010400"
"1100 BLOCK OF NORTH CAPITOL STREET NW WASHINGTON, DC 20002 UNITED STATES","Match","Non_Exact","11001007803"
"4500 BLOCK OF QUARLES STREET NE WASHINGTON, DC 20019 UNITED STATES","Match","Non_Exact","11001005502"
"700 BLOCK OF 20TH STREET NE WASHINGTON, DC 20002 UNITED STATES","Match","Non_Exact","11001007403"
"19TH STREET NE & BENNING ROAD NE WASHINGTON, DC 20002 UNITED STATES","Match","Non_Exact","11001002503"
"1000 BLOCK OF 44TH STREET NE WASHINGTON, DC 20019 UNITED STATES","Match","Non_Exact","11001002302"
"3100 BLOCK OF 9TH STREET NE WASHINGTON, DC 20017 UNITED STATES","Match","Non_Exact","11001007901"
"4400 BLOCK OF G STREET SE WASHINGTON, D.C. 20019 UNITED STATES","Match","Non_Exact","11001005203"
"2200 BLOCK OF MINNESOTA AVENUE SE WASHINGTON, DC 20020 UNITED STATES","Match","Non_Exact","11001009204"
"2300 BLOCK OF PENNSYLVANIA AVENUE SE WASHINGTON, DC 20020 UNITED STATES","Match","Non_Exact","11001003302"
"5000 BLOCK OF H STREET SE WASHINGTON, DC 20019 UNITED STATES","Match","Non_Exact","11001009810"
"3700 BLOCK OF KANSAS AVENUE NW WASHINGTON, DC 20010 UNITED STATES","No_Match","",NA
"2300 BLOCK OF PITTS PLACE SE WASHINGTON, DC 20020 UNITED STATES","Match","Non_Exact","11001010700"
"2400 BLOCK OF MARTIN LUTHER KING JR AVENUE SE WASHINGTON, DC 20020 UNITED STATES","No_Match","",NA
"1300 BLOCK OF 5TH STREET NW WASHINGTON, DC 20001 UNITED STATES","Match","Non_Exact","11001009601"
"2400 BLOCK OF HARTFORD STREET SE WASHINGTON, DC 20020 UNITED STATES","Match","Non_Exact","11001007903"
"600 BLOCK OF KENNEDY STREET NW WASHINGTON, DC 20011 UNITED STATES","Match","Exact","11001007901"
"2800 BLOCK OF HARTFORD STREET SE WASHINGTON, DC 20020 UNITED STATES","Match","Non_Exact","11001007806"
"2900 BLOCK OF KNOX PLACE SE WASHINGTON, DC 20020 UNITED STATES","Match","Non_Exact","11001009301"
"1800 BLOCK OF 9TH STREET NW WASHINGTON, DC 20001 UNITED STATES","Match","Non_Exact","11001009907"
"900 BLOCK OF RHODE ISLAND AVENUE NW WASHINGTON, DC 20001 UNITED STATES","Match","Non_Exact","11001007601"
"500 BLOCK OF H STREET NW WASHINGTON, DC 20001 UNITED STATES","No_Match","",NA
"1400 BLOCK OF OKIE STREET NE WASHINGTON, DC 20002 UNITED STATES","Match","Non_Exact","11001007707"
"100 BLOCK OF U STREET NW WASHINGTON, DC 20001 UNITED STATES","Match","Non_Exact","11001002504"
"1800 BLOCK OF WILTBERGER STREET NW WASHINGTON, DC 20001 UNITED STATES","Match","Non_Exact","11001007504"
"1800 BLOCK OF ALABAMA AVENUE SE WASHINGTON, DC 20020 UNITED STATES","Match","Non_Exact","11001007407"
"1300 BLOCK OF KENYON STREET NW WASHINGTON, DC 20010 UNITED STATES","Match","Non_Exact","11001004802"
"1400 BLOCK OF 29TH STREET SE WASHINGTON, DC 20020 UNITED STATES","Match","Non_Exact","11001007408"
"200 BLOCK OF 37TH PLACE SE WASHINGTON, DC 20019 UNITED STATES","Match","Non_Exact","11001002101"
"600 BLOCK OF MORTON STREET NW WASHINGTON, DC 20010 UNITED STATES","Match","Non_Exact","11001007502"
"1400 BLOCK OF SAVANNAH STREET SE WASHINGTON, DC 20032 UNITED STATES","Match","Non_Exact","11001007502"
"K STREET NW & 16TH STREET NW WASHINGTON, DC 20006 UNITED STATES","Match","Non_Exact","11001004402"
"VIRGINIA AVENUE SE & 3RD STREET SE WASHINGTON, DC 20003 UNITED STATES","Match","Non_Exact","11001004901"
"2200 BLOCK OF I STREET NW WASHINGTON, DC 20037 UNITED STATES","Match","Non_Exact","11001005801"
"UNIT BLOCK OF UNDERWOOD STREET NW WASHINGTON, DC 20012 UNITED STATES","Match","Non_Exact","11001008803"
"3600 BLOCK OF GEORGIA AVENUE NW WASHINGTON, DC 20010 UNITED STATES","Match","Non_Exact","11001003301"
"4200 BLOCK OF 4TH STREET SE WASHINGTON, DC 20032 UNITED STATES","Match","Non_Exact","11001004801"
"3800 BLOCK OF 9TH STREET SE WASHINGTON, DC 20032 UNITED STATES","Match","Non_Exact","11001007404"
"3900 BLOCK OF 12TH STREET NE WASHINGTON, DC 20017 UNITED STATES","Match","Non_Exact","11001003000"
"1300 BLOCK OF 2ND STREET NE WASHINGTON, DC 20002 UNITED STATES","Match","Non_Exact","11001007709"
"UNIT BLOCK OF NEW YORK AVENUE NE WASHINGTON, DC 20002 UNITED STATES","Match","Non_Exact","11001007703"
"5300 BLOCK OF JAY STREET NE WASHINGTON, DC 20019 UNITED STATES","Match","Non_Exact","11001003200"
"100 BLOCK OF 54TH STREET SE WASHINGTON, DC 20019 UNITED STATES","Match","Non_Exact","11001007304"
"1000 BLOCK OF F STREET NW WASHINGTON, DC 20004 UNITED STATES","Match","Exact","11001010100"
"4700 BLOCK OF FOOTE STREET NE WASHINGTON, DC 20019 UNITED STATES","Match","Exact","11001007203"
"1600 BLOCK OF TRINIDAD AVENUE NE WASHINGTON, DC 20002 UNITED STATES","Match","Non_Exact","11001010800"
"1900 BLOCK OF 12TH STREET NW WASHINGTON, DC 20009 UNITED STATES","No_Match","",NA
"500 BLOCK OF 12TH STREET SE WASHINGTON, DC 20003 UNITED STATES","No_Match","",NA
"53RD PLACE SE & EAST CAPITOL STREET WASHINGTON, DC 20019 UNITED STATES","Match","Non_Exact","11001009811"
"2500 BLOCK OF ELVANS ROAD SE WASHINGTON, DC 20020 UNITED STATES","Match","Non_Exact","11001009801"
"2500 BLOCK OF POMEROY ROAD SE WASHINGTON, DC 20020 UNITED STATES","Match","Non_Exact","11001008903"
"4000 BLOCK OF MINNESOTA AVENUE NE WASHINGTON, DC 20019 UNITED STATES","Match","Non_Exact","11001009504"
"3900 BLOCK OF MARTIN LUTHER KING JR AVENUE SW WASHINGTON, DC 20032 UNITED STATES","Match","Non_Exact","11001010601"
"UNIT BLOCK OF RIDGE SQUARE NW WASHINGTON, DC 20016 UNITED STATES","No_Match","",NA
"1700 BLOCK OF MARYLAND AVENUE NE WASHINGTON, DC 20002 UNITED STATES","Match","Non_Exact","11001007807"
"4400 BLOCK OF B STREET SE WASHINGTON, DC 20019 UNITED STATES","Match","Non_Exact","11001009903"
"4900 BLOCK OF JAY STREET NE WASHINGTON, DC 20019 UNITED STATES","Match","Non_Exact","11001005802"
"5000 BLOCK OF BASS PLACE SE WASHINGTON, DC 20019 UNITED STATES","Match","Non_Exact","11001007804"
"1200 BLOCK OF 18TH PLACE NE WASHINGTON, DC 20002 UNITED STATES","Match","Non_Exact","11001008804"
"1200 BLOCK OF GOOD HOPE ROAD SE WASHINGTON, DC 20020 UNITED STATES","Match","Non_Exact","11001008402"
"1000 BLOCK OF 1ST PL NW WASHINGTON, DC 20001 UNITED STATES","Match","Non_Exact","11001002301"
"1100 BLOCK OF BLADENSBURG ROAD NE WASHINGTON, DC 20002 UNITED STATES","Match","Exact","11001005502"
"UNIT BLOCK OF HANOVER PLACE NW WASHINGTON, DC 20001 UNITED STATES","Match","Non_Exact","11001008410"
"1600 BLOCK OF GOOD HOPE ROAD SE WASHINGTON, DC 20020 UNITED STATES","Match","Non_Exact","11001008802"
"BRANDYWINE STREET NW & 32ND STREET NW WASHINGTON, DC 20008 UNITED STATES","Match","Non_Exact","11001008804"
"1500 BLOCK OF W STREET SE WASHINGTON, DC 20020 UNITED STATES","Match","Non_Exact","11001008904"
"5200 BLOCK OF NORTH CAPITOL STREET NW WASHINGTON, DC 20011 UNITED STATES","Match","Non_Exact","11001010202"
"1900 BLOCK OF 2ND STREET NW WASHINGTON, DC 20001 UNITED STATES","Match","Non_Exact","11001004401"
"3700 BLOCK OF NEW HAMPSHIRE AVENUE NW WASHINGTON, DC 20010 UNITED STATES","Match","Non_Exact","11001005802"
"1400 BLOCK OF QUINCY STREET NW WASHINGTON, DC 20011 UNITED STATES","Match","Non_Exact","11001002503"
"200 BLOCK OF 56TH STREET NE WASHINGTON, DC 20019 UNITED STATES","Match","Exact","11001007203"
"1300 BLOCK OF NEWTON STREET NW WASHINGTON, DC 20010 UNITED STATES","Match","Non_Exact","11001002504"
"3400 BLOCK OF 14TH STREET NW WASHINGTON, DC 20010 UNITED STATES","No_Match","",NA
"GRANT CIRCLE NW & NEW HAMPSHIRE AVENUE NW WASHINGTON, DC 20011 UNITED STATES","Match","Non_Exact","11001007808"
"1400 BLOCK OF CORCORAN STREET NW WASHINGTON, DC 20009 UNITED STATES","Match","Non_Exact","11001002900"
"1700 BLOCK OF U STREET NW WASHINGTON, DC 20009 UNITED STATES","No_Match","",NA
"1600 BLOCK OF W STREET SE WASHINGTON, DC 20020 UNITED STATES","Tie","",NA
"1500 BLOCK OF F STREET NE WASHINGTON, DC 20002 UNITED STATES","Match","Non_Exact","11001005202"
"1300 BLOCK OF K STREET SE WASHINGTON, DC 20003 UNITED STATES","Match","Non_Exact","11001004201"
"1700 BLOCK OF EUCLID STREET NW WASHINGTON, DC 20009 UNITED STATES","Match","Non_Exact","11001007504"
"100 BLOCK OF M STREET SW WASHINGTON, DC 20024 UNITED STATES","Match","Non_Exact","11001007901"
"4300 BLOCK OF HUNT PLACE NE WASHINGTON, DC 20019 UNITED STATES","Match","Non_Exact","11001007601"
"1700 BLOCK OF 1ST STREET NW WASHINGTON, DC 20001 UNITED STATES","No_Match","",NA
"16TH STREET NE & LEVIS STREET NE WASHINGTON, DC 20002 UNITED STATES","Match","Non_Exact","11001008804"
"UNIT BLOCK OF BRYANT STREET NE WASHINGTON, DC 20002 UNITED STATES","No_Match","",NA
"1200 BLOCK OF U STREET NW WASHINGTON, DC 20009 UNITED STATES","Match","Non_Exact","11001007605"
"1200 BLOCK OF LONGFELLOW STREET NW WASHINGTON, DC 20011 UNITED STATES","Match","Exact","11001001301"
"100 BLOCK OF RIDGE ROAD SE WASHINGTON, DC 20019 UNITED STATES","Match","Non_Exact","11001007503"
"900 BLOCK OF UPSHUR STREET NW WASHINGTON, DC 20011 UNITED STATES","Match","Non_Exact","11001002102"
"5600 BLOCK OF CLAY PLACE NE WASHINGTON, DC 20019 UNITED STATES","Match","Non_Exact","11001003400"
"300 BLOCK OF 50TH STREET NE WASHINGTON, DC 20019 UNITED STATES","Match","Non_Exact","11001007100"
"1700 BLOCK OF BENNING ROAD NE WASHINGTON, DC 20002 UNITED STATES","Match","Non_Exact","11001003802"
"3900 BLOCK OF SOUTH CAPITOL STREET SW WASHINGTON, DC 20032 UNITED STATES","Match","Non_Exact","11001006400"
"3500 BLOCK OF AMES STREET NE WASHINGTON, DC 20019 UNITED STATES","Match","Non_Exact","11001007803"
"500 BLOCK OF WEBSTER STREET NW WASHINGTON, DC 20011 UNITED STATES","Match","Non_Exact","11001003302"
"2600 BLOCK OF 18TH STREET SE WASHINGTON, DC 20020 UNITED STATES","Match","Exact","11001008804"
"62ND STREET NE & BANKS PLACE NE WASHINGTON, DC 20019 UNITED STATES","No_Match","",NA
"200 BLOCK OF L STREET SW WASHINGTON, DC 20024 UNITED STATES","Match","Non_Exact","11001004402"
"6500 BLOCK OF 1ST STREET NW WASHINGTON, DC 20012 UNITED STATES","Match","Non_Exact","11001002002"
"2100 BLOCK OF 18TH STREET NW WASHINGTON, DC 20009 UNITED STATES","Match","Non_Exact","11001007703"
"1700 BLOCK OF COLUMBIA ROAD NW WASHINGTON, DC 20009 UNITED STATES","Match","Non_Exact","11001002503"
"3700-BLK 9TH ST DC, DC 20010 UNITED STATES","Match","Non_Exact","11001007808"
"200 BLOCK OF NEWCOMB STREET SE WASHINGTON, DC 20032 UNITED STATES","Match","Non_Exact","11001007804"
"1900 BLOCK OF 14TH STREET NW WASHINGTON, DC 20009 UNITED STATES","Match","Non_Exact","11001008904"
"1500 BLOCK OF MONTANA AVENUE NE WASHINGTON, DC 20018 UNITED STATES","No_Match","",NA
"1500 BLOCK OF BENNING ROAD NE WASHINGTON, DC 20002 UNITED STATES","Match","Non_Exact","11001009603"
"600 BLOCK OF GIRARD STREET NE WASHINGTON, DC 20017 UNITED STATES","Match","Non_Exact","11001002400"
"4600 BLOCK OF EAST CAPITOL STREET SE WASHINGTON, DC 20019 UNITED STATES","Match","Non_Exact","11001007407"
"5100 BLOCK OF QUEEN'S STROLL PLACE SE WASHINGTON, DC 20019 UNITED STATES","Match","Exact","11001007808"
"2700 BLOCK OF WADE ROAD SE WASHINGTON, DC 20020 UNITED STATES","Match","Non_Exact","11001010500"
"4100 BLOCK OF SOUTH CAPITOL TERRACE SW WASHINGTON, DC 20032 UNITED STATES","Match","Non_Exact","11001001702"
"900 BLOCK OF QUINCY STREET NW WASHINGTON, DC 20011 UNITED STATES","Match","Non_Exact","11001004002"
"4400 BLOCK OF WISCONSIN AVENUE NW WASHINGTON, DC 20016 UNITED STATES","Match","Non_Exact","11001003802"
"1800 BLOCK OF 28TH STREET SE WASHINGTON, DC 20020 UNITED STATES","No_Match","",NA
"2300 BLOCK OF 38TH STREET NW WASHINGTON, DC 20007 UNITED STATES","Match","Non_Exact","11001010400"
"1000 BLOCK OF 16TH STREET NE WASHINGTON, DC 20002 UNITED STATES","Match","Non_Exact","11001004300"
"1300 BLOCK OF CONGRESS STREET SE WASHINGTON, DC 20032 UNITED STATES","Match","Non_Exact","11001009102"
"5600 BLOCK OF BLAINE STREET NE WASHINGTON, DC 20019 UNITED STATES","Match","Non_Exact","11001008904"
"100 BLOCK OF SYCAMORE ROAD NE WASHINGTON, DC 20019 UNITED STATES","Match","Non_Exact","11001009201"
"300 BLOCK OF 40TH STREET NE WASHINGTON, DC 20019 UNITED STATES","No_Match","",NA
"2700 BLOCK OF SHIPLEY TERRACE SE WASHINGTON, DC 20020 UNITED STATES","No_Match","",NA
"1800 BLOCK OF T STREET SE WASHINGTON, DC 20020 UNITED STATES","Match","Non_Exact","11001007401"
"2300 BLOCK OF 15TH STREET NE WASHINGTON, DC 20018 UNITED STATES","Match","Non_Exact","11001009807"
"100 BLOCK OF POTOMAC AVENUE SW WASHINGTON, DC 20024 UNITED STATES","Match","Non_Exact","11001002503"
"2500 BLOCK OF NAYLOR ROAD SE WASHINGTON, DC 20020 UNITED STATES","Match","Non_Exact","11001001004"
"100 BLOCK OF ATLANTIC STREET SE WASHINGTON, DC 20032 UNITED STATES","Match","Non_Exact","11001007604"
"700 BLOCK OF 49TH STREET NE WASHINGTON, DC 20019 UNITED STATES","Match","Non_Exact","11001000300"
"300 BLOCK OF DIVISION AVENUE NE WASHINGTON, DC 20019 UNITED STATES","Match","Non_Exact","11001008802"
"3700 BLOCK OF HAYES STREET NE WASHINGTON, DC 20019 UNITED STATES","Match","Non_Exact","11001007304"
"SOUTH CAPITOL STREET SW & M STREET SW WASHINGTON, DC 20024 UNITED STATES","Match","Non_Exact","11001007808"
"1ST STREET SW & N STREET SW WASHINGTON, DC 20024 UNITED STATES","Match","Non_Exact","11001007804"
"800 BLOCK OF 5TH STREET NE WASHINGTON, DC 20002 UNITED STATES","Match","Non_Exact","11001009603"
"1100 BLOCK OF RAUM STREET NE WASHINGTON, DC 20002 UNITED STATES","Match","Non_Exact","11001007408"
"1900 BLOCK OF 18TH STREET NW WASHINGTON, DC 20009 UNITED STATES","Match","Non_Exact","11001007605"
"600 BLOCK OF N STREET NW WASHINGTON, DC 20001 UNITED STATES","Match","Non_Exact","11001009102"
"300 BLOCK OF 54TH STREET NE WASHINGTON, DC 20019 UNITED STATES","Match","Non_Exact","11001006400"
"700 BLOCK OF NEWTON PLACE NW WASHINGTON, DC 20010 UNITED STATES","Match","Non_Exact","11001007604"
"6000 BLOCK OF CLAY STREET NE WASHINGTON, DC 20019 UNITED STATES","Match","Non_Exact","11001009803"
"UNIT BLOCK OF GALLATIN STREET NE WASHINGTON, DC 20011 UNITED STATES","Match","Non_Exact","11001007804"
"1500 BLOCK OF C STREET NE WASHINGTON, DC 20002 UNITED STATES","Match","Non_Exact","11001007804"
"2100 BLOCK OF H STREET NE WASHINGTON, DC 20002 UNITED STATES","Match","Non_Exact","11001009602"
"300 BLOCK OF 62ND STREET NE WASHINGTON, DC 20019 UNITED STATES","Match","Non_Exact","11001010603"
"1600 BLOCK OF 27TH STREET SE WASHINGTON, DC 20020 UNITED STATES","Match","Exact","11001006400"
"1100 BLOCK OF 21ST STREET NE WASHINGTON, DC 20002 UNITED STATES","Match","Non_Exact","11001010602"
"5300 BLOCK OF DIX STREET NE WASHINGTON, DC 20019 UNITED STATES","Match","Non_Exact","11001008804"
"2700 BLOCK OF DOUGLAS PLACE SE WASHINGTON, DC 20020 UNITED STATES","Match","Non_Exact","11001004202"
"600 BLOCK OF 12TH STREET NE WASHINGTON, DC 20002 UNITED STATES","Match","Non_Exact","11001004802"
"4300 BLOCK OF 3RD STREET NW WASHINGTON, DC 20011 UNITED STATES","Match","Non_Exact","11001007808"
"P STREET NW & 20TH STREET NW WASHINGTON, DC 20036 UNITED STATES","Match","Non_Exact","11001003100"
"900 BLOCK OF K STREET NE WASHINGTON, DC 20002 UNITED STATES","Match","Non_Exact","11001007808"
"1300 BLOCK OF ORREN STREET NE WASHINGTON, DC 20002 UNITED STATES","No_Match","",NA
"1200 BLOCK OF MOUNT OLIVET ROAD NE WASHINGTON, DC 20002 UNITED STATES","No_Match","",NA
"2000 BLOCK OF I STREET NE WASHINGTON, DC 20002 UNITED STATES","Match","Non_Exact","11001007901"
"600 BLOCK OF H STREET SW WASHINGTON, DC 20024 UNITED STATES","Match","Non_Exact","11001008904"
"900 BLOCK OF FLORIDA AVENUE NW WASHINGTON, DC 20001 UNITED STATES","Match","Non_Exact","11001007808"
"1400 BLOCK OF F STREET NW WASHINGTON, DC 20004 UNITED STATES","Match","Non_Exact","11001007604"
"L STREET SE & 3RD STREET SE WASHINGTON, DC 20003 UNITED STATES","Match","Non_Exact","11001008903"
"1200 BLOCK OF 4TH STREET SE WASHINGTON, DC 20024 UNITED STATES","Match","Non_Exact","11001007808"
"4600 BLOCK OF LIVINGSTON ROAD SE WASHINGTON, DC 20032 UNITED STATES","Match","Non_Exact","11001007406"
"1000 BLOCK OF QUEBEC PLACE NW WASHINGTON, DC 20010 UNITED STATES","Match","Non_Exact","11001007808"
"4700 BLOCK OF SOUTH CAPITOL STREET SE WASHINGTON, DC 20032 UNITED STATES","Match","Non_Exact","24033801600"
"900 BLOCK OF VARNEY STREET SE WASHINGTON, DC 20032 UNITED STATES","Match","Non_Exact","11001008803"
"200 BLOCK OF 54TH STREET NE WASHINGTON, DC 20019 UNITED STATES","Match","Non_Exact","11001002801"
"1000 BLOCK OF K STREET NE WASHINGTON, DC 20002 UNITED STATES","Match","Non_Exact","11001008302"
"2100 BLOCK OF 14TH STREET NW WASHINGTON, DC 20009 UNITED STATES","Match","Non_Exact","11001002503"
"400 BLOCK OF K STREET NW WASHINGTON, DC 20001 UNITED STATES","Match","Non_Exact","11001002101"
"1100 BLOCK OF K STREET SE WASHINGTON, DC 20003 UNITED STATES","Match","Non_Exact","11001010400"
"400 BLOCK OF C STREET SW WASHINGTON, DC 20024 UNITED STATES","Match","Non_Exact","11001009302"
"800 BLOCK OF 51ST STREET SE WASHINGTON, DC 20019 UNITED STATES","Match","Non_Exact","11001007808"
"1300 BLOCK OF IRVING STREET NW WASHINGTON, DC 20010 UNITED STATES","Match","Non_Exact","11001007707"
"1200-BLK SUMNER RD DC, DC 20020 UNITED STATES","Match","Non_Exact","11001007203"
"600 BLOCK OF EMMANUEL COURT NW WASHINGTON, DC 20001 UNITED STATES","Match","Non_Exact","11001003000"
"1500 BLOCK OF ALABAMA AVENUE SE WASHINGTON, DC 20032 UNITED STATES","No_Match","",NA
"1000 BLOCK OF BLADENSBURG ROAD NE WASHINGTON, DC 20002 UNITED STATES","Match","Non_Exact","11001007401"
"1800 BLOCK OF 4TH STREET NW WASHINGTON, DC 20001 UNITED STATES","Match","Non_Exact","11001004802"
"700 BLOCK OF 21ST STREET NE WASHINGTON, DC 20002 UNITED STATES","Match","Non_Exact","11001007404"
"3900 BLOCK OF MINNESOTA AVENUE NE WASHINGTON, DC 20019 UNITED STATES","Match","Non_Exact","11001008802"
"700 BLOCK OF ATLANTIC STREET SE WASHINGTON, DC 20032 UNITED STATES","Match","Non_Exact","11001003400"
"2500 BLOCK OF BRANCH AVENUE SE WASHINGTON, DC 20020 UNITED STATES","Match","Non_Exact","11001008904"
"200 BLOCK OF V STREET NW WASHINGTON, DC 20001 UNITED STATES","Match","Non_Exact","11001009603"
"2300 BLOCK OF ALABAMA AVE DC, DC 20020 UNITED STATES","Match","Non_Exact","11001009802"
"2200 BLOCK OF U PLACE SE WASHINGTON, DC 20020 UNITED STATES","Match","Non_Exact","11001002503"
"700 BLOCK OF QUEBEC PLACE NW WASHINGTON, DC 20010 UNITED STATES","Match","Non_Exact","11001009811"
"600 BLOCK OF OTIS PLACE NW WASHINGTON, DC 20010 UNITED STATES","Match","Non_Exact","11001009700"
"100 BLOCK OF 17TH STREET SE WASHINGTON, DC 20003 UNITED STATES","Match","Non_Exact","11001007808"
"UNIT BLOCK OF SHERIDAN STREET NE WASHINGTON, DC 20011 UNITED STATES","Match","Non_Exact","11001008410"
"4000 BLOCK OF 8TH STREET SE WASHINGTON, DC 20032 UNITED STATES","Match","Non_Exact","11001004300"
"600 BLOCK OF 46TH PLACE SE WASHINGTON, DC 20019 UNITED STATES","Match","Non_Exact","11001004702"
"600 BLOCK OF EDGEWOOD STREET NE WASHINGTON, DC 20017 UNITED STATES","Match","Non_Exact","11001007100"
"2300 BLOCK OF 11TH STREET NW WASHINGTON, DC 20001 UNITED STATES","Match","Non_Exact","11001010202"
"500 BLOCK OF EDGEWOOD STREET NE WASHINGTON, DC 20017 UNITED STATES","Match","Non_Exact","11001007603"
"2300 BLOCK OF AINGER PLACE SE WASHINGTON, DC 20020 UNITED STATES","Match","Non_Exact","11001003400"
"1600 BLOCK OF MONTELLO AVENUE NE WASHINGTON, DC 20002 UNITED STATES","No_Match","",NA
"600 BLOCK OF 6TH ST NW WASHINGTON, DC 20001 UNITED STATES","Match","Non_Exact","11001007605"
"1200 BLOCK OF BLADENSBURG ROAD NE WASHINGTON, DC 20002 UNITED STATES","Match","Non_Exact","11001003200"
"4900 BLOCK OF NASH STREET NE WASHINGTON, DC 20019 UNITED STATES","Match","Non_Exact","11001003200"
"SUITLAND PARKWAY SE & ALABAMA AVENUE SE WASHINGTON, DC 20020 UNITED STATES","Match","Non_Exact","11001006801"
"12800 BLOCK OF OLD FLETCHERTOWN RD BOWIE, MD 20715 UNITED STATES","No_Match","",NA
"600 BLOCK OF U STREET NW WASHINGTON, DC 20001 UNITED STATES","Match","Non_Exact","11001009802"
"2000 BLOCK OF SAVANNAH PLACE SE WASHINGTON, DC 20020 UNITED STATES","Match","Non_Exact","11001009907"
"3700 BLOCK OF GEORGIA AVENUE NW WASHINGTON, DC 20010 UNITED STATES","Match","Non_Exact","11001009204"
"1900 BLOCK OF BENNING ROAD NE WASHINGTON, DC 20002 UNITED STATES","Match","Non_Exact","11001003600"
"4300 BLOCK OF 3RD STREET SE WASHINGTON, DC 20032 UNITED STATES","Match","Non_Exact","11001009204"
"500 BLOCK OF CHESAPEAKE STREET SE WASHINGTON, DC 20032 UNITED STATES","Match","Non_Exact","11001007502"
"3800 BLOCK OF MINNESOTA AVENUE NE WASHINGTON, DC 20019 UNITED STATES","Match","Non_Exact","11001008804"
"4200-4243 BLOCK BENNING ROAD NE WASHINGTON, DC 20019 UNITED STATES","Match","Non_Exact","11001005801"
"UNIT BLOCK OF FORRESTER STREET SW WASHINGTON, DC 20032 UNITED STATES","No_Match","",NA
"2000 BLOCK OF BENNING ROAD NE WASHINGTON, DC 20002 UNITED STATES","Match","Non_Exact","11001007806"
"700 BLOCK OF RANDOLPH ST NW WASHINGTON, D.C 20011 UNITED STATES","Match","Non_Exact","11001007603"
"2300 BLOCK OF L'ENFANT SQUARE SE WASHINGTON, DC 20020 UNITED STATES","Match","Non_Exact","24033800410"
"600 BLOCK OF CHESAPEAKE STREET SE WASHINGTON, DC 20032 UNITED STATES","Match","Non_Exact","11001003400"
"1200 BLOCK OF MEIGS PLACE NE WASHINGTON, DC 20002 UNITED STATES","Match","Non_Exact","11001007403"
"2300 BLOCK OF GOOD HOPE ROAD SE WASHINGTON, DC 20020 UNITED STATES","Match","Non_Exact","11001002503"
"2200 BLOCK OF Q STREET SE WASHINGTON, DC 20020 UNITED STATES","Match","Non_Exact","11001008904"
"2500 BLOCK OF SHERIDAN ROAD SE WASHINGTON, DC 20020 UNITED STATES","Match","Non_Exact","11001009811"
"4600 BLOCK OF HILLSIDE ROAD SE WASHINGTON, DC 20019 UNITED STATES","Match","Non_Exact","11001009802"
"1300 BLOCK OF NEW YORK AVENUE NW WASHINGTON, DC 20577 UNITED STATES","Match","Non_Exact","11001009603"
"600 BLOCK OF PENNSYLVANIA AVENUE SE WASHINGTON, DC 20003 UNITED STATES","Match","Non_Exact","11001009603"
"200 BLOCK OF 56TH PLACE NE WASHINGTON, DC 20019 UNITED STATES","No_Match","",NA
"800 BLOCK OF SOUTHERN AVENUE SE WASHINGTON, DC 20032 UNITED STATES","Match","Non_Exact","11001008904"
"1400 BLOCK OF CLIFTON STREET NW WASHINGTON, DC 20009 UNITED STATES","Match","Non_Exact","11001002400"
"724-799 BLOCK 14TH STREET NW WASHINGTON, DC 20003 UNITED STATES","Match","Non_Exact","11001007601"
"3000 BLOCK OF 14TH ST NW WASHINGTON, DC 20009 UNITED STATES","Match","Non_Exact","11001009802"
"1500 BLOCK OF MARYLAND AVENUE NE WASHINGTON, DC 20002 UNITED STATES","Match","Non_Exact","11001008804"
"800 BLOCK OF BLADENSBURG ROAD NE WASHINGTON, DC 20002 UNITED STATES","Match","Non_Exact","11001007605"
"300 BLOCK OF DELAFIELD PLACE NW WASHINGTON, DC 20011 UNITED STATES","Match","Non_Exact","11001007601"
"1100 BLOCK OF 50TH PLACE NE WASHINGTON, DC 20019 UNITED STATES","Match","Non_Exact","11001007407"
"4900 BLOCK OF MEADE STREET NE WASHINGTON, DC 20019 UNITED STATES","Match","Non_Exact","11001007707"
"2600 BLOCK OF MARTIN LUTHER KING JR AVENUE SE WASHINGTON, DC 20020 UNITED STATES","Match","Non_Exact","11001005802"
"2500 BLOCK OF BURNS STREET SE WASHINGTON, DC 20020 UNITED STATES","No_Match","",NA
"3500 BLOCK OF HERTFORD PLACE NW WASHINGTON, DC 20010 UNITED STATES","Match","Non_Exact","11001007808"
"3400 BLOCK OF 16TH STREET NW WASHINGTON, DC 20010 UNITED STATES","Match","Non_Exact","11001009811"
"4100 BLOCK OF ARKANSAS AVENUE NW WASHINGTON, DC 20011 UNITED STATES","Match","Non_Exact","11001003701"
"1800 BLOCK OF CENTRAL PLACE NE WASHINGTON, DC 20002 UNITED STATES","Match","Non_Exact","11001005802"
"5500 BLOCK OF 1ST STREET NW WASHINGTON, DC 20011 UNITED STATES","Match","Non_Exact","11001002802"
"1300 BLOCK OF FLORIDA AVENUE NE WASHINGTON, DC 20002 UNITED STATES","Match","Non_Exact","11001008903"
"UNIT BLOCK OF 35TH STREET SE WASHINGTON, DC 20019 UNITED STATES","Match","Non_Exact","11001008802"
"4900 BLOCK OF G STREET SE WASHINGTON, DC 20019 UNITED STATES","Match","Non_Exact","11001002202"
"3000 BLOCK OF 14TH STREET NE WASHINGTON, DC 20017 UNITED STATES","Match","Non_Exact","11001007806"
"3200 BLOCK OF M STREET NW WASHINGTON, DC 20007 UNITED STATES","Match","Non_Exact","11001007806"
"1400 BLOCK OF 1ST STREET NW WASHINGTON, DC 20001 UNITED STATES","Match","Non_Exact","11001007401"
"SARGENT ROAD NE & EMERSON STREET NE WASHINGTON, DC 20017 UNITED STATES","Match","Non_Exact","11001007709"
"1000 BLOCK OF T STREET NW WASHINGTON, DC 20001 UNITED STATES","Match","Non_Exact","11001002801"
"MINNESOTA AVENUE SE & M PLACE SE WASHINGTON, DC 20019 UNITED STATES","Match","Non_Exact","11001002703"
"600 BLOCK OF H STREET NW WASHINGTON, DC 20001 UNITED STATES","Match","Non_Exact","11001002504"
"4700 BLOCK OF 1ST STREET SW WASHINGTON, DC 20032 UNITED STATES","Match","Non_Exact","11001008803"
"6100 BLOCK OF BANKS PLACE NE WASHINGTON, DC 20019 UNITED STATES","Match","Non_Exact","11001002102"
"600 BLOCK OF MAURY AVE OXON HILL, MD 20745 UNITED STATES","Match","Non_Exact","11001008802"
"1800 BLOCK OF CORCORAN STREET NE WASHINGTON, DC 20002 UNITED STATES","No_Match","",NA
"1400 BLOCK OF SPRING ROAD NW WASHINGTON, DC 20010 UNITED STATES","Match","Non_Exact","11001009904"
"700 BLOCK OF 8TH STREET NE WASHINGTON, DC 20002 UNITED STATES","Match","Non_Exact","11001009804"
"4100 BLOCK OF GEORGIA AVENUE NW WASHINGTON, DC 20011 UNITED STATES","Match","Non_Exact","11001009301"
"5500 BLOCK OF 7TH STREET NW WASHINGTON, DC 20011 UNITED STATES","Match","Non_Exact","11001000202"
"2700 BLOCK OF MARTIN LUTHER KING JR AVENUE SE WASHINGTON, DC 20032 UNITED STATES","Match","Non_Exact","11001004600"
"900 BLOCK OF RHODE ISLAND AVENUE NE WASHINGTON, DC 20018 UNITED STATES","Match","Exact","11001009509"
"5300 BLOCK OF CLAY TERRACE NE WASHINGTON, DC 20019 UNITED STATES","Match","Non_Exact","11001004402"
"600 BLOCK OF L STREET SE WASHINGTON, DC 20003 UNITED STATES","Match","Exact","11001007709"
"1300 BLOCK OF NEW YORK AVENUE NE WASHINGTON, DC 20002 UNITED STATES","Match","Non_Exact","11001005801"
"3300 BLOCK OF MARTIN LUTHER KING JR AVENUE SE WASHINGTON, DC 20032 UNITED STATES","Match","Non_Exact","11001010900"
"4300 BLOCK OF SOUTHERN AVENUE SE WASHINGTON, DC 20019 UNITED STATES","Match","Non_Exact","11001003802"
"1100 BLOCK OF 46TH STREET SE WASHINGTON, DC 20019 UNITED STATES","Match","Exact","11001004300"
"3000 BLOCK OF 14TH STREET NW WASHINGTON, DC 20009 UNITED STATES","No_Match","",NA
"100 BLOCK OF 36TH STREET NE WASHINGTON, DC 20019 UNITED STATES","Match","Non_Exact","11001004901"
"5200 BLOCK OF KARL PLACE NE WASHINGTON, DC 20019 UNITED STATES","Match","Non_Exact","11001007409"
"2300 BLOCK OF GEORGIA AVENUE NW WASHINGTON, DC 20001 UNITED STATES","Match","Non_Exact","11001009802"
"4000 BLOCK OF GAULT PLACE NE WASHINGTON, DC 20019 UNITED STATES","Match","Non_Exact","11001009905"
"700 BLOCK OF 18TH STREET NE WASHINGTON, DC 20002 UNITED STATES","Match","Non_Exact","11001009504"
"4700 BLOCK OF BENNING ROAD SE WASHINGTON, DC 20019 UNITED STATES","Match","Non_Exact","11001002503"
"1000 BLOCK OF H STREET NW WASHINGTON, DC 20001 UNITED STATES","Match","Non_Exact","11001007601"
"1400 BLOCK OF L ST SE WASHINGTON, DC 20003 UNITED STATES","Match","Non_Exact","11001005802"
"1700 BLOCK OF NEW JERSEY AVENUE NW WASHINGTON, DC 20001 UNITED STATES","Tie","",NA
"800 BLOCK OF V STREET NW WASHINGTON, DC 20001 UNITED STATES","Match","Non_Exact","11001007100"
"700 BLOCK OF 11TH STREET NW WASHINGTON, DC 20001 UNITED STATES","Match","Non_Exact","11001007605"
"2200 BLOCK OF NICHOLSON STREET SE WASHINGTON, DC 20020 UNITED STATES","Match","Non_Exact","11001004801"
"1800 BLOCK OF MARYLAND AVENUE NE WASHINGTON, DC 20002 UNITED STATES","Match","Non_Exact","11001003500"
"4100-4199 BLOCK GEORGIA AVENUE NW WASHINGTON, DC 20011 UNITED STATES","Match","Non_Exact","11001005802"
"2000 BLOCK OF FORT DAVIS STREET SE WASHINGTON, DC 20020 UNITED STATES","Match","Non_Exact","11001007601"
"500 BLOCK OF 53RD STREET SE WASHINGTON, DC 20019 UNITED STATES","Match","Non_Exact","11001008903"
"1500 BLOCK OF H ST NW WASHINGTON, DC 20037 UNITED STATES","Match","Non_Exact","11001002400"
"5000 BLOCK OF NEW HAMPSHIRE AVENUE NW WASHINGTON, DC 20011 UNITED STATES","Match","Non_Exact","11001007603"
"1300-1399 BLOCK CORCORAN STREET NW WASHINGTON, DC 20009 UNITED STATES","Match","Non_Exact","11001009905"
"6TH STREET NW & H STREET NW WASHINGTON, DC 20001 UNITED STATES","Match","Non_Exact","11001009902"
"300 BLOCK OF ANACOSTIA ROAD SE WASHINGTON, DC 20019 UNITED STATES","Match","Non_Exact","11001007707"
"4000 BLOCK OF WAHLER COURT SE WASHINGTON, DC 20032 UNITED STATES","Match","Non_Exact","11001002802"
"2700 BLOCK OF NAYLOR ROAD SE WASHINGTON, DC 20020 UNITED STATES","Match","Non_Exact","11001009603"
"7TH STREET NW & T STREET NW WASHINGTON, DC 20001 UNITED STATES","Match","Non_Exact","11001007807"
"900 BLOCK OF SHEPHERD STREET NW WASHINGTON, DC 20011 UNITED STATES","Match","Non_Exact","11001003500"
"1600 BLOCK OF GALES STREET NE WASHINGTON, DC 20002 UNITED STATES","Match","Non_Exact","11001007803"
"600 BLOCK OF 10TH STREET NE WASHINGTON, DC 20002 UNITED STATES","Match","Non_Exact","11001007901"
"UNIT BLOCK OF K STREET NW WASHINGTON, DC 20001 UNITED STATES","Match","Non_Exact","11001009904"
"MINNESOTA AVENUE NE & CLAY PLACE NE WASHINGTON, DC 20019 UNITED STATES","Match","Non_Exact","11001010100"
"3600 BLOCK OF 11TH STREET NW WASHINGTON, DC 20010 UNITED STATES","Match","Non_Exact","11001002202"
"1900 BLOCK OF 18TH STREET SE WASHINGTON, DC 20020 UNITED STATES","Match","Non_Exact","11001005001"
"2200 BLOCK OF 13TH STREET NE WASHINGTON, DC 20018 UNITED STATES","Match","Exact","11001005801"
"4200 BLOCK OF EDSON PLACE NE WASHINGTON, DC 20019 UNITED STATES","Match","Non_Exact","11001007703"
"1900 BLOCK OF GALES STREET NE WASHINGTON, DC 20002 UNITED STATES","Match","Non_Exact","11001009700"
"1600 BLOCK OF 21ST PLACE SE WASHINGTON, DC 20020 UNITED STATES","Match","Non_Exact","11001007603"
"400 BLOCK OF MASSACHUSETTS AVENUE NW WASHINGTON, DC 20001 UNITED STATES","Match","Exact","11001004402"
"3500 BLOCK OF JAY STREET NE WASHINGTON, DC 20019 UNITED STATES","Match","Non_Exact","11001002503"
"3400 BLOCK OF BENNING ROAD NE WASHINGTON, DC 20019 UNITED STATES","Match","Non_Exact","11001007901"
"1800 BLOCK OF GOOD HOPE ROAD SE WASHINGTON, DC 20020 UNITED STATES","Match","Non_Exact","11001008402"
"I695 DC, WASHINGTON 20003 UNITED STATES","No_Match","",NA
"1700 BLOCK OF H STREET NE WASHINGTON, DC 20002 UNITED STATES","Match","Exact","11001009603"
"1500 BLOCK OF TRINIDAD AVENUE NE WASHINGTON, DC 20002 UNITED STATES","Match","Non_Exact","11001002900"
"2200 BLOCK OF SAVANNAH TERRACE SE WASHINGTON, DC 20020 UNITED STATES","Match","Non_Exact","11001007605"
"3100 BLOCK OF BUENA VISTA TERRACE SE WASHINGTON, DC 20020 UNITED STATES","Match","Non_Exact","11001009102"
"500 BLOCK OF PARKLAND PLACE SE WASHINGTON, DC 20032 UNITED STATES","Match","Non_Exact","11001007803"
"H STREET NE & 14TH STREET NE WASHINGTON, DC 20002 UNITED STATES","Match","Non_Exact","11001007903"
"1100 BLOCK OF 4TH STREET SW WASHINGTON, DC 20024 UNITED STATES","Match","Non_Exact","11001007601"
"1200 BLOCK OF MOUNT OLIVET ROAD NE WASHINGTON, D.C. 20002 UNITED STATES","Match","Non_Exact","11001005900"
"5200 BLOCK OF A STREET SE WASHINGTON, DC 20019 UNITED STATES","No_Match","",NA
"2000 BLOCK OF 19TH PLACE SE WASHINGTON, DC 20020 UNITED STATES","Match","Non_Exact","11001009602"
"4800 BLOCK OF ALABAMA AVENUE SE WASHINGTON, DC 20019 UNITED STATES","Match","Non_Exact","11001007605"
"4400 BLOCK OF FALLS TERRACE SE WASHINGTON, DC 20019 UNITED STATES","No_Match","",NA
"300 BLOCK OF 63RD STREET NE WASHINGTON, DC 20019 UNITED STATES","Match","Non_Exact","11001008904"
"4500 BLOCK OF BENNING ROAD SE WASHINGTON, DC 20019 UNITED STATES","Match","Non_Exact","11001008802"
"1400 BLOCK OF SARATOGA AVENUE NE WASHINGTON, DC 20018 UNITED STATES","Match","Non_Exact","11001007403"
"1600 BLOCK OF WEST VIRGINIA AVENUE NE WASHINGTON, DC 20002 UNITED STATES","Match","Non_Exact","11001007408"
"BENNING ROAD NE & OKLAHOMA AVENUE NE WASHINGTON, DC 20002 UNITED STATES","Match","Non_Exact","11001010400"
"500 BLOCK OF U STREET NW WASHINGTON, DC 20001 UNITED STATES","Match","Exact","11001008410"
"1100 BLOCK OF 2ND PLACE SE WASHINGTON, DC 20003 UNITED STATES","Match","Non_Exact","11001010201"
"200 BLOCK OF 20TH STREET NE WASHINGTON, DC 20002 UNITED STATES","Match","Non_Exact","11001008804"
"UNIT BLOCK OF O STREET NW WASHINGTON, DC 20001 UNITED STATES","Match","Non_Exact","11001009905"
"5300 BLOCK OF BASS PLACE SE WASHINGTON, DC 20019 UNITED STATES","Match","Non_Exact","11001007504"
"900 BLOCK OF T STREET NW WASHINGTON, DC 20001 UNITED STATES","Match","Non_Exact","11001009907"
"1800 BLOCK OF VERMONT AVENUE NW WASHINGTON, DC 20001 UNITED STATES","Match","Non_Exact","11001009907"
"1600 BLOCK OF MONTANA AVENUE NE WASHINGTON, DC 20018 UNITED STATES","Match","Non_Exact","11001007808"
"1600 BLOCK OF 6TH STREET NW WASHINGTON, DC 20001 UNITED STATES","Match","Non_Exact","11001009906"
"I395 WASHINGTON, DC 20004 UNITED STATES","Match","Non_Exact","11001009102"
"1900 BLOCK OF 9TH STREET NW WASHINGTON, DC 20001 UNITED STATES","Match","Non_Exact","11001008803"
"4800 BLOCK OF LEE STREET NE WASHINGTON, DC 20019 UNITED STATES","Match","Exact","11001007903"
"2700 BLOCK OF LANGSTON PLACE SE WASHINGTON, DC 20020 UNITED STATES","Match","Non_Exact","11001003400"
"2100 BLOCK OF ALABAMA AVENUE SE WASHINGTON, DC 20020 UNITED STATES","Match","Non_Exact","11001007203"
"1600 BLOCK OF 28TH STREET SE WASHINGTON, DC 20020 UNITED STATES","Match","Non_Exact","11001008002"
"1700 BLOCK OF 27TH STREET SE WASHINGTON, DC 20020 UNITED STATES","No_Match","",NA
"3500 BLOCK OF EAST CAPITOL STREET NE WASHINGTON, DC 20019 UNITED STATES","Match","Non_Exact","11001009905"
"3700 BLOCK OF HAREWOOD ROAD NE WASHINGTON, DC 20064 UNITED STATES","Match","Non_Exact","11001004402"
"2400 BLOCK OF SOUTHERN AVENUE SE WASHINGTON, DC 20020 UNITED STATES","Match","Non_Exact","11001004402"
"2700 BLOCK OF 7TH STREET NE WASHINGTON, DC 20017 UNITED STATES","Match","Non_Exact","11001009102"
"800 BLOCK OF 6TH STREET NW WASHINGTON, DC 20001 UNITED STATES","Match","Non_Exact","11001004801"
"H STREET NW & 7TH STREET NW WASHINGTON, DC 20001 UNITED STATES","No_Match","",NA
"5000 BLOCK OF JAY STREET NE WASHINGTON, DC 20019 UNITED STATES","Match","Non_Exact","11001004402"
"2400 BLOCK OF WASHINGTON PLACE NE WASHINGTON, DC 20018 UNITED STATES","Match","Non_Exact","11001007806"
"1700 BLOCK OF FENWICK STREET NE WASHINGTON, DC 20002 UNITED STATES","Match","Non_Exact","11001007408"
"1600 BLOCK OF KRAMER STREET NE WASHINGTON, DC 20002 UNITED STATES","Match","Non_Exact","11001007404"
"2600 BLOCK OF BLADENSBURG ROAD NE WASHINGTON, DC 20018 UNITED STATES","Match","Non_Exact","11001007604"
"2500 BLOCK OF 17TH STREET NW WASHINGTON, DC 20009 UNITED STATES","Match","Non_Exact","11001007604"
"U STREET NW & 14TH STREET NW WASHINGTON, DC 20009 UNITED STATES","Match","Non_Exact","11001009603"
"UNIT BLOCK OF L STREET NW WASHINGTON, DC 20001 UNITED STATES","No_Match","",NA
"1700 BLOCK OF 8TH STREET NW WASHINGTON, DC 20001 UNITED STATES","Match","Non_Exact","11001007409"
"3500 BLOCK OF STANTON ROAD SE WASHINGTON, DC 20020 UNITED STATES","Match","Non_Exact","11001007708"
"400 BLOCK OF CHESAPEAKE STREET SE WASHINGTON, DC 20032 UNITED STATES","Match","Non_Exact","11001009204"
"100 BLOCK OF 53RD STREET SE WASHINGTON, DC 20019 UNITED STATES","Match","Non_Exact","11001005801"
"800 BLOCK OF TAYLOR STREET NE WASHINGTON, DC 20017 UNITED STATES","Match","Exact","11001005801"
"3800 BLOCK OF KANSAS AVENUE NW WASHINGTON, DC 20011 UNITED STATES","Match","Non_Exact","11001007809"
"1500 BLOCK OF 23RD STREET SE WASHINGTON, DC 20020 UNITED STATES","No_Match","",NA
"14TH STREET NW & EUCLID STREET NW WASHINGTON, DC 20009 UNITED STATES","Match","Non_Exact","11001008804"
"1900 BLOCK OF GOOD HOPE ROAD SE WASHINGTON, DC 20020 UNITED STATES","Match","Non_Exact","11001007901"
"3500 BLOCK OF A STREET SE WASHINGTON, DC 20019 UNITED STATES","Match","Non_Exact","11001011100"
"1000 BLOCK OF 17TH STREET NE WASHINGTON, DC 20002 UNITED STATES","Match","Non_Exact","11001003100"
"3300 BLOCK OF 22ND STREET NE WASHINGTON, DC 20018 UNITED STATES","Match","Non_Exact","11001002503"
"300 BLOCK OF L STREET SE WASHINGTON, DC 20003 UNITED STATES","Match","Non_Exact","11001001100"
"1000 BLOCK OF 5TH STREET NE WASHINGTON, DC 20002 UNITED STATES","No_Match","",NA
"4400 BLOCK OF BENNING ROAD NE WASHINGTON, DC 20019 UNITED STATES","Match","Non_Exact","11001007807"
"800 BLOCK OF 7TH STREET NW WASHINGTON, DC 20001 UNITED STATES","No_Match","",NA
"500 BLOCK OF FLORIDA AVENUE NE WASHINGTON, DC 20002 UNITED STATES","Match","Non_Exact","11001001002"
"2500 BLOCK OF 24TH STREET NE WASHINGTON, DC 20018 UNITED STATES","Match","Non_Exact","11001009301"
"50TH STREET SE & BASS PLACE SE WASHINGTON, DC 20019 UNITED STATES","Match","Non_Exact","11001010700"
"200 BLOCK OF FLORIDA AVENUE NE WASHINGTON, DC 20002 UNITED STATES","No_Match","",NA
"400 BLOCK OF L STREET NW WASHINGTON, DC 20001 UNITED STATES","Match","Non_Exact","11001008702"
"UNIT BLOCK OF GALVESTON STREET SW WASHINGTON, DC 20032 UNITED STATES","Match","Non_Exact","11001009604"
"100 BLOCK OF 35TH STREET SE WASHINGTON, DC 20019 UNITED STATES","Match","Non_Exact","11001004703"
"3600 BLOCK OF 14TH STREET NW WASHINGTON, DC 20010 UNITED STATES","No_Match","",NA
"UNIT BLOCK OF MASSACHUSETTS AVENUE NE WASHINGTON, DC 20002 UNITED STATES","No_Match","",NA
"1900 BLOCK OF OTIS STREET NE WASHINGTON, DC 20018 UNITED STATES","Match","Non_Exact","11001007708"
"2600 BLOCK OF BOWEN ROAD SE WASHINGTON, DC 20020 UNITED STATES","Match","Non_Exact","11001002801"
"1200 BLOCK OF HALF STREET SE WASHINGTON, DC 20003 UNITED STATES","No_Match","",NA
"1400 BLOCK OF HOLBROOK STREET NE WASHINGTON, DC 20002 UNITED STATES","Match","Non_Exact","11001009400"
"1900 BLOCK OF U PLACE SE WASHINGTON, DC 20020 UNITED STATES","Match","Non_Exact","11001007407"
"700 BLOCK OF 5TH STREET NW WASHINGTON, DC 20001 UNITED STATES","Match","Non_Exact","11001007201"
"1900 BLOCK OF 14TH STREET SE WASHINGTON, DC 20020 UNITED STATES","Match","Non_Exact","11001008802"
"600 BLOCK OF BOHRER ST WASHINGTON, DC 20001 UNITED STATES","Match","Non_Exact","11001008903"
"300 BLOCK OF P STREET SW WASHINGTON, DC 20024 UNITED STATES","Match","Non_Exact","11001009400"
"1000 BLOCK OF 2ND STREET NE WASHINGTON, DC 20002 UNITED STATES","Match","Non_Exact","11001007203"
"1000 BLOCK OF NORTH CAPITOL STREET NE WASHINGTON, DC 20002 UNITED STATES","Match","Non_Exact","11001010602"
"1600 BLOCK OF ROSEDALE STREET NE WASHINGTON, DC 20002 UNITED STATES","Match","Non_Exact","11001007803"
"700 BLOCK OF MALCOLM X AVENUE SE WASHINGTON, DC 20032 UNITED STATES","Match","Non_Exact","11001005802"
"1500 BLOCK OF U STREET NW WASHINGTON, DC 20009 UNITED STATES","Match","Non_Exact","11001008803"
"600-699 BLOCK 17TH STREET NW WASHINGTON, DC 20002 UNITED STATES","Match","Non_Exact","11001011100"
"2200 BLOCK OF BLADENSBURG ROAD NE WASHINGTON, DC 20018 UNITED STATES","Match","Exact","11001009904"
"1300 BLOCK OF PERRY PLACE NW WASHINGTON, DC 20010 UNITED STATES","Match","Non_Exact","11001007605"
"1600 BLOCK OF BENNING ROAD NE WASHINGTON, DC 20002 UNITED STATES","Match","Non_Exact","11001005801"
"1200 BLOCK OF CLIFTON STREET NW WASHINGTON, DC 20009 UNITED STATES","Match","Non_Exact","11001007601"
"1700 BLOCK OF E STREET NE WASHINGTON, DC 20002 UNITED STATES","No_Match","",NA
"200 BLOCK OF 35TH STREET NE WASHINGTON, DC 20019 UNITED STATES","No_Match","",NA
"1300 BLOCK OF QUEEN STREET NE WASHINGTON, DC 20002 UNITED STATES","Match","Non_Exact","11001010602"
"4100 BLOCK OF LEE STREET NE WASHINGTON, DC 20019 UNITED STATES","Match","Non_Exact","11001004704"
"1100 BLOCK OF CONNECTICUT AVENUE NW WASHINGTON, DC 20036 UNITED STATES","Match","Non_Exact","11001007901"
"2300 BLOCK OF 14TH STREET NW WASHINGTON, DC 20009 UNITED STATES","Match","Non_Exact","11001010400"
"1700 BLOCK OF EASTERN AVE NE HYATTSVILLE, MD 20781 UNITED STATES","Match","Non_Exact","11001004300"
"800 BLOCK OF 49TH STREET NE WASHINGTON, DC 20019 UNITED STATES","Match","Non_Exact","11001980000"
"9TH PLACE NW & QUINCY STREET NW WASHINGTON, DC 20011 UNITED STATES","Match","Non_Exact","11001011100"
"BRANDYWINE STREET SE & 6TH STREET SE WASHINGTON, DC 20032 UNITED STATES","Match","Non_Exact","11001002900"
"300 BLOCK OF RHODE ISLAND AVENUE NW WASHINGTON, DC 20001 UNITED STATES","Match","Non_Exact","11001008904"
"4000 BLOCK OF GEORGIA AVENUE NW WASHINGTON, DC 20011 UNITED STATES","Match","Non_Exact","11001003600"
"600 BLOCK OF I STREET NW WASHINGTON, DC 20001 UNITED STATES","Match","Non_Exact","11001007901"
"2000 BLOCK OF FLAGLER PLACE NW WASHINGTON, DC 20001 UNITED STATES","Match","Non_Exact","11001009603"
"5000 BLOCK OF FITCH PLACE NE WASHINGTON, DC 20019 UNITED STATES","Match","Non_Exact","11001008804"
"2200 BLOCK OF 10TH STREET NW WASHINGTON, DC 20001 UNITED STATES","Match","Non_Exact","11001009601"
"2700-2799 BLOCK ORDWAY STREET NW WASHINGTON, DC 20008 UNITED STATES","Match","Non_Exact","11001010700"
"5400-5499 BLOCK 27TH STREET NW WASHINGTON, DC 20015 UNITED STATES","Match","Non_Exact","11001003701"
"1ST PLACE NW & M STREET NW WASHINGTON, DC 20001 UNITED STATES","No_Match","",NA
"3700 BLOCK OF MARTIN LUTHER KING JR AVENUE SE WASHINGTON, DC 20032 UNITED STATES","Match","Non_Exact","11001007809"
"4300 BLOCK OF NANNIE HELEN BURROUGHS AVENUE NE WASHINGTON, DC 20019 UNITED STATES","Match","Exact","11001002503"
"5700 BLOCK OF EAST CAPITOL ST WASHINGTON, DC 20019 UNITED STATES","Match","Exact","11001009802"
"1200 BLOCK OF WISCONSIN AVENUE NW WASHINGTON, DC 20007 UNITED STATES","Match","Non_Exact","11001003400"
"5000 BLOCK OF SOUTHERN AVENUE SE WASHINGTON, DC 20019 UNITED STATES","No_Match","",NA
"5100 BLOCK OF ASTOR PLACE SE WASHINGTON, DC 20019 UNITED STATES","Match","Non_Exact","11001005801"
"1600 BLOCK OF K STREET NW WASHINGTON, DC 20006 UNITED STATES","Match","Non_Exact","11001003301"
"1600 BLOCK OF CONNECTICUT AVENUE NW WASHINGTON, DC 20009 UNITED STATES","Match","Non_Exact","11001007804"
"4000 BLOCK OF 4TH STREET SE WASHINGTON, DC 20032 UNITED STATES","Match","Non_Exact","11001004401"
"3200 BLOCK OF 11TH PLACE SE WASHINGTON, DC 20032 UNITED STATES","Match","Non_Exact","11001001304"
"MARTIN LUTHER KING JR AVENUE SE & HALLEY PLACE SE WASHINGTON, DC 20032 UNITED STATES","Match","Non_Exact","11001001500"
"H STREET NW & 5TH STREET NW WASHINGTON, DC 20001 UNITED STATES","Match","Exact","11001004704"
"6300 BLOCK OF 5TH STREET NW WASHINGTON, DC 20011 UNITED STATES","Match","Non_Exact","11001009803"
"5900 BLOCK OF GEORGIA AVENUE NW WASHINGTON, DC 20011 UNITED STATES","Match","Non_Exact","11001007809"
"2500 BLOCK OF 1ST STREET NW WASHINGTON, DC 20001 UNITED STATES","No_Match","",NA
"1300 BLOCK OF U STREET NW WASHINGTON, DC 20009 UNITED STATES","Match","Non_Exact","11001000202"
"1800 BLOCK OF MASSACHUSETTS AVENUE NW WASHINGTON, DC 20036 UNITED STATES","Match","Non_Exact","11001007707"
"1300-BLK BLADENSBURG RD WASHINGTON, DC 20002 UNITED STATES","Match","Non_Exact","11001009905"
"2400 BLOCK OF ALABAMA AVENUE SE WASHINGTON, DC 20020 UNITED STATES","Match","Non_Exact","11001010700"
"1900 BLOCK OF BLADENSBURG ROAD NE WASHINGTON, DC 20002 UNITED STATES","No_Match","",NA
"5100 BLOCK OF HANNA PLACE SE WASHINGTON, DC 20019 UNITED STATES","Match","Non_Exact","11001009802"
"3200 BLOCK OF 23RD STREET SE WASHINGTON, DC 20020 UNITED STATES","Match","Non_Exact","11001007304"
"3100 BLOCK OF MOUNT PLEASANT STREET NW WASHINGTON, DC 20010 UNITED STATES","No_Match","",NA
"5100 BLOCK OF 27TH STREET NW WASHINGTON, DC 20008 UNITED STATES","Match","Exact","11001005801"
"5000 BLOCK OF IVORY WALTERS LANE SE WASHINGTON, DC 20019 UNITED STATES","Match","Non_Exact","11001001901"
"UNIT BLOCK OF KENILWORTH AVENUE NE WASHINGTON, DC 20019 UNITED STATES","Match","Non_Exact","11001001804"
"100 BLOCK OF CARROLL STREET NW WASHINGTON, DC 20012 UNITED STATES","Match","Non_Exact","11001003400"
"3600 BLOCK OF MINNESOTA AVENUE SE WASHINGTON, DC 20019 UNITED STATES","Match","Non_Exact","11001004402"
"4000 BLOCK OF MARTIN LUTHER KING JR AVENUE SW WASHINGTON, DC 20032 UNITED STATES","Match","Non_Exact","11001010700"
"1300 BLOCK OF FAIRMONT STREET NW WASHINGTON, DC 20009 UNITED STATES","Match","Non_Exact","11001008804"
"RIDGE ROAD SE & ANACOSTIA ROAD SE WASHINGTON, DC 20019 UNITED STATES","Match","Non_Exact","11001007408"
"2800 BLOCK OF POMEROY ROAD SE WASHINGTON, DC 20020 UNITED STATES","Match","Non_Exact","11001011100"
"1700 BLOCK OF FAIRLAWN AVENUE SE WASHINGTON, DC 20020 UNITED STATES","Match","Non_Exact","11001007707"
"1900 BLOCK OF 16TH STREET SE WASHINGTON, DC 20020 UNITED STATES","Match","Non_Exact","11001007403"
"3200 BLOCK OF GEORGIA AVENUE NW WASHINGTON, DC 20010 UNITED STATES","Match","Non_Exact","11001002702"
"3700 BLOCK OF 10TH STREET NW WASHINGTON, DC 20010 UNITED STATES","Match","Non_Exact","11001001402"
"5000-5099 BLOCK NEBRASKA AVENUE NW WASHINGTON, DC 20008 UNITED STATES","Match","Non_Exact","11001009904"
"1300 BLOCK OF ORREN WASHINGTON, DC 20020 UNITED STATES","No_Match","",NA
"800 BLOCK OF EASTERN AVENUE NE WASHINGTON, DC 20019 UNITED STATES","No_Match","",NA
"500 BLOCK OF 12TH STREET NW WASHINGTON, DC 20004 UNITED STATES","Match","Non_Exact","11001001702"
"4300-4326 BLOCK WISCONSIN AVENUE NW WASHINGTON, DC 20016 UNITED STATES","Match","Non_Exact","11001007708"
"1400 BLOCK OF RHODE ISLAND AVENUE NE WASHINGTON, DC 20018 UNITED STATES","Match","Non_Exact","11001009807"
"1200-1217 BLOCK 18TH STREET NW WASHINGTON, DC 20036 UNITED STATES","Match","Non_Exact","11001003600"
"UNIT BLOCK OF I STREET SE WASHINGTON, DC 20003 UNITED STATES","Match","Exact","11001007703"
"200 BLOCK OF KENILWORTH AVENUE NE WASHINGTON, DC 20019 UNITED STATES","Match","Non_Exact","11001007401"
"4900 BLOCK OF ALABAMA AVENUE SE WASHINGTON, DC 20019 UNITED STATES","Match","Non_Exact","11001007601"
"1000 BLOCK OF O STREET SE WASHINGTON, DC 20374 UNITED STATES","Match","Non_Exact","11001007605"
"200 BLOCK OF 36TH STREET SE WASHINGTON, DC 20019 UNITED STATES","Match","Non_Exact","11001008402"
"2300 BLOCK OF SOUTH DAKOTA AVENUE NE WASHINGTON, DC 20018 UNITED STATES","Match","Non_Exact","11001004402"
"200 BLOCK OF I STREET SW WASHINGTON, DC 20024 UNITED STATES","Match","Non_Exact","11001009803"
"5200 BLOCK OF FITCH STREET SE WASHINGTON, DC 20019 UNITED STATES","Match","Exact","11001004401"
"1200 BLOCK OF 13TH STREET NW WASHINGTON, DC 20005 UNITED STATES","Match","Non_Exact","11001003600"
"4000 BLOCK OF KANSAS AVENUE NW WASHINGTON, DC 20011 UNITED STATES","Match","Non_Exact","11001004402"
"1000 BLOCK OF 17TH PLACE NE WASHINGTON, DC 20002 UNITED STATES","Match","Non_Exact","11001002002"
"200 BLOCK OF RHODE ISLAND AVENUE NW WASHINGTON, DC 20001 UNITED STATES","Match","Non_Exact","11001007807"
"1100 BLOCK OF 49TH STREET NE WASHINGTON, DC 20019 UNITED STATES","Match","Non_Exact","11001009400"
"4300 BLOCK OF 4TH STREET SE WASHINGTON, DC 20032 UNITED STATES","Match","Non_Exact","11001011100"
"1000 BLOCK OF U STREET NW WASHINGTON, DC 20001 UNITED STATES","No_Match","",NA
"1400 BLOCK OF MERIDIAN PLACE NW WASHINGTON, DC 20010 UNITED STATES","No_Match","",NA
"4300 BLOCK OF PONDS STREET NE WASHINGTON, DC 20019 UNITED STATES","Match","Non_Exact","11001004402"
"1200 BLOCK OF TRINIDAD AVENUE NE WASHINGTON, DC 20002 UNITED STATES","Match","Non_Exact","11001007803"
"3600 BLOCK OF 10TH STREET NW WASHINGTON, DC 20010 UNITED STATES","Match","Non_Exact","11001002801"
"1800 BLOCK OF 2ND STREET NW WASHINGTON, DC 20001 UNITED STATES","Match","Non_Exact","11001009601"
"1900 BLOCK OF D STREET SE WASHINGTON, DC 20003 UNITED STATES","Match","Non_Exact","11001008802"
"100 BLOCK OF R STREET NE WASHINGTON, DC 20002 UNITED STATES","Match","Non_Exact","11001002900"
"3100 BLOCK OF 16TH STREET NW WASHINGTON, DC 20010 UNITED STATES","Match","Non_Exact","11001003400"
"5TH STREET NE & NEAL PLACE NE WASHINGTON, DC 20002 UNITED STATES","No_Match","",NA
"700 BLOCK OF PARK ROAD NW WASHINGTON, DC 20010 UNITED STATES","Match","Non_Exact","11001008701"
"4800 BLOCK OF NANNIE HELEN BURROUGHS AVENUE NE WASHINGTON, DC 20019 UNITED STATES","Match","Non_Exact","11001002702"
"300 BLOCK OF 34TH STREET SE WASHINGTON, DC 20019 UNITED STATES","Match","Non_Exact","11001007703"
"5000 BLOCK OF BENNING ROAD SE WASHINGTON, DC 20019 UNITED STATES","Match","Non_Exact","11001011100"
"INTERSTATE 295 INTERSTATE BN WASHINGTON, DC 20032 UNITED STATES","Match","Non_Exact","11001010500"
"1800 BLOCK OF WYOMING AVENUE NW WASHINGTON, DC 20009 UNITED STATES","Match","Non_Exact","11001009905"
"600 BLOCK OF  PENNSYLVANIA AVENUE SE WASHINGTON, DC 20003 UNITED STATES","Match","Non_Exact","11001005003"
"1900 BLOCK OF  16TH STREET SE WASHINGTON, DC 20020 UNITED STATES","Match","Non_Exact","11001002503"
"4600 BLOCK OF  SOUTH CAPITOL STREET SW WASHINGTON, DC 20032 UNITED STATES","Match","Non_Exact","11001008903"
"1300 BLOCK OF  U STREET NW WASHINGTON, DC 20009 UNITED STATES","Match","Non_Exact","11001003400"
"1900 BLOCK OF  9TH STREET NW WASHINGTON, DC 20001 UNITED STATES","Match","Non_Exact","11001007806"
"3600 BLOCK OF  FULTON STREET NW WASHINGTON, DC 20007 UNITED STATES","Match","Exact","11001008803"
"4700 BLOCK OF  SOUTH CAPITOL STREET SE WASHINGTON, DC 20032 UNITED STATES","Match","Non_Exact","11001003100"
"1500 BLOCK OF  MARYLAND AVENUE NE WASHINGTON, DC 20002 UNITED STATES","Match","Non_Exact","11001007804"
"900 BLOCK OF  PALMER ALLEY NW WASHINGTON, DC 20001 UNITED STATES","Match","Non_Exact","11001007708"
"2600 BLOCK OF  MARTIN LUTHER KING JR AVENUE SE WASHINGTON, DC 20020 UNITED STATES","Match","Non_Exact","11001007707"
"5000 BLOCK OF  BASS PLACE SE WASHINGTON, DC 20019 UNITED STATES","Tie","",NA
"1300 BLOCK OF  ORREN STREET NE WASHINGTON, DC 20002 UNITED STATES","Match","Non_Exact","11001004002"
"7TH STREET NW & PENNSYLVANIA AVENUE NW WASHINGTON, DC 20004 UNITED STATES","No_Match","",NA
"2600 BLOCK OF  NAYLOR ROAD SE WASHINGTON, DC 20020 UNITED STATES","Match","Non_Exact","11001007605"
"4900 BLOCK OF  ALABAMA AVENUE SE WASHINGTON, DC 20019 UNITED STATES","Match","Non_Exact","11001009810"
"5000 BLOCK OF  SHEPHERD PARKWAY SW WASHINGTON, DC 20032 UNITED STATES","Match","Non_Exact","11001004402"
"1700 BLOCK OF  MARYLAND AVENUE NE WASHINGTON, DC 20002 UNITED STATES","Match","Non_Exact","11001004402"
"UNIT BLOCK OF  BASS CIRCLE SE WASHINGTON, DC 20019 UNITED STATES","Match","Non_Exact","11001000400"
"5200 BLOCK OF  CLAY STREET NE WASHINGTON, DC 20019 UNITED STATES","Match","Non_Exact","11001009811"
"4600 BLOCK OF  BENNING ROAD SE WASHINGTON, DC 20019 UNITED STATES","Match","Non_Exact","11001008903"
"1400 BLOCK OF  CLIFTON STREET NW WASHINGTON, DC 20009 UNITED STATES","No_Match","",NA
"300 BLOCK OF  P STREET SW WASHINGTON, DC 20024 UNITED STATES","Match","Non_Exact","11001007401"
"2500 BLOCK OF  17TH STREET NW WASHINGTON, DC 20009 UNITED STATES","Match","Non_Exact","11001009904"
"2700 BLOCK OF  LANGSTON PLACE SE WASHINGTON, DC 20020 UNITED STATES","Match","Non_Exact","11001008802"
"3300 BLOCK OF  C STREET SE WASHINGTON, DC 20019 UNITED STATES","Match","Exact","11001980000"
"1300 BLOCK OF  5TH STREET NW WASHINGTON, DC 20001 UNITED STATES","No_Match","",NA
"1400 BLOCK OF  NORTH CAPITOL STREET NW WASHINGTON, DC 20002 UNITED STATES","No_Match","",NA
"400 BLOCK OF  W STREET NE WASHINGTON, DC 20002 UNITED STATES","Match","Non_Exact","11001010900"
"2700 BLOCK OF  BLADENSBURG ROAD NE WASHINGTON, DC 20018 UNITED STATES","Match","Non_Exact","11001008903"
"UNIT BLOCK OF  I STREET SW WASHINGTON, DC 20024 UNITED STATES","No_Match","",NA
"1200 BLOCK OF  CLIFTON STREET NW WASHINGTON, DC 20009 UNITED STATES","Match","Non_Exact","11001007808"
"700 BLOCK OF  FAIRMONT STREET NW WASHINGTON, DC 20001 UNITED STATES","Match","Non_Exact","11001009906"
"13TH STREET NW & IRVING STREET NW WASHINGTON, DC 20009 UNITED STATES","Match","Non_Exact","11001003701"
"800 BLOCK OF  CHESAPEAKE STREET SE WASHINGTON, DC 20032 UNITED STATES","No_Match","",NA
"2200 BLOCK OF  ALABAMA AVENUE SE WASHINGTON, DC 20020 UNITED STATES","Match","Non_Exact","11001003802"
"1300 BLOCK OF  18TH STREET NW WASHINGTON, DC 20036 UNITED STATES","Match","Non_Exact","11001007408"
"6000 BLOCK OF  SLIGO MILL ROAD NE WASHINGTON, DC 20011 UNITED STATES","Match","Non_Exact","11001007708"
"800 BLOCK OF  KENILWORTH AVENUE NE WASHINGTON, DC 20019 UNITED STATES","Match","Non_Exact","11001004802"
"800 BLOCK OF  XENIA STREET SE WASHINGTON, DC 20032 UNITED STATES","Match","Non_Exact","11001004600"
"2800 BLOCK OF  ALABAMA AVENUE SE WASHINGTON, DC 20020 UNITED STATES","Match","Non_Exact","11001008702"
"3900 BLOCK OF  MINNESOTA AVENUE NE WASHINGTON, DC 20019 UNITED STATES","Match","Non_Exact","11001011100"
"1500 BLOCK OF  ALABAMA AVENUE SE WASHINGTON, DC 20032 UNITED STATES","No_Match","",NA
"1500 BLOCK OF  MONTANA AVENUE NE WASHINGTON, DC 20018 UNITED STATES","Match","Non_Exact","11001003600"
"900 BLOCK OF  RHODE ISLAND AVE NE WASHINGTON, DC 20018 UNITED STATES","Match","Non_Exact","11001003500"
"700 BLOCK OF  PARK ROAD NW WASHINGTON, DC 20010 UNITED STATES","Match","Exact","11001003000"
"1500 BLOCK OF  NEW YORK AVENUE NE WASHINGTON, DC 20002 UNITED STATES","Match","Non_Exact","11001009700"
"5700 BLOCK OF  CENTRAL AVENUE SE WASHINGTON, DC 20019 UNITED STATES","Match","Non_Exact","11001007404"
"900 BLOCK OF  BLADENSBURG ROAD NE WASHINGTON, DC 20002 UNITED STATES","Match","Non_Exact","11001010700"
"1400 BLOCK OF  H STREET NE WASHINGTON, DC 20002 UNITED STATES","Match","Non_Exact","11001009505"
"1300 BLOCK OF  JEFFERSON STREET NW WASHINGTON, DC 20011 UNITED STATES","Match","Non_Exact","11001009602"
"900 BLOCK OF  F STREET NE WASHINGTON, DC 20002 UNITED STATES","Match","Non_Exact","11001009801"
"14TH STREET NW & BELMONT STREET NW WASHINGTON, DC 20009 UNITED STATES","Match","Non_Exact","11001007604"
"4600 BLOCK OF  LIVINGSTON ROAD SE WASHINGTON, DC 20032 UNITED STATES","Match","Non_Exact","11001009603"
"5200 BLOCK OF  A STREET SE WASHINGTON, DC 20019 UNITED STATES","Match","Non_Exact","11001007404"
"1700 BLOCK OF  NEW YORK AVENUE NE WASHINGTON, DC 20002 UNITED STATES","Match","Non_Exact","11001009102"
"3700 BLOCK OF  MINNESOTA AVENUE NE WASHINGTON, DC 20019 UNITED STATES","Match","Non_Exact","11001009302"
"600 BLOCK OF  LONGFELLOW STREET NW WASHINGTON, DC 20011 UNITED STATES","Match","Non_Exact","11001003100"
"1700 BLOCK OF  BENNING ROAD NE WASHINGTON, DC 20002 UNITED STATES","No_Match","",NA
"2100 BLOCK OF  RIDGECREST COURT SE WASHINGTON, DC 20020 UNITED STATES","Match","Non_Exact","11001009903"
"9TH STREET NW & U STREET NW WASHINGTON, DC 20001 UNITED STATES","Match","Non_Exact","11001008802"
"400 BLOCK OF  CONDON TERRACE SE WASHINGTON, DC 20032 UNITED STATES","Match","Non_Exact","11001008410"
"600 BLOCK OF  9TH STREET NE WASHINGTON, DC 20002 UNITED STATES","Match","Non_Exact","11001002002"
"1800 BLOCK OF  7TH STREET NW WASHINGTON, DC 20001 UNITED STATES","Match","Non_Exact","11001008402"
"100 BLOCK OF  YUMA STREET SE WASHINGTON, DC 20032 UNITED STATES","Tie","",NA
"10TH STREET NW & U STREET NW WASHINGTON, DC 20001 UNITED STATES","No_Match","",NA
"1300 BLOCK OF  CLIFTON STREET NW WASHINGTON, DC 20009 UNITED STATES","Match","Non_Exact","11001007804"
"1100 BLOCK OF  U STREET NW WASHINGTON, DC 20009 UNITED STATES","Match","Non_Exact","11001009905"
"1200 BLOCK OF  EMERSON STREET NW WASHINGTON, DC 20011 UNITED STATES","No_Match","",NA
"500 BLOCK OF  60TH STREET NE WASHINGTON, DC 20019 UNITED STATES","No_Match","",NA
"3000 BLOCK OF  RHODE ISLAND AVENUE NE WASHINGTON, DC 20018 UNITED STATES","Match","Non_Exact","11001002101"
"3100 BLOCK OF  NEWTON STREET NE WASHINGTON, DC 20018 UNITED STATES","Match","Non_Exact","11001008904"
"400 BLOCK OF  42ND STREET NE WASHINGTON, DC 20019 UNITED STATES","Match","Non_Exact","11001007403"
"4200 BLOCK OF  FOOTE STREET NE WASHINGTON, DC 20019 UNITED STATES","Match","Exact","11001004401"
"600 BLOCK OF  DIVISION AVENUE NE WASHINGTON, DC 20019 UNITED STATES","Match","Non_Exact","11001009801"
"2200 BLOCK OF  MINNESOTA AVENUE SE WASHINGTON, DC 20020 UNITED STATES","Match","Non_Exact","11001007605"
"4200 BLOCK OF  BROOKS ST NE WASHINGTON, DC 20019 UNITED STATES","Match","Non_Exact","11001009905"
"4300 BLOCK OF  4TH STREET SE WASHINGTON, DC 20032 UNITED STATES","Match","Non_Exact","11001004801"
"GEORGIA AVENUE NW & KENNEDY STREET NW WASHINGTON, DC 20011 UNITED STATES","Match","Non_Exact","11001003200"
"1400 BLOCK OF  V STREET NW WASHINGTON, DC 20009 UNITED STATES","Match","Non_Exact","11001009102"
"5400 BLOCK OF  NORTH CAPITOL STREET NE WASHINGTON, DC 20011 UNITED STATES","No_Match","",NA
"1400 BLOCK OF  BANGOR STREET SE WASHINGTON, DC 20020 UNITED STATES","Match","Non_Exact","11001005802"
"1300 BLOCK OF  COLUMBIA ROAD NW WASHINGTON, DC 20009 UNITED STATES","Match","Non_Exact","11001001804"
"1400 BLOCK OF  18TH PLACE SE WASHINGTON, DC 20020 UNITED STATES","Match","Non_Exact","11001007703"
"1500 BLOCK OF  F STREET NE WASHINGTON, DC 20002 UNITED STATES","Match","Non_Exact","11001007604"
"2500 BLOCK OF  N STREET SE WASHINGTON, DC 20019 UNITED STATES","Match","Non_Exact","11001007901"
"E STREET NW & 20TH STREET NW WASHINGTON, DC 20052 UNITED STATES","Match","Non_Exact","11001007603"
"1200 BLOCK OF  H STREET NE WASHINGTON, DC 20002 UNITED STATES","Match","Non_Exact","11001007709"
"700 BLOCK OF  19TH STREET NE WASHINGTON, DC 20002 UNITED STATES","Match","Non_Exact","11001007803"
"1600 BLOCK OF  3RD STREET NW WASHINGTON, DC 20001 UNITED STATES","Match","Exact","11001010800"
"5000 BLOCK OF  H STREET SE WASHINGTON, DC 20019 UNITED STATES","Match","Non_Exact","11001008410"
"300 BLOCK OF  RIGGS ROAD NE WASHINGTON, DC 20011 UNITED STATES","Match","Non_Exact","11001007901"
"DIX STREET NE & 53RD STREET NE WASHINGTON, DC 20019 UNITED STATES","Match","Non_Exact","11001004600"
"5300 BLOCK OF  DIX STREET NE WASHINGTON, DC 20019 UNITED STATES","Match","Non_Exact","11001007707"
"1800 BLOCK OF  CORCORAN STREET NE WASHINGTON, DC 20002 UNITED STATES","Match","Non_Exact","11001009505"
"3700 BLOCK OF  JAY STREET NE WASHINGTON, DC 20019 UNITED STATES","Match","Exact","11001007808"
"700 BLOCK OF  18TH STREET NE WASHINGTON, DC 20002 UNITED STATES","Match","Non_Exact","11001007808"
"1400 BLOCK OF  FAIRMONT STREET NW WASHINGTON, DC 20009 UNITED STATES","Match","Non_Exact","11001007601"
"17TH STREET NE & MARYLAND AVENUE NE WASHINGTON, DC 20002 UNITED STATES","Match","Non_Exact","11001007803"
"900 BLOCK OF  U STREET NW WASHINGTON, DC 20001 UNITED STATES","No_Match","",NA
"1000 BLOCK OF  BRENTWOOD RD NE WASHINGTON, DC 20009 UNITED STATES","Match","Exact","11001002101"
"1000 BLOCK OF  BRENTWOOD ROAD NE WASHINGTON, DC 20018 UNITED STATES","Match","Non_Exact","11001004300"
"1300 BLOCK OF  FAIRMONT STREET NW WASHINGTON, DC 20009 UNITED STATES","Match","Non_Exact","11001002102"
"900 BLOCK OF  WESLEY PLACE SW WASHINGTON, DC 20024 UNITED STATES","Match","Non_Exact","11001007503"
"600 BLOCK OF  CHESAPEAKE STREET SE WASHINGTON, DC 20032 UNITED STATES","Match","Non_Exact","11001003000"
"2500 BLOCK OF  14TH STREET NW WASHINGTON, DC 20009 UNITED STATES","Match","Non_Exact","11001007601"
"2400 BLOCK OF  13 ST NW WASHINGTON, DC 20001 UNITED STATES","Match","Non_Exact","11001008803"
"500 BLOCK OF  OKLAHOMA AVENUE NE WASHINGTON, DC 20019 UNITED STATES","No_Match","",NA
"100 BLOCK OF  N STREET NW WASHINGTON, DC 20001 UNITED STATES","Match","Non_Exact","11001007901"
"3400 BLOCK OF  22ND STREET SE WASHINGTON, DC 20020 UNITED STATES","Match","Non_Exact","11001003702"
"700 BLOCK OF  LAMONT STREET NW WASHINGTON, DC 20010 UNITED STATES","Match","Exact","11001008904"
"3700 BLOCK OF  HAYES STREET NE WASHINGTON, DC 20019 UNITED STATES","Match","Non_Exact","11001004402"
"4800 BLOCK OF  ALABAMA AVENUE SE WASHINGTON, DC 20019 UNITED STATES","Match","Non_Exact","11001009102"
"300 BLOCK OF  ANACOSTIA ROAD SE WASHINGTON, DC 20019 UNITED STATES","Match","Non_Exact","11001009102"
"1200 BLOCK OF  1ST STREET SE WASHINGTON, DC 20003 UNITED STATES","Match","Non_Exact","11001003600"
"5000 BLOCK OF  JAY STREET NE WASHINGTON, DC 20019 UNITED STATES","Match","Non_Exact","11001010201"
"5000 BLOCK OF  SHERIFF ROAD NE WASHINGTON, DC 20019 UNITED STATES","Match","Non_Exact","11001009802"
"1300 BLOCK OF  H STREET NE WASHINGTON, DC 20002 UNITED STATES","Match","Non_Exact","11001003701"
"2200 BLOCK OF  NAYLOR ROAD SE WASHINGTON, DC 20020 UNITED STATES","No_Match","",NA
"1200 BLOCK OF  SHEPHERD STREET NW WASHINGTON, DC 20011 UNITED STATES","Match","Non_Exact","11001007903"
"2100 BLOCK OF  16TH STREET SE WASHINGTON, DC 20020 UNITED STATES","Match","Non_Exact","11001004600"
"5100 BLOCK OF  QUEEN'S STROLL PLACE SE WASHINGTON, DC 20019 UNITED STATES","Match","Non_Exact","11001007409"
"4200 BLOCK OF  CONNECTICUT AVENUE NW WASHINGTON, DC 20008 UNITED STATES","Match","Non_Exact","11001003100"
"1400 BLOCK OF  41ST STREET SE WASHINGTON, DC 20020 UNITED STATES","Match","Non_Exact","11001009602"
"5200 BLOCK OF  FITCH STREET SE WASHINGTON, DC 20019 UNITED STATES","Match","Non_Exact","11001009907"
"11TH STREET SE & N ST STREET SE WASHINGTON, DC 20003 UNITED STATES","Match","Non_Exact","11001007703"
"3000 BLOCK OF  14TH STREET NW WASHINGTON, DC 20009 UNITED STATES","No_Match","",NA
"200 BLOCK OF  V STREET NW WASHINGTON, DC 20001 UNITED STATES","Match","Non_Exact","11001007809"
"800 BLOCK OF  5TH STREET NW WASHINGTON, DC 20001 UNITED STATES","Match","Non_Exact","11001007806"
"400 BLOCK OF  INGRAHAM STREET NW WASHINGTON, DC 20011 UNITED STATES","Match","Non_Exact","11001008410"
"3900 BLOCK OF  WISCONSIN AVENUE NW WASHINGTON, DC 20016 UNITED STATES","Match","Non_Exact","11001007601"
"1400 BLOCK OF  MORRIS ROAD SE WASHINGTON, DC 20020 UNITED STATES","Match","Non_Exact","11001002503"
"5000 BLOCK OF  CONNECTICUT AVENUE NW WASHINGTON, DC 20008 UNITED STATES","Match","Non_Exact","11001007504"
"100 BLOCK OF  50TH STREET NE WASHINGTON, DC 20019 UNITED STATES","No_Match","",NA
"4800 BLOCK OF  B STREET SE WASHINGTON, DC 20019 UNITED STATES","Match","Non_Exact","11001001200"
"13700 BLOCK OF  LYNN ST WOODBRINGE, VA 22191 UNITED STATES","Match","Non_Exact","11001009902"
"5100 BLOCK OF  SOUTH DAKOTA AVENUE NE WASHINGTON, DC 20017 UNITED STATES","Match","Non_Exact","11001009905"
"900 BLOCK OF  RHODE ISLAND AVENUE NE WASHINGTON, DC 20018 UNITED STATES","Match","Non_Exact","11001005004"
"SOUTHERN AVENUE SE & CHESAPEAKE STREET SE WASHINGTON, DC 20032 UNITED STATES","Match","Non_Exact","11001002802"
"5300 BLOCK OF  CLAY TERRACE NE WASHINGTON, DC 20019 UNITED STATES","Match","Non_Exact","11001003400"
"2300 BLOCK OF  BENNING ROAD NE WASHINGTON, DC 20002 UNITED STATES","Match","Non_Exact","11001005801"
"2000 BLOCK OF  BENNING ROAD NE WASHINGTON, DC 20002 UNITED STATES","Match","Non_Exact","11001002102"
"3600 BLOCK OF  GEORGIA AVENUE NW WASHINGTON, DC 20010 UNITED STATES","Match","Non_Exact","11001001002"
"500 BLOCK OF  V STREET NE WASHINGTON, DC 20002 UNITED STATES","Match","Non_Exact","11001007504"
"UNIT BLOCK OF  P STREET NE WASHINGTON, DC 20002 UNITED STATES","Match","Non_Exact","11001001100"
"400 BLOCK OF  R STREET NW WASHINGTON, DC 20001 UNITED STATES","Match","Non_Exact","11001007804"
"1500 BLOCK OF  BENNING ROAD NE WASHINGTON, DC 20002 UNITED STATES","Match","Non_Exact","11001009906"
"2300 BLOCK OF  15TH STREET NE WASHINGTON, DC 20018 UNITED STATES","Match","Non_Exact","51153900203"
"1900 BLOCK OF  18TH STREET SE WASHINGTON, DC 20020 UNITED STATES","Match","Non_Exact","11001009509"
"300 BLOCK OF  50TH STREET NE WASHINGTON, DC 20019 UNITED STATES","Match","Non_Exact","11001009302"
"1100 BLOCK OF  15TH STREET NW WASHINGTON, DC 20005 UNITED STATES","Match","Non_Exact","11001009811"
"1100 BLOCK OF  W STREET NW WASHINGTON, DC 20009 UNITED STATES","Match","Non_Exact","11001007808"
"900BLK FLORIDA AVE NW DC, DC 20001 UNITED STATES","Match","Non_Exact","11001008904"
"18TH STREET SE & TRENTON PLACE SE WASHINGTON, DC 20020 UNITED STATES","Match","Non_Exact","11001008904"
"2100-2199 BLOCK 5TH STREET NW WASHINGTON, DC 20001 UNITED STATES","No_Match","",NA
"800 BLOCK OF  RIDGE ROAD SE WASHINGTON, DC 20019 UNITED STATES","Match","Non_Exact","11001008702"
"200 BLOCK OF  51ST STREET NE WASHINGTON, DC 20019 UNITED STATES","No_Match","",NA
"1500 BLOCK OF  19TH STREET SE WASHINGTON, DC 20020 UNITED STATES","Match","Non_Exact","11001004600"
"1200 BLOCK OF  U STREET NW WASHINGTON, DC 20009 UNITED STATES","Match","Non_Exact","11001008904"
"100 BLOCK OF  M STREET SW WASHINGTON, DC 20024 UNITED STATES","Match","Non_Exact","11001009102"
"4300 BLOCK OF  3RD STREET SE WASHINGTON, DC 20032 UNITED STATES","Match","Non_Exact","11001007605"
"1600 BLOCK OF  HARVARD STREET NW WASHINGTON, DC 20009 UNITED STATES","Match","Non_Exact","11001007804"
"1600 BLOCK OF  GOOD HOPE ROAD SE WASHINGTON, DC 20020 UNITED STATES","Match","Non_Exact","11001010100"
"5300 BLOCK OF  E STREET SE WASHINGTON, DC 20019 UNITED STATES","Match","Non_Exact","11001004401"
"600 BLOCK OF  T STREET NW WASHINGTON, DC 20001 UNITED STATES","Match","Non_Exact","11001004401"
"700 BLOCK OF  OTIS PLACE NW WASHINGTON, DC 20010 UNITED STATES","Match","Exact","11001007409"
"1500 BLOCK OF  W STREET NE WASHINGTON, DC 20018 UNITED STATES","Match","Non_Exact","11001007809"
"2300 BLOCK OF  PENNSYLVANIA AVENUE SE WASHINGTON, DC 20020 UNITED STATES","No_Match","",NA
"1000 BLOCK OF  H STREET NW WASHINGTON, DC 20001 UNITED STATES","Match","Non_Exact","11001007707"
"6200 BLOCK OF  GEORGIA AVENUE NW WASHINGTON, DC 20011 UNITED STATES","Match","Non_Exact","11001007804"
"300 BLOCK OF  37TH STREET SE WASHINGTON, DC 20019 UNITED STATES","Match","Non_Exact","11001007601"
"2800 BLOCK OF  Q STREET SE WASHINGTON, DC 20020 UNITED STATES","Match","Non_Exact","11001004402"
"3400 BLOCK OF  SOUTHERN AVENUE SE WASHINGTON, DC 20020 UNITED STATES","Match","Non_Exact","11001006400"
"200 BLOCK OF  43RD ROAD NE WASHINGTON, DC 20019 UNITED STATES","Match","Non_Exact","11001009811"
"800 BLOCK OF  51ST STREET NE WASHINGTON, DC 20019 UNITED STATES","Match","Non_Exact","11001003901"
"5200 BLOCK OF  SHERIFF ROAD NE WASHINGTON, DC 20019 UNITED STATES","Match","Non_Exact","11001005802"
"3900 BLOCK OF  KANSAS AVENUE NW WASHINGTON, DC 20011 UNITED STATES","No_Match","",NA
"3500 BLOCK OF  COMMODORE JOSHUA BARNEY DRIVE NE WASHINGTON, DC 20018 UNITED STATES","Match","Non_Exact","11001007403"
"4500 BLOCK OF  40TH STREET NW WASHINGTON, DC 20016 UNITED STATES","Match","Non_Exact","11001007808"
"1500 BLOCK OF  OLIVE STREET NE WASHINGTON, DC 20019 UNITED STATES","Match","Non_Exact","11001009204"
"3500 BLOCK OF  AMES STREET NE WASHINGTON, DC 20019 UNITED STATES","Match","Non_Exact","11001009204"
"1100 BLOCK OF  MONTELLO AVENUE NE WASHINGTON, DC 20002 UNITED STATES","Match","Non_Exact","11001007703"
"1200 BLOCK OF  MOUNT OLIVET ROAD NE WASHINGTON, DC 20002 UNITED STATES","Match","Exact","11001007202"
"800 BLOCK OF  5TH STREET NE WASHINGTON, DC 20002 UNITED STATES","Match","Non_Exact","11001002002"
"1000 BLOCK OF  7TH STREET NW WASHINGTON, DC 20001 UNITED STATES","Match","Non_Exact","11001009603"
"1700 BLOCK OF  N STREET NW WASHINGTON, DC 20036 UNITED STATES","Match","Non_Exact","11001004902"
"RHODE ISLAND AVENUE NW & CONNECTICUT AVENUE NW WASHINGTON, DC 20036 UNITED STATES","Match","Non_Exact","11001009811"
"600 BLOCK OF  I STREET NW WASHINGTON, DC 20001 UNITED STATES","Match","Non_Exact","11001010700"
"1200 BLOCK OF  V STREET NW WASHINGTON, DC 20009 UNITED STATES","Match","Non_Exact","11001010400"
"4600 BLOCK OF  CENTRAL AVENUE NE WASHINGTON, DC 20019 UNITED STATES","No_Match","",NA
"600 BLOCK OF  PARKSIDE PLACE NE WASHINGTON, DC 20019 UNITED STATES","Match","Non_Exact","11001005801"
"200 BLOCK OF  34TH STREET NE WASHINGTON, DC 20019 UNITED STATES","Match","Non_Exact","11001004401"
"3600 BLOCK OF  JAY STREET NE WASHINGTON, DC 20019 UNITED STATES","Match","Non_Exact","11001007803"
"2200 BLOCK OF  SAVANNAH TERRACE SE WASHINGTON, DC 20020 UNITED STATES","Match","Non_Exact","11001009602"
"2100 BLOCK OF  MASSACHUSETTS AVENUE NW WASHINGTON, DC 20008 UNITED STATES","Match","Non_Exact","11001009604"
"3400 BLOCK OF  CONNECTICUT AVENUE NW WASHINGTON, DC 20008 UNITED STATES","No_Match","",NA
"600 BLOCK OF  EDGEWOOD STREET NE WASHINGTON, DC 20017 UNITED STATES","Match","Non_Exact","11001007403"
"400 BLOCK OF  61ST ST NE WASHINGTON, DC 20019 UNITED STATES","Match","Non_Exact","11001007806"
"1000 BLOCK OF  MONROE STREET NE WASHINGTON, DC 20017 UNITED STATES","Match","Non_Exact","11001002503"
"3400 BLOCK OF  25TH STREET SE WASHINGTON, DC 20032 UNITED STATES","Match","Non_Exact","11001009000"
"2300 BLOCK OF  AINGER PLACE SE WASHINGTON, DC 20020 UNITED STATES","Match","Non_Exact","11001001100"
"400 BLOCK OF  U STREET NW WASHINGTON, DC 20001 UNITED STATES","Match","Non_Exact","11001009601"
"1200 BLOCK OF  GOOD HOPE ROAD SE WASHINGTON, DC 20020 UNITED STATES","Match","Non_Exact","11001009603"
"900 BLOCK OF  SHERIDAN STREET NW WASHINGTON, DC 20011 UNITED STATES","Match","Non_Exact","11001008802"
"2100 BLOCK OF  14TH STREET NW WASHINGTON, DC 20009 UNITED STATES","Match","Non_Exact","11001008804"
"300 BLOCK OF  40TH STREET NE WASHINGTON, DC 20019 UNITED STATES","Match","Non_Exact","11001010602"
"3400 BLOCK OF  B STREET SE WASHINGTON, DC 20019 UNITED STATES","Match","Non_Exact","11001005502"
"2700 BLOCK OF  BRUCE PLACE SE WASHINGTON, DC 20020 UNITED STATES","Match","Non_Exact","11001000600"
"7400 BLOCK OF  GEORGIA AVENUE NW WASHINGTON, DC 20012 UNITED STATES","Match","Non_Exact","11001009204"
"1900 BLOCK OF  14TH STREET NW WASHINGTON, DC 20009 UNITED STATES","Match","Non_Exact","11001007808"
"1200 BLOCK OF  48TH STREET NE WASHINGTON, DC 20019 UNITED STATES","Match","Non_Exact","11001009301"
"4500 BLOCK OF  KANE PLACE NE WASHINGTON, DC 20019 UNITED STATES","Match","Non_Exact","11001007409"
"900 BLOCK OF  FLORIDA AVENUE NW WASHINGTON, DC 20001 UNITED STATES","Match","Non_Exact","11001007502"
"600 BLOCK OF  I STREET NE WASHINGTON, DC 20002 UNITED STATES","Match","Non_Exact","11001003400"
"1600 BLOCK OF  LEVIS STREET NE WASHINGTON, DC 20002 UNITED STATES","Match","Non_Exact","11001007601"
"UNIT BLOCK OF  BRYANT STREET NE WASHINGTON, DC 20002 UNITED STATES","Match","Non_Exact","11001001901"
"1000 BLOCK OF  17TH PLACE NE WASHINGTON, DC 20002 UNITED STATES","Match","Non_Exact","11001004300"
"2500 BLOCK OF  ALABAMA AVENUE SE WASHINGTON, DC 20020 UNITED STATES","Match","Non_Exact","11001009603"
"500 BLOCK OF  NEWCOMB STREET SE WASHINGTON, DC 20032 UNITED STATES","Match","Non_Exact","11001007708"
"2300 BLOCK OF  SKYLAND PLACE SE WASHINGTON, DC 20020 UNITED STATES","Match","Non_Exact","11001007502"
"200 BLOCK OF  37TH PLACE SE WASHINGTON, DC 20019 UNITED STATES","Match","Non_Exact","11001001600"
"1600 BLOCK OF  ALABAMA AVE SE WASHINGTON, DC 20032 UNITED STATES","Match","Non_Exact","11001004300"
"1000 BLOCK OF  U STREET NW WASHINGTON, DC 20001 UNITED STATES","Match","Non_Exact","11001007806"
"1200 BLOCK OF  1ST STREET NE WASHINGTON, DC 20002 UNITED STATES","Match","Non_Exact","11001007806"
"400 BLOCK OF  53RD STREET SE WASHINGTON, DC 20019 UNITED STATES","Match","Non_Exact","11001004401"
"800 BLOCK OF  8TH STREET NE WASHINGTON, DC 20002 UNITED STATES","Match","Non_Exact","11001010602"
"1200 BLOCK OF  16TH STREET NE WASHINGTON, DC 20002 UNITED STATES","Match","Non_Exact","11001008804"
"1300 BLOCK OF  SPRING ROAD NW WASHINGTON, DC 20010 UNITED STATES","No_Match","",NA
"5300 BLOCK OF  CALL PLACE SE WASHINGTON, DC 20019 UNITED STATES","Match","Non_Exact","11001008903"
"UNIT BLOCK OF  FLORIDA AVENUE NW WASHINGTON, DC 20001 UNITED STATES","Match","Non_Exact","11001007502"
"25TH STREET SE & MARION BARRY AVENUE SE WASHINGTON, DC 20020 UNITED STATES","Match","Non_Exact","11001010400"
"3700 BLOCK OF  14TH STREET NW WASHINGTON, DC 20010 UNITED STATES","Match","Non_Exact","11001007502"
"300 BLOCK OF  62ND STREET NE WASHINGTON, DC 20019 UNITED STATES","Match","Non_Exact","11001007703"
"18TH STREET SE & MINNESOTA AVENUE SE WASHINGTON, DC 20020 UNITED STATES","Match","Non_Exact","11001007404"
"3500 BLOCK OF  CONNECTICUT AVENUE NW WASHINGTON, DC 20008 UNITED STATES","Match","Non_Exact","11001004402"
"600 BLOCK OF  OTIS PLACE NW WASHINGTON, DC 20010 UNITED STATES","Match","Non_Exact","11001010601"
"4800 BLOCK OF  MD - 210 OXEN HILL, MD 20745 UNITED STATES","Match","Non_Exact","11001009905"
"5000 BLOCK OF  HAYES STREET NE WASHINGTON, DC 20019 UNITED STATES","Match","Non_Exact","11001010602"
"2500 BLOCK OF  SOUTHERN AVENUE SE WASHINGTON, DC 20020 UNITED STATES","Match","Non_Exact","11001008804"
"1300 BLOCK OF  T STREET SE WASHINGTON, DC 20020 UNITED STATES","Match","Non_Exact","11001002900"
"1800 BLOCK OF  U STREET SE WASHINGTON, DC 20020 UNITED STATES","Match","Non_Exact","11001009905"
"16TH STREET SE & MARION BARRY AVENUE SE WASHINGTON, DC 20020 UNITED STATES","No_Match","",NA
"1700 BLOCK OF  11TH STREET NW WASHINGTON, DC 20001 UNITED STATES","No_Match","",NA
"INDEPENDENCE AVENUE SE & 15TH STREET SE WASHINGTON, DC 20003 UNITED STATES","Match","Non_Exact","11001002504"
"1400 BLOCK OF  SWANN STREET NW WASHINGTON, DC 20009 UNITED STATES","Match","Non_Exact","11001007808"
"1900 BLOCK OF  7TH STREET NW WASHINGTON, DC 20001 UNITED STATES","Match","Exact","11001007601"
"5900 BLOCK OF  9TH STREET NW WASHINGTON, DC 20011 UNITED STATES","Match","Non_Exact","11001000600"
"CONGRESS STREET SE & 13TH STREET SE WASHINGTON, DC 20032 UNITED STATES","Match","Non_Exact","11001003200"
"2200 BLOCK OF  SAVANNAH STREET SE WASHINGTON, DC 20020 UNITED STATES","No_Match","",NA
"2000 BLOCK OF  13TH STREET NW WASHINGTON, DC 20009 UNITED STATES","Match","Non_Exact","11001007809"
"3400 BLOCK OF  13TH PLACE SE WASHINGTON, DC 20032 UNITED STATES","Match","Non_Exact","11001007409"
"4600 BLOCK OF  MARTIN LUTHER KING JR AVENUE SW WASHINGTON, DC 20032 UNITED STATES","Match","Non_Exact","11001007601"
"1400 BLOCK OF  QUINCY STREET NW WASHINGTON, DC 20011 UNITED STATES","Match","Non_Exact","11001007504"
"4400 BLOCK OF  EADS STREET NE WASHINGTON, DC 20019 UNITED STATES","No_Match","",NA
"1800 BLOCK OF  LAWRENCE STREET NE WASHINGTON, DC 20018 UNITED STATES","Match","Non_Exact","11001005001"
"4700 BLOCK OF  KANE PLACE NE WASHINGTON, DC 20019 UNITED STATES","Match","Exact","11001006700"
"100 BLOCK OF  ATLANTIC STREET SE WASHINGTON, DC 20032 UNITED STATES","Match","Non_Exact","11001004300"
"GEORGIA AVENUE NW & NEW HAMPSHIRE AVENUE NW WASHINGTON, DC 20010 UNITED STATES","Match","Non_Exact","11001004402"
"600 BLOCK OF  H STREET NW WASHINGTON, DC 20001 UNITED STATES","Match","Non_Exact","11001001901"
"1400 BLOCK OF  7TH STREET NW WASHINGTON, DC 20001 UNITED STATES","Match","Exact","11001007304"
"3500 BLOCK OF  WARDER STREET NW WASHINGTON, DC 20010 UNITED STATES","Match","Non_Exact","11001007403"
"5100 BLOCK OF  MEADE ST NE WASHINGTON, DC 20019 UNITED STATES","Match","Non_Exact","11001004401"
"1000 BLOCK OF  I STREET NW WASHINGTON, DC 20001 UNITED STATES","Match","Non_Exact","11001007304"
"3800 BLOCK OF  JAY STREET NE WASHINGTON, DC 20019 UNITED STATES","Match","Non_Exact","11001009807"
"3300 BLOCK OF  22ND STREET SE WASHINGTON, DC 20020 UNITED STATES","Match","Non_Exact","11001002504"
"6100 BLOCK OF  BANKS PLACE NE WASHINGTON, DC 20019 UNITED STATES","Match","Non_Exact","11001007803"
"400 BLOCK OF  RHODE ISLAND AVENUE NE WASHINGTON, DC 20002 UNITED STATES","Match","Non_Exact","11001008903"
"500 BLOCK OF  EDGEWOOD STREET NE WASHINGTON, DC 20017 UNITED STATES","Match","Non_Exact","11001009400"
"3700 BLOCK OF  D STREET SE WASHINGTON, DC 20019 UNITED STATES","Match","Non_Exact","11001007806"
"L STREET SE & HALF STREET SE WASHINGTON, DC 20003 UNITED STATES","Match","Non_Exact","11001009803"
"1200 BLOCK OF  MADISON STREET NW WASHINGTON, DC 20011 UNITED STATES","Tie","",NA
"3800 BLOCK OF  MINNESOTA AVENUE NE WASHINGTON, DC 20019 UNITED STATES","Match","Non_Exact","11001005801"
"4000 BLOCK OF  3RD STREET SE WASHINGTON, DC 20032 UNITED STATES","Match","Non_Exact","11001004901"
"600 BLOCK OF  MALCOLM X AVENUE SE WASHINGTON, DC 20032 UNITED STATES","Match","Non_Exact","11001003200"
"2100 BLOCK OF  MARYLAND AVENUE NE WASHINGTON, DC 20002 UNITED STATES","Match","Non_Exact","11001007806"
"300 BLOCK OF  ADAMS STREET NE WASHINGTON, DC 20002 UNITED STATES","Match","Non_Exact","11001003802"
"1200 BLOCK OF  MONROE STREET NW WASHINGTON, DC 20010 UNITED STATES","Match","Exact","11001004600"
"1200 BLOCK OF  HALF STREET SE WASHINGTON, DC 20003 UNITED STATES","Match","Non_Exact","11001000702"
"3200 BLOCK OF  MINNESOTA AVENUE SE WASHINGTON, DC 20019 UNITED STATES","Match","Non_Exact","11001007407"
"4TH STREET NW & I STREET NW WASHINGTON, DC 20001 UNITED STATES","Match","Non_Exact","11001007404"
"1100 BLOCK OF  4TH STREET SW WASHINGTON, DC 20024 UNITED STATES","Match","Non_Exact","11001007807"
"2800 BLOCK OF  HARTFORD STREET SE WASHINGTON, DC 20020 UNITED STATES","Match","Non_Exact","11001007406"
"4000 BLOCK OF  MINNESOTA AVENUE NE WASHINGTON, DC 20019 UNITED STATES","Match","Non_Exact","11001004702"
"800 BLOCK OF  7TH STREET NW WASHINGTON, DC 20001 UNITED STATES","Match","Non_Exact","11001002802"
"1400 BLOCK OF  30TH STREET SE WASHINGTON, DC 20020 UNITED STATES","Match","Non_Exact","11001003000"
"600 BLOCK OF  FRANKLIN STREET NE WASHINGTON, DC 20017 UNITED STATES","Match","Non_Exact","11001009901"
"2800 BLOCK OF  BLADENSBURG ROAD NE WASHINGTON, DC 20018 UNITED STATES","Match","Non_Exact","11001003901"
"1100 BLOCK OF  45TH STREET NE WASHINGTON, DC 20019 UNITED STATES","Match","Non_Exact","11001009201"
"4400 BLOCK OF  HAYES STREET NE WASHINGTON, DC 20019 UNITED STATES","Match","Non_Exact","11001007901"
"600 BLOCK OF  FLORIDA AVENUE NW WASHINGTON, DC 20001 UNITED STATES","No_Match","",NA
"1200 BLOCK OF  7TH STREET NW WASHINGTON, DC 20001 UNITED STATES","Match","Non_Exact","11001007806"
"2300 BLOCK OF  HARTFORD STREET SE WASHINGTON, DC 20020 UNITED STATES","Match","Non_Exact","11001007804"
"5000 BLOCK OF  CALL PLACE SE WASHINGTON, DC 20019 UNITED STATES","Match","Non_Exact","11001004801"
"200 BLOCK OF  N STREET SW WASHINGTON, DC 20024 UNITED STATES","Match","Non_Exact","11001004902"
"5100 BLOCK OF  C STREET SE WASHINGTON, DC 20019 UNITED STATES","Match","Non_Exact","11001007408"
"1300 BLOCK OF  SHEPHERD STREET NW WASHINGTON, DC 20011 UNITED STATES","Match","Non_Exact","11001009904"
"HARVARD STREET NW & 14TH STREET NW WASHINGTON, DC 20009 UNITED STATES","Match","Non_Exact","11001011001"
"2100 BLOCK OF  WISCONSIN AVENUE NW WASHINGTON, DC 20007 UNITED STATES","Match","Non_Exact","11001009203"
"700 BLOCK OF  T STREET NW WASHINGTON, DC 20001 UNITED STATES","Match","Non_Exact","11001002900"
"1400 BLOCK OF  EUCLID STREET NW WASHINGTON, DC 20009 UNITED STATES","Match","Non_Exact","11001007201"
"1800 BLOCK OF  Q STREET SE WASHINGTON, DC 20020 UNITED STATES","Match","Non_Exact","11001007709"
"400 BLOCK OF  BURBANK STREET SE WASHINGTON, DC 20019 UNITED STATES","Match","Exact","11001004702"
"2700 BLOCK OF  ALABAMA AVENUE SE WASHINGTON, DC 20020 UNITED STATES","Match","Non_Exact","11001010201"
"4400 BLOCK OF  3RD STREET SE WASHINGTON, DC 20032 UNITED STATES","Match","Non_Exact","11001007502"
"1000 BLOCK OF  48TH STREET NE WASHINGTON, DC 20019 UNITED STATES","Match","Non_Exact","11001007803"
"1200 BLOCK OF  49TH PLACE NE WASHINGTON, DC 20019 UNITED STATES","Match","Non_Exact","11001005802"
"4400 BLOCK OF  F STREET SE WASHINGTON, DC 20019 UNITED STATES","Match","Non_Exact","11001009905"
"1800 BLOCK OF  BRUCE PLACE SE WASHINGTON, DC 20020 UNITED STATES","Match","Non_Exact","11001002504"
"100 BLOCK OF  IVANHOE STREET SW WASHINGTON, DC 20032 UNITED STATES","Match","Exact","11001003000"
"1200 BLOCK OF  NORTH CAPITOL STREET NW WASHINGTON, DC 20002 UNITED STATES","Match","Non_Exact","11001000300"
"3000 BLOCK OF  30TH STREET SE WASHINGTON, DC 20020 UNITED STATES","Match","Non_Exact","11001004402"
"4200 BLOCK OF  4TH STREET SE WASHINGTON, DC 20032 UNITED STATES","Match","Non_Exact","11001003701"
"200 BLOCK OF  14TH STREET SE WASHINGTON, DC 20003 UNITED STATES","Match","Non_Exact","11001007601"
"1100 BLOCK OF  RAUM STREET NE WASHINGTON, DC 20002 UNITED STATES","Match","Non_Exact","11001007703"
"1500 BLOCK OF  MARION BARRY AVENUE SE WASHINGTON, DC 20020 UNITED STATES","Match","Non_Exact","11001007604"
"200 BLOCK OF  W STREET NW WASHINGTON, DC 20001 UNITED STATES","Match","Non_Exact","11001009811"
"2000 BLOCK OF  4TH STREET NW WASHINGTON, DC 20001 UNITED STATES","Match","Non_Exact","11001007806"
"14TH STREET SE & CEDAR STREET SE WASHINGTON, DC 20020 UNITED STATES","Match","Non_Exact","11001007806"
"4200 BLOCK OF  6TH STREET SE WASHINGTON, DC 20032 UNITED STATES","Match","Non_Exact","11001009907"
"600 BLOCK OF  MELLON STREET SE WASHINGTON, DC 20032 UNITED STATES","Match","Non_Exact","11001007404"
"1900 BLOCK OF  I STREET NE WASHINGTON, DC 20002 UNITED STATES","Match","Non_Exact","11001010900"
"900 BLOCK OF  17TH STREET NE WASHINGTON, DC 20002 UNITED STATES","No_Match","",NA
"4200 BLOCK OF  NANNIE HELEN BURROUGHS AVENUE NE WASHINGTON, DC 20019 UNITED STATES","Match","Non_Exact","11001007502"
"5100 BLOCK OF  HANNA PLACE SE WASHINGTON, DC 20019 UNITED STATES","Match","Non_Exact","11001009811"
"3400 BLOCK OF  ELY PLACE SE WASHINGTON, DC 20019 UNITED STATES","Match","Non_Exact","11001006700"
"MARTIN LUTHER KING JR AVENUE SE & MELLON STREET SE WASHINGTON, DC 20032 UNITED STATES","Match","Non_Exact","11001008804"
"3300 BLOCK OF  15TH STREET SE WASHINGTON, DC 20032 UNITED STATES","No_Match","",NA
"800 BLOCK OF  6TH STREET NW WASHINGTON, DC 20001 UNITED STATES","Match","Non_Exact","11001003400"
"UNIT BLOCK OF  IRVING STREET NW WASHINGTON, DC 20422 UNITED STATES","Match","Non_Exact","11001003400"
"3200 BLOCK OF  WISCONSIN AVENUE NW WASHINGTON, DC 20016 UNITED STATES","Match","Exact","11001007503"
"1200 BLOCK OF  MISSOURI AVENUE NW WASHINGTON, DC 20011 UNITED STATES","Match","Non_Exact","11001009811"
"300 BLOCK OF  51ST STREET NE WASHINGTON, DC 20019 UNITED STATES","Match","Non_Exact","11001010400"
"3900 BLOCK OF  BLAINE STREET NE WASHINGTON, DC 20019 UNITED STATES","Match","Non_Exact","11001008904"
"1500 BLOCK OF  QUEEN STREET NE WASHINGTON, DC 20002 UNITED STATES","Match","Non_Exact","11001008903"
"500 BLOCK OF  I STREET NW WASHINGTON, DC 20001 UNITED STATES","Match","Non_Exact","11001007809"
"1300 BLOCK OF  W STREET NW WASHINGTON, DC 20009 UNITED STATES","Match","Non_Exact","11001007707"
"700 BLOCK OF  21ST STREET NE WASHINGTON, DC 20002 UNITED STATES","Match","Non_Exact","11001007703"
"1800 BLOCK OF  CAPITOL AVE NE WASHINGTON, DC 20002 UNITED STATES","Match","Exact","11001010400"
"200 BLOCK OF  ANACOSTIA ROAD SE WASHINGTON, DC 20019 UNITED STATES","Match","Non_Exact","11001007304"
"UNIT BLOCK OF  K STREET NW WASHINGTON, DC 20001 UNITED STATES","Match","Non_Exact","11001005801"
"1300 BLOCK OF  I STREET NW WASHINGTON, DC 20005 UNITED STATES","No_Match","",NA
"2400 BLOCK OF  HARTFORD STREET SE WASHINGTON, DC 20020 UNITED STATES","Match","Non_Exact","11001000704"
"1500 BLOCK OF  U STREET SE WASHINGTON, DC 20020 UNITED STATES","Match","Non_Exact","11001002001"
"800 BLOCK OF  BLADENSBURG ROAD NE WASHINGTON, DC 20002 UNITED STATES","Match","Non_Exact","11001007804"
"2200 BLOCK OF  I STREET NW WASHINGTON, DC 20037 UNITED STATES","Match","Non_Exact","11001009603"
"2300 BLOCK OF  GREEN STREET SE WASHINGTON, DC 20020 UNITED STATES","Match","Non_Exact","11001008804"
"2600 BLOCK OF  31ST PLACE NE WASHINGTON, DC 20018 UNITED STATES","Match","Non_Exact","11001005801"
"1800 BLOCK OF  PERRY STREET NE WASHINGTON, DC 20018 UNITED STATES","Match","Non_Exact","11001004401"
"UNIT BLOCK OF  MASSACHUSETTS AVENUE NE WASHINGTON, DC 20002 UNITED STATES","Match","Non_Exact","11001008904"
"3900 BLOCK OF  CHESAPEAKE STREET NW WASHINGTON, DC 20016 UNITED STATES","Match","Non_Exact","11001008803"
"3500 BLOCK OF  GEORGIA AVENUE NW WASHINGTON, DC 20010 UNITED STATES","Match","Non_Exact","11001007703"
"4800 BLOCK OF  MEADE STREET NE WASHINGTON, DC 20019 UNITED STATES","No_Match","",NA
"1900 BLOCK OF  VERMONT AVENUE NW WASHINGTON, DC 20001 UNITED STATES","Match","Non_Exact","11001010100"
"4500 BLOCK OF  QUARLES STREET NE WASHINGTON, DC 20019 UNITED STATES","Match","Non_Exact","11001007408"
"3600 BLOCK OF  MARTIN LUTHER KING JR AVENUE SE WASHINGTON, DC 20032 UNITED STATES","Match","Non_Exact","11001007504"
"1800 BLOCK OF  JEFFERSON PLACE NW WASHINGTON, DC 20036 UNITED STATES","Match","Non_Exact","11001008802"
"3700 BLOCK OF  GEORGIA AVENUE NW WASHINGTON, DC 20010 UNITED STATES","Match","Non_Exact","11001010800"
"3300 BLOCK OF  AMES STREET NE WASHINGTON, DC 20019 UNITED STATES","Match","Non_Exact","11001007504"
"400 BLOCK OF  L STREET NW WASHINGTON, DC 20001 UNITED STATES","Match","Non_Exact","11001011100"
"1300 BLOCK OF  PERRY PLACE NW WASHINGTON, DC 20010 UNITED STATES","Match","Non_Exact","11001009400"
"100 BLOCK OF  IRVINGTON STREET SW WASHINGTON, DC 20032 UNITED STATES","No_Match","",NA
"4500 BLOCK OF  LIVINGSTON ROAD SE WASHINGTON, DC 20032 UNITED STATES","Match","Non_Exact","11001001100"
"1700 BLOCK OF  COLUMBIA ROAD NW WASHINGTON, DC 20009 UNITED STATES","Match","Non_Exact","11001003100"
"1ST STREET NW & NEW YORK AVENUE NW WASHINGTON, DC 20001 UNITED STATES","Match","Non_Exact","11001007806"
"2500 BLOCK OF  TUNLAW ROAD NW WASHINGTON, DC 20007 UNITED STATES","Match","Non_Exact","11001004402"
"2600 BLOCK OF  STANTON ROAD SE WASHINGTON, DC 20020 UNITED STATES","Match","Non_Exact","11001009601"
"1800 BLOCK OF  BRUCE PL SE WASHINGTON, DC 20020 UNITED STATES","Match","Non_Exact","11001008904"
"5500 BLOCK OF  NANNIE HELEN BURROUGHS AVENUE NE WASHINGTON, DC 20019 UNITED STATES","Match","Non_Exact","11001009803"
"2500 BLOCK OF  POMEROY ROAD SE WASHINGTON, DC 20020 UNITED STATES","Match","Non_Exact","11001010700"
"500 BLOCK OF  K STREET NW WASHINGTON, DC 20001 UNITED STATES","Match","Non_Exact","11001002503"
"3300 BLOCK OF  14TH STREET NW WASHINGTON, DC 20010 UNITED STATES","Match","Non_Exact","11001009604"
"1300 BLOCK OF  IRVING STREET NW WASHINGTON, DC 20010 UNITED STATES","Match","Non_Exact","11001004703"
"2700 BLOCK OF  ONTARIO ROAD NW WASHINGTON, DC 20009 UNITED STATES","Match","Non_Exact","11001002900"
"700 BLOCK OF  16TH STREET NE WASHINGTON, DC 20002 UNITED STATES","Match","Non_Exact","11001010900"
"1900 BLOCK OF  BENNETT PLACE NE WASHINGTON, DC 20002 UNITED STATES","Match","Non_Exact","11001009810"
"LEBAUM STREET SE & MARTIN LUTHER KING JR AVENUE SE WASHINGTON, DC 20032 UNITED STATES","Match","Non_Exact","11001004002"
"4TH STREET SE & LIVINGSTON TERRACE SE WASHINGTON, DC 20032 UNITED STATES","Match","Non_Exact","11001009201"
"UNIT BLOCK OF  GALVESTON STREET SW WASHINGTON, DC 20032 UNITED STATES","Match","Non_Exact","11001009811"
"3900 BLOCK OF  SOUTH CAPITOL STREET SW WASHINGTON, DC 20032 UNITED STATES","Match","Non_Exact","11001007605"
"1500 BLOCK OF  U STREET NW WASHINGTON, DC 20009 UNITED STATES","Match","Non_Exact","11001010400"
"3100 BLOCK OF  BRUCE PLACE SE WASHINGTON, DC 20020 UNITED STATES","Match","Non_Exact","11001004802"
"UNIT BLOCK OF  NEW YORK AVENUE NE WASHINGTON, DC 20002 UNITED STATES","Match","Non_Exact","11001009700"
"4900 BLOCK OF  QUARLES ST NE WASHINGTON, DC 20019 UNITED STATES","Match","Non_Exact","11001007605"
"4000 BLOCK OF  GEORGIA AVENUE NW WASHINGTON, DC 20011 UNITED STATES","Match","Non_Exact","11001007404"
"6000 BLOCK OF  EADS STREET NE WASHINGTON, DC 20019 UNITED STATES","No_Match","",NA
"4800 BLOCK OF  BENNING ROAD SE WASHINGTON, DC 20019 UNITED STATES","Match","Non_Exact","11001007807"
"3100 BLOCK OF  HIATT PLACE NW WASHINGTON, DC 20010 UNITED STATES","Match","Non_Exact","11001008804"
"100 BLOCK OF  CARROLL STREET NW WASHINGTON, DC 20012 UNITED STATES","Match","Non_Exact","11001007707"
"3100 BLOCK OF  WISCONSIN AVENUE NW WASHINGTON, DC 20016 UNITED STATES","Match","Non_Exact","11001007806"
"700 BLOCK OF  ROCK CREEK CHURCH ROAD NW WASHINGTON, DC 20010 UNITED STATES","Match","Non_Exact","11001002802"
"LINCOLN ROAD NE & RANDOLPH PLACE NE WASHINGTON, DC 20002 UNITED STATES","Match","Non_Exact","11001001702"
"700 BLOCK OF  H STREET NE WASHINGTON, DC 20002 UNITED STATES","Match","Non_Exact","11001000704"
"UNIT BLOCK OF  RIDGE SQUARE NW WASHINGTON, DC 20016 UNITED STATES","Match","Non_Exact","11001003200"
"1700 BLOCK OF  27TH STREET SE WASHINGTON, DC 20020 UNITED STATES","Match","Exact","11001008701"
"600 BLOCK OF  RHODE ISLAND AVENUE NE WASHINGTON, DC 20002 UNITED STATES","Match","Non_Exact","11001010602"
"3800 BLOCK OF  9TH STREET SE WASHINGTON, DC 20032 UNITED STATES","No_Match","",NA
"2100 BLOCK OF  4TH STREET NW WASHINGTON, DC 20001 UNITED STATES","Match","Non_Exact","11001007604"
"2600 BLOCK OF  DOUGLAS PLACE SE WASHINGTON, DC 20020 UNITED STATES","Match","Exact","11001010400"
"300 BLOCK OF  ELM STREET NW WASHINGTON, DC 20001 UNITED STATES","Match","Exact","11001009811"
"200 BLOCK OF  RANDOLPH PLACE NE WASHINGTON, DC 20002 UNITED STATES","No_Match","",NA
"300 BLOCK OF  V STREET NW WASHINGTON, DC 20001 UNITED STATES","No_Match","",NA
"5000 BLOCK OF  BENNING ROAD SE WASHINGTON, DC 20019 UNITED STATES","Match","Non_Exact","11001004300"
"700 BLOCK OF  12TH STREET SE WASHINGTON, DC 20003 UNITED STATES","Match","Non_Exact","11001007404"
"3300 BLOCK OF  22ND STREET NE WASHINGTON, DC 20018 UNITED STATES","No_Match","",NA
"1300 BLOCK OF  ALABAMA AVENUE SE WASHINGTON, DC 20032 UNITED STATES","Match","Non_Exact","11001007806"
"1400 BLOCK OF  F STREET NW WASHINGTON, DC 20004 UNITED STATES","No_Match","",NA
"1100 BLOCK OF  1ST STREET NW WASHINGTON, DC 20001 UNITED STATES","Match","Non_Exact","11001009204"
"CONSTITUTION AVENUE NW & PENNSYLVANIA AVENUE NW WASHINGTON, DC 20001 UNITED STATES","Match","Non_Exact","11001009801"
"2200 BLOCK OF  TOWN CENTER DRIVE SE WASHINGTON, DC 20020 UNITED STATES","Match","Non_Exact","11001003400"
"1100 BLOCK OF  HALF STREET SE WASHINGTON, DC 20003 UNITED STATES","Match","Non_Exact","11001007406"
"1200 BLOCK OF  18TH PLACE NE WASHINGTON, DC 20002 UNITED STATES","Match","Non_Exact","11001003400"
"500 BLOCK OF  NEAL PL NE DC, DC 20002 UNITED STATES","Match","Non_Exact","11001008702"
"1700 BLOCK OF  EUCLID STREET NW WASHINGTON, DC 20009 UNITED STATES","Match","Non_Exact","11001003400"
"800 BLOCK OF  H STREET NE WASHINGTON, DC 20002 UNITED STATES","Match","Non_Exact","11001007707"
"6500 BLOCK OF  PINEY BRANCH ROAD NW WASHINGTON, DC 20012 UNITED STATES","Match","Non_Exact","11001007100"
"1000 BLOCK OF  EASTERN AVENUE NE WASHINGTON, DC 20019 UNITED STATES","Match","Non_Exact","11001009400"
"GALES STREET NE & 17TH STREET NE WASHINGTON, DC 20002 UNITED STATES","Match","Non_Exact","11001007404"
"1200 BLOCK OF  42ND ST NE WASHINGTON, DC 20019 UNITED STATES","Match","Non_Exact","11001005802"
"1100 BLOCK OF  STEVENS ROAD SE WASHINGTON, DC 20020 UNITED STATES","Match","Non_Exact","11001004704"
"200 BLOCK OF  50TH STREET NE WASHINGTON, DC 20019 UNITED STATES","Tie","",NA
"18TH STREET NW & JEFFERSON PLACE NW WASHINGTON, DC 20036 UNITED STATES","Match","Non_Exact","11001007604"
"2600 BLOCK OF  EVARTS STREET NE WASHINGTON, DC 20018 UNITED STATES","Match","Non_Exact","11001007202"
"3900 BLOCK OF  GEORGIA AVENUE NW WASHINGTON, DC 20011 UNITED STATES","Match","Non_Exact","11001008903"
"900 BLOCK OF  F STREET NW WASHINGTON, DC 20004 UNITED STATES","Match","Non_Exact","11001008803"
"NORTH CAPITOL STREET & FLORIDA AVENUE NE WASHINGTON, DC 20002 UNITED STATES","Match","Non_Exact","11001003802"
"5500 BLOCK OF  CENTRAL AVENUE SE WASHINGTON, DC 20019 UNITED STATES","Match","Non_Exact","11001008410"
"3400 BLOCK OF  BENNING ROAD NE WASHINGTON, DC 20019 UNITED STATES","Match","Non_Exact","11001001901"
"2400 BLOCK OF  MARTIN LUTHER KING JR AVENUE SE WASHINGTON, DC 20020 UNITED STATES","Match","Non_Exact","11001007806"
"1300 BLOCK OF  ADAMS STREET NE WASHINGTON, DC 20018 UNITED STATES","Match","Exact","11001007901"
"1500 BLOCK OF  ISHERWOOD STREET NE WASHINGTON, DC 20002 UNITED STATES","Match","Non_Exact","11001009601"
"35TH STREET NE & BLAINE STREET NE WASHINGTON, DC 20019 UNITED STATES","Match","Non_Exact","11001007401"
"2700 BLOCK OF  NAYLOR ROAD SE WASHINGTON, DC 20020 UNITED STATES","Match","Non_Exact","11001007804"
"2900 BLOCK OF  NELSON PLACE SE WASHINGTON, DC 20019 UNITED STATES","Match","Exact","11001010700"
"UNIT BLOCK OF  FORRESTER STREET SW WASHINGTON, DC 20032 UNITED STATES","Match","Non_Exact","11001011100"
"1100 BLOCK OF  2ND PLACE SE WASHINGTON, DC 20003 UNITED STATES","Match","Non_Exact","11001002503"
"600 BLOCK OF  PICKFORD PLACE NE WASHINGTON, DC 20002 UNITED STATES","Match","Non_Exact","11001005802"
"1400 BLOCK OF  CEDAR STREET SE WASHINGTON, DC 20020 UNITED STATES","Tie","",NA
"U STREET SE & 16TH STREET SE WASHINGTON, DC 20020 UNITED STATES","Match","Non_Exact","11001009903"
"2700 BLOCK OF  JASPER STREET SE WASHINGTON, DC 20020 UNITED STATES","Match","Non_Exact","11001009602"
"2300 BLOCK OF  WASHINGTON PL NE WASHINGTON, DC 20018 UNITED STATES","Match","Non_Exact","11001007407"
"2700 BLOCK OF  MARTIN LUTHER KING JR AVENUE SE WASHINGTON, DC 20032 UNITED STATES","Match","Non_Exact","11001009102"
"4000 BLOCK OF  MARTIN LUTHER KING JR AVENUE SW WASHINGTON, DC 20032 UNITED STATES","Match","Non_Exact","11001007901"
"3100 BLOCK OF  14TH STREET NW WASHINGTON, DC 20010 UNITED STATES","No_Match","",NA
"4000 BLOCK OF  KANSAS AVENUE NW WASHINGTON, DC 20011 UNITED STATES","Match","Non_Exact","11001007603"
"UNIT BLOCK OF  BATES STREET NW WASHINGTON, DC 20001 UNITED STATES","Match","Non_Exact","11001007709"
"1200 BLOCK OF  11TH STREET NW WASHINGTON, DC 20001 UNITED STATES","No_Match","",NA
"200 BLOCK OF  34TH STREET SE WASHINGTON, DC 20019 UNITED STATES","Match","Non_Exact","11001007203"
"21ST STREET NE & GALES STREET NE WASHINGTON, DC 20002 UNITED STATES","Match","Non_Exact","11001008402"
"1000 BLOCK OF  G ST NW WASHINGTON, DC 20001 UNITED STATES","Match","Non_Exact","11001007503"
"100 BLOCK OF  55TH STREET NE WASHINGTON, DC 20019 UNITED STATES","Match","Exact","11001007503"
"3300 BLOCK OF  13TH ST NW WASHINGTON, DC 20009 UNITED STATES","Match","Non_Exact","11001007502"
"3200 BLOCK OF  13TH STREET NW WASHINGTON, DC 20010 UNITED STATES","Match","Non_Exact","11001009102"
"700 BLOCK OF  NEW JERSEY AVE NW WASHINGTON, DC 20001 UNITED STATES","Match","Non_Exact","11001010400"
"SHERMAN AVENUE NW & FAIRMONT STREET NW WASHINGTON, DC 20001 UNITED STATES","Match","Non_Exact","11001009807"
"7TH STREET NW & S STREET NW WASHINGTON, DC 20001 UNITED STATES","Match","Non_Exact","11001002802"
"1800 BLOCK OF  8TH STREET NW WASHINGTON, DC 20001 UNITED STATES","Match","Non_Exact","11001002503"
"1600 BLOCK OF  U STREET SE WASHINGTON, DC 20020 UNITED STATES","No_Match","",NA
"500 BLOCK OF  INDIANA AVENUE NW WASHINGTON, DC 20001 UNITED STATES","Match","Non_Exact","11001005004"
"900 BLOCK OF  DIVISION AVENUE NE WASHINGTON, DC 20019 UNITED STATES","Match","Non_Exact","11001007708"
"100 BLOCK OF  34TH STREET SE WASHINGTON, DC 20019 UNITED STATES","Match","Exact","11001007903"
"900 BLOCK OF  SHEPHERD STREET NW WASHINGTON, DC 20011 UNITED STATES","Match","Non_Exact","11001005802"
"1900 BLOCK OF  19TH PLACE SE WASHINGTON, DC 20020 UNITED STATES","Match","Non_Exact","11001007808"
"1800 BLOCK OF  COLUMBIA ROAD NW WASHINGTON, DC 20009 UNITED STATES","No_Match","",NA
"100 BLOCK OF  FRANKLIN STREET NE WASHINGTON, DC 20002 UNITED STATES","Match","Non_Exact","11001003000"
"4500 BLOCK OF  3RD STREET SE WASHINGTON, DC 20032 UNITED STATES","Match","Non_Exact","11001004702"
"1800 BLOCK OF  17TH STREET SE WASHINGTON, DC 20020 UNITED STATES","Match","Exact","11001003500"
"2800 BLOCK OF  MARTIN LUTHER KING JR AVENUE SE WASHINGTON, DC 20032 UNITED STATES","Match","Non_Exact","11001003600"
"400 BLOCK OF  N STREET NW WASHINGTON, DC 20001 UNITED STATES","Match","Exact","11001004901"
"900 BLOCK OF  BLAKNEY LANE SE WASHINGTON, DC 20032 UNITED STATES","Match","Non_Exact","11001004402"
"1900 BLOCK OF  17TH STREET SE WASHINGTON, DC 20020 UNITED STATES","Match","Non_Exact","11001007504"
"1400 BLOCK OF  ALABAMA AVENUE SE WASHINGTON, DC 20032 UNITED STATES","Match","Non_Exact","11001005900"
"BENNETT PL NE WASHINGTON, DC 20002 UNITED STATES","Match","Non_Exact","11001007809"
"1700 BLOCK OF  TRINIDAD AVENUE NE WASHINGTON, DC 20002 UNITED STATES","Match","Non_Exact","11001007708"
"5100 BLOCK OF  SHERIFF ROAD NE WASHINGTON, DC 20019 UNITED STATES","Match","Non_Exact","11001002503"
"2300 BLOCK OF  11TH STREET NW WASHINGTON, DC 20001 UNITED STATES","Match","Non_Exact","11001007504"
"4500 BLOCK OF  BENNING ROAD SE WASHINGTON, DC 20019 UNITED STATES","Match","Non_Exact","11001002501"
"1000 BLOCK OF  SPRING ROAD NW WASHINGTON, DC 20010 UNITED STATES","No_Match","",NA
"600 BLOCK OF  CONDON TERRACE SE WASHINGTON, DC 20032 UNITED STATES","No_Match","",NA
"600 BLOCK OF  GIRARD STREET NE WASHINGTON, DC 20017 UNITED STATES","Match","Non_Exact","11001010400"
"700 BLOCK OF  8TH STREET NE WASHINGTON, DC 20002 UNITED STATES","Match","Non_Exact","11001007304"
"300 BLOCK OF  61ST STREET NE WASHINGTON, DC 20019 UNITED STATES","Match","Non_Exact","11001007603"
"800 BLOCK OF  RANDOLPH STREET NE WASHINGTON, DC 20017 UNITED STATES","Match","Non_Exact","11001003400"
"6200 BLOCK OF  DIX STREET NE WASHINGTON, DC 20019 UNITED STATES","Match","Non_Exact","11001003400"
"1000 BLOCK OF  48TH PLACE NE WASHINGTON, DC 20019 UNITED STATES","Match","Non_Exact","11001003100"
"1300 BLOCK OF  CANAL STREET SW WASHINGTON, DC 20024 UNITED STATES","Match","Non_Exact","11001007304"
"1600 BLOCK OF  W STREET SE WASHINGTON, DC 20020 UNITED STATES","Match","Non_Exact","11001006400"
"2900 BLOCK OF  LANGSTON PLACE SE WASHINGTON, DC 20020 UNITED STATES","Match","Non_Exact","11001009201"
"1900 BLOCK OF  BENNING ROAD NE WASHINGTON, DC 20002 UNITED STATES","Match","Non_Exact","11001007504"
"4000 BLOCK OF  1ST STREET SW WASHINGTON, DC 20032 UNITED STATES","Match","Non_Exact","11001003100"
"3600 BLOCK OF  16TH STREET NW WASHINGTON, DC 20010 UNITED STATES","Match","Non_Exact","11001007408"
"1700 BLOCK OF  MARION BARRY AVENUE SE WASHINGTON, DC 20020 UNITED STATES","Match","Non_Exact","11001008904"
"1400 BLOCK OF  P STREET NW WASHINGTON, DC 20005 UNITED STATES","Match","Non_Exact","11001009807"
"3700 BLOCK OF  JAMISON STREET NE WASHINGTON, DC 20018 UNITED STATES","Match","Non_Exact","11001002704"
"700 BLOCK OF  PENNSYLVANIA AVENUE SE WASHINGTON, DC 20003 UNITED STATES","No_Match","",NA
"7TH STREET SE & E STREET SE WASHINGTON, DC 20003 UNITED STATES","Match","Non_Exact","11001005203"
"400 BLOCK OF  NEWCOMB STREET SE WASHINGTON, DC 20032 UNITED STATES","Match","Non_Exact","11001009000"
"4600 BLOCK OF  ALABAMA AVENUE SE WASHINGTON, DC 20019 UNITED STATES","No_Match","",NA
"1600 BLOCK OF  K STREET NW WASHINGTON, DC 20006 UNITED STATES","Match","Non_Exact","11001009906"
"2400 BLOCK OF  ALABAMA AVENUE SE WASHINGTON, DC 20020 UNITED STATES","Match","Non_Exact","11001002900"
"4400 BLOCK OF  FALLS TERRACE SE WASHINGTON, DC 20019 UNITED STATES","Match","Non_Exact","11001009801"
"100 BLOCK OF  FLORIDA AVENUE NW WASHINGTON, DC 20001 UNITED STATES","Match","Non_Exact","11001009201"
"1300 BLOCK OF  HARVARD STREET NW WASHINGTON, DC 20009 UNITED STATES","Match","Non_Exact","11001008302"
"600 BLOCK OF  F STREET NW WASHINGTON, DC 20004 UNITED STATES","Match","Non_Exact","11001007808"
"2800 BLOCK OF  DOUGLAS PLACE SE WASHINGTON, DC 20020 UNITED STATES","Match","Non_Exact","11001009504"
"1300 BLOCK OF  MERIDIAN PLACE NW WASHINGTON, DC 20010 UNITED STATES","Match","Non_Exact","11001007808"
"1400 BLOCK OF  GIRARD STREET NW WASHINGTON, DC 20009 UNITED STATES","Match","Non_Exact","11001007806"
"1700 BLOCK OF  GALEN STREET SE WASHINGTON, DC 20020 UNITED STATES","Match","Exact","11001007000"
"600 BLOCK OF  KENNEDY STREET NW WASHINGTON, DC 20011 UNITED STATES","Match","Non_Exact","11001010400"
"4600 BLOCK OF  BENNING R DSE WASHINGTON, DC 20019 UNITED STATES","Match","Non_Exact","11001007707"
"3000 BLOCK OF  THAYER STREET NE WASHINGTON, DC 20018 UNITED STATES","Match","Non_Exact","11001010700"
"INTERSTATE 295 INTERSTATE BN WASHINGTON, DC 20020 UNITED STATES","Match","Non_Exact","11001007408"
"400 BLOCK OF  2ND STREET NW WASHINGTON, DC 20001 UNITED STATES","Match","Non_Exact","11001009907"
"2800 BLOCK OF  5TH STREET SE WASHINGTON, DC 20032 UNITED STATES","Match","Non_Exact","11001004600"
"1000 BLOCK OF  BLADENSBURG ROAD NE WASHINGTON, DC 20002 UNITED STATES","Match","Non_Exact","11001003600"
"MINNESOTA AVENUE NE & BENNING ROAD NE WASHINGTON, DC 20019 UNITED STATES","Match","Non_Exact","11001005801"
"1300 BLOCK OF  F STREET NW WASHINGTON, DC 20004 UNITED STATES","Match","Non_Exact","11001007406"
"4700 BLOCK OF  BENNING ROAD SE WASHINGTON, DC 20019 UNITED STATES","Match","Non_Exact","11001002900"
"3200 BLOCK OF  PENNSYLVANIA AVENUE SE WASHINGTON, DC 20020 UNITED STATES","Match","Non_Exact","11001003702"
"800 BLOCK OF  S STREET NW WASHINGTON, DC 20001 UNITED STATES","Match","Non_Exact","11001007504"
"2800 BLOCK OF  CHANNING STREET NE WASHINGTON, DC 20018 UNITED STATES","Match","Non_Exact","11001002101"
"4700 BLOCK OF  ALABAMA AVENUE SE WASHINGTON, DC 20019 UNITED STATES","No_Match","",NA
"5300 BLOCK OF  F ST SE WASHINGTON, DC 20019 UNITED STATES","Match","Non_Exact","11001011100"
"13TH STREET SE & MARION BARRY AVENUE SE WASHINGTON, DC 20020 UNITED STATES","Tie","",NA
"400 BLOCK OF  M STREET SE WASHINGTON, DC 20003 UNITED STATES","Match","Non_Exact","11001005900"
"1100 BLOCK OF  SPRING ROAD NW WASHINGTON, DC 20010 UNITED STATES","Match","Non_Exact","11001010400"
"1000 BLOCK OF  50TH STREET NE WASHINGTON, DC 20019 UNITED STATES","Match","Non_Exact","11001008802"
"1500 BLOCK OF  17TH STREET SE WASHINGTON, DC 20020 UNITED STATES","Match","Exact","11001009603"
"2200 BLOCK OF  14TH STREET NW WASHINGTON, DC 20009 UNITED STATES","Match","Non_Exact","11001005802"
"1600 BLOCK OF  MONTELLO AVENUE NE WASHINGTON, DC 20002 UNITED STATES","Match","Non_Exact","11001009904"
"1800 BLOCK OF  PROVIDENCE STREET NE WASHINGTON, DC 20002 UNITED STATES","Match","Non_Exact","11001009901"
"5100 BLOCK OF  SOUTHERN AVENUE SE WASHINGTON, DC 20019 UNITED STATES","Match","Non_Exact","11001004901"
"3700 BLOCK OF  9TH STREET SE WASHINGTON, DC 20032 UNITED STATES","Match","Non_Exact","11001011100"
"1100 BLOCK OF  K STREET SE WASHINGTON, DC 20003 UNITED STATES","Match","Non_Exact","11001009907"
"4200 BLOCK OF  MASSACHUSETTS AVENUE NW WASHINGTON, DC 20016 UNITED STATES","Match","Non_Exact","11001009905"
"4800 BLOCK OF  BASS PLACE SE WASHINGTON, DC 20019 UNITED STATES","No_Match","",NA
"1200 BLOCK OF  M STREET NW WASHINGTON, DC 20005 UNITED STATES","Match","Non_Exact","11001007203"
"900 BLOCK OF  MICHIGAN AVENUE NE WASHINGTON, DC 20017 UNITED STATES","Match","Non_Exact","11001002900"
"1600 BLOCK OF  MARION BARRY AVENUE SE WASHINGTON, DC 20020 UNITED STATES","Match","Non_Exact","11001007806"
"5300 BLOCK OF  DRAKE PLACE SE WASHINGTON, DC 20019 UNITED STATES","Match","Non_Exact","11001007601"
"5300 BLOCK OF  DRAKE PL SE WASHINGTON, DC 20019 UNITED STATES","Match","Non_Exact","11001004300"
"2200 BLOCK OF  H STREET NE WASHINGTON, DC 20002 UNITED STATES","Match","Non_Exact","11001008804"
"800 BLOCK OF  44TH STREET NE WASHINGTON, DC 20019 UNITED STATES","Match","Non_Exact","11001008803"
"1100 BLOCK OF  CONNECTICUT AVENUE NW WASHINGTON, DC 20036 UNITED STATES","No_Match","",NA
"1800 BLOCK OF  MARION BARRY AVENUE SE WASHINGTON, DC 20020 UNITED STATES","Match","Non_Exact","11001009801"
"100 BLOCK OF  FRANKLIN ST NE WASHINGTON, DC 20002 UNITED STATES","Match","Non_Exact","11001007100"
"200 BLOCK OF  16TH STREET NE WASHINGTON, DC 20002 UNITED STATES","Match","Non_Exact","11001000803"
"NEW JERSEY AVENUE NW & NEW YORK AVENUE NW WASHINGTON, DC 20001 UNITED STATES","Match","Non_Exact","11001009906"
"2100 BLOCK OF  G STREET NE WASHINGTON, DC 20002 UNITED STATES","Match","Non_Exact","11001005004"
"1400 BLOCK OF  HOWARD ROAD SE WASHINGTON, DC 20020 UNITED STATES","Match","Non_Exact","11001009504"
"UNIT BLOCK OF  RANDOLPH PLACE NE WASHINGTON, DC 20002 UNITED STATES","No_Match","",NA
"2400 BLOCK OF  ELVANS ROAD SE WASHINGTON, DC 20020 UNITED STATES","Match","Non_Exact","11001009905"
"BARNABY RUN OXON HILL, MARYLAND 20745 UNITED STATES","Match","Non_Exact","11001009905"
"3500 BLOCK OF  MINNESOTA AVENUE SE WASHINGTON, DC 20019 UNITED STATES","Match","Non_Exact","11001008904"
"ST MATTHEWS COURT NW & RHODE ISLAND AVENUE NW WASHINGTON, DC 20036 UNITED STATES","Match","Non_Exact","11001007803"
"8TH STREET NE & H STREET NE WASHINGTON, DC 20002 UNITED STATES","Match","Non_Exact","11001010700"
"BAY STREET SE & 17TH STREET SE WASHINGTON, DC 20003 UNITED STATES","No_Match","",NA
"4600 BLOCK OF  FOOTE STREET NE WASHINGTON, DC 20019 UNITED STATES","Match","Non_Exact","11001009201"
"4500 BLOCK OF  WISCONSIN AVENUE NW WASHINGTON, DC 20016 UNITED STATES","Match","Non_Exact","11001008002"
"3000 BLOCK OF  GEORGIA AVENUE NW WASHINGTON, DC 20001 UNITED STATES","Match","Exact","11001004704"
"800 BLOCK OF  8TH STREET NW WASHINGTON, DC 20001 UNITED STATES","Match","Non_Exact","11001008904"
"800 BLOCK OF  I STREET NW WASHINGTON, DC 20001 UNITED STATES","Match","Non_Exact","11001007407"
"900 BLOCK OF  7TH STREET NW WASHINGTON, DC 20001 UNITED STATES","No_Match","",NA
"4500 BLOCK OF  13TH STREET NW WASHINGTON, DC 20011 UNITED STATES","Match","Non_Exact","11001007406"
"UNIT BLOCK OF  P ST NW WASHINGTON, DC 20002 UNITED STATES","No_Match","",NA
"3500 BLOCK OF  WHEELER ROAD SE WASHINGTON, DC 20032 UNITED STATES","Match","Non_Exact","11001007708"
"3000 BLOCK OF  MARTIN LUTHER KING JR AVENUE SE WASHINGTON, DC 20032 UNITED STATES","Match","Non_Exact","11001010700"
"1500 BLOCK OF  MISSISSIPPI AVENUE SE WASHINGTON, DC 20032 UNITED STATES","Match","Non_Exact","11001004401"
"2300 BLOCK OF  33RD STREET SE WASHINGTON, DC 20020 UNITED STATES","Match","Exact","11001010602"
"400 BLOCK OF  V STREET NW WASHINGTON, DC 20001 UNITED STATES","Match","Exact","11001006801"
"400 BLOCK OF  W STREET NW WASHINGTON, DC 20001 UNITED STATES","Match","Non_Exact","11001007804"
"700 BLOCK OF  NEWTON PLACE NW WASHINGTON, DC 20010 UNITED STATES","Match","Non_Exact","11001001004"
"3900 BLOCK OF  13TH STREET SE WASHINGTON, DC 20032 UNITED STATES","Match","Non_Exact","11001003100"
"600 BLOCK OF  MONROE STREET NE WASHINGTON, DC 20017 UNITED STATES","Match","Non_Exact","11001005802"
"700 BLOCK OF  IRVING ST NW WASHINGTON, DC 20010 UNITED STATES","Match","Non_Exact","11001005802"
"1300 BLOCK OF  V STREET NW WASHINGTON, DC 20009 UNITED STATES","Match","Non_Exact","11001005802"
"5100 BLOCK OF  FITCH STREET SE WASHINGTON, DC 20019 UNITED STATES","Match","Exact","11001003500"
"2000 BLOCK OF  WEST VIRGINIA AVENUE NE WASHINGTON, DC 20002 UNITED STATES","Match","Non_Exact","11001007601"
"1200 BLOCK OF  PENN STREET NE WASHINGTON, DC 20002 UNITED STATES","Match","Exact","11001007408"
"2700 BLOCK OF  VIRGINIA AVENUE NW WASHINGTON, DC 20037 UNITED STATES","Match","Non_Exact","11001007707"
"400 BLOCK OF  MELLON STREET SE WASHINGTON, DC 20032 UNITED STATES","Match","Non_Exact","11001007409"
"2700 BLOCK OF  WADE ROAD SE WASHINGTON, DC 20020 UNITED STATES","Match","Non_Exact","11001007502"
"200 BLOCK OF  L STREET SW WASHINGTON, DC 20024 UNITED STATES","Match","Non_Exact","11001007601"
"4900 BLOCK OF  QUARLES STREET NE WASHINGTON, DC 20019 UNITED STATES","Match","Non_Exact","11001003100"
"4200 BLOCK OF  WHEELER ROAD SE WASHINGTON, DC 20032 UNITED STATES","No_Match","",NA
"3000 BLOCK OF  MOUNT PLEASANT STREET NW WASHINGTON, DC 20009 UNITED STATES","Match","Non_Exact","11001007409"
"1100 BLOCK OF  49TH STREET NE WASHINGTON, DC 20019 UNITED STATES","Match","Non_Exact","11001002702"
"1300 BLOCK OF  NORTH CAPITOL STREET NW WASHINGTON, DC 20001 UNITED STATES","Match","Non_Exact","11001007304"
"1400 BLOCK OF  COLUMBIA ROAD NW WASHINGTON, DC 20009 UNITED STATES","Match","Non_Exact","11001007806"
"16TH STREET NW & SPRING ROAD NW WASHINGTON, DC 20010 UNITED STATES","Match","Non_Exact","11001005004"
"1800 BLOCK OF  BENNING ROAD NE WASHINGTON, DC 20002 UNITED STATES","Match","Non_Exact","11001004600"
"600 BLOCK OF  H STREET NE WASHINGTON, DC 20002 UNITED STATES","Match","Non_Exact","11001002802"
"300 BLOCK OF  H STREET NE WASHINGTON, DC 20002 UNITED STATES","Match","Exact","11001002704"
"6300 BLOCK OF  GEORGIA AVENUE NW WASHINGTON, DC 20011 UNITED STATES","Match","Non_Exact","11001008904"
"5100 BLOCK OF  B STREET SE WASHINGTON, DC 20019 UNITED STATES","Match","Non_Exact","11001010602"
"3000 BLOCK OF  BUENA VISTA TERRACE SE WASHINGTON, DC 20020 UNITED STATES","Match","Non_Exact","11001010602"
"2000 BLOCK OF  19TH PLACE SE WASHINGTON, DC 20020 UNITED STATES","Match","Non_Exact","11001001804"
"6700 BLOCK OF  GEORGIA AVENUE NW WASHINGTON, DC 20012 UNITED STATES","Match","Non_Exact","11001009905"
"1100 BLOCK OF  EUCLID STREET NW WASHINGTON, DC 20009 UNITED STATES","Match","Non_Exact","11001009905"
"400 BLOCK OF  ATLANTIC STREET SE WASHINGTON, DC 20032 UNITED STATES","Match","Non_Exact","11001008803"
"4200 BLOCK OF  MARTIN LUTHER KING JR AVENUE SW WASHINGTON, DC 20032 UNITED STATES","Match","Non_Exact","11001008802"
"4000 BLOCK OF  WHEELER ROAD SE WASHINGTON, DC 20032 UNITED STATES","Match","Non_Exact","11001005602"
"5800 BLOCK OF  EAST CAPITOL STREET SE WASHINGTON, DC 20019 UNITED STATES","Match","Non_Exact","11001010400"
"4600 BLOCK OF  HILLSIDE ROAD SE WASHINGTON, DC 20019 UNITED STATES","Match","Non_Exact","11001007401"
"1800 BLOCK OF  WILTBERGER STREET NW WASHINGTON, DC 20001 UNITED STATES","Match","Non_Exact","11001010500"
"UNIT BLOCK OF  M STREET NE WASHINGTON, DC 20002 UNITED STATES","Match","Non_Exact","11001007806"
"4200 BLOCK OF  7TH STREET SE WASHINGTON, DC 20032 UNITED STATES","Match","Non_Exact","11001009700"
"1600 BLOCK OF  17TH PLACE SE WASHINGTON, DC 20020 UNITED STATES","No_Match","",NA
"100 BLOCK OF  18TH STREET SE WASHINGTON, DC 20003 UNITED STATES","Match","Non_Exact","11001007504"
"400 BLOCK OF  OKLAHOMA AVENUE NE WASHINGTON, DC 20002 UNITED STATES","Match","Non_Exact","11001001804"
"I STREET NE & 17TH STREET NE WASHINGTON, DC 20002 UNITED STATES","Match","Non_Exact","11001003600"
"2ND STREET NW & D STREET NW WASHINGTON, DC 20001 UNITED STATES","Match","Non_Exact","11001009802"
"UNIT BLOCK OF  K STREET SE WASHINGTON, DC 20003 UNITED STATES","Match","Non_Exact","11001009807"
"1300 BLOCK OF  NICHOLSON STREET NW WASHINGTON, DC 20011 UNITED STATES","Match","Non_Exact","11001009700"
"1100 BLOCK OF  NEW JERSEY AVE SE WASHINGTON, DC 20003 UNITED STATES","No_Match","",NA
"6200 BLOCK OF  BANKS PLACE NE WASHINGTON, DC 20019 UNITED STATES","Match","Non_Exact","11001007707"
"2200 BLOCK OF  SAVANNAH ST SE WASHINGTON, DC 20020 UNITED STATES","Match","Non_Exact","11001004801"
"1900 BLOCK OF  SOUTH CAPITOL ST WASHINGTON, DC 20003 UNITED STATES","No_Match","",NA
"400 BLOCK OF  54TH STREET SE WASHINGTON, DC 20019 UNITED STATES","Match","Non_Exact","11001009811"
"1300 BLOCK OF  NEAL STREET NE WASHINGTON, DC 20002 UNITED STATES","Match","Non_Exact","11001007601"
"4400 BLOCK OF  E STREET SE WASHINGTON, DC 20019 UNITED STATES","Match","Non_Exact","11001006801"
"5200 BLOCK OF  FOOTE STREET NE WASHINGTON, DC 20019 UNITED STATES","Match","Non_Exact","11001007903"
"1200 BLOCK OF  47TH PLACE NE WASHINGTON, DC 20019 UNITED STATES","Match","Exact","11001008904"
"1300 BLOCK OF  SOUTHERN AVENUE SE WASHINGTON, DC 20032 UNITED STATES","Match","Exact","11001005900"
"2919-2999 BLOCK MARTIN LUTHER KING JR AVENUE SE WASHINGTON, DC 20032 UNITED STATES","No_Match","",NA
"100 BLOCK OF  WILMINGTON PLACE SE WASHINGTON, DC 20032 UNITED STATES","No_Match","",NA
"2600 BLOCK OF  BOWEN ROAD SE WASHINGTON, DC 20020 UNITED STATES","Match","Non_Exact","11001007203"
"2900 BLOCK OF  MARTIN LUTHER KING JR AVENUE SE WASHINGTON, DC 20032 UNITED STATES","Match","Non_Exact","11001007808"
"3400 BLOCK OF  14TH STREET NW WASHINGTON, DC 20010 UNITED STATES","Match","Non_Exact","11001007403"
"N STREET SE & 11TH STREET SE WASHINGTON, DC 20374 UNITED STATES","Tie","",NA
"700 BLOCK OF  MORTON STREET NW WASHINGTON, DC 20010 UNITED STATES","Match","Non_Exact","11001009905"
"1500 BLOCK OF  NORTH CAPITOL STREET NW WASHINGTON, DC 20002 UNITED STATES","Match","Non_Exact","11001008802"
"25TH STREET SE & ALABAMA AVENUE SE WASHINGTON, DC 20020 UNITED STATES","Match","Non_Exact","11001009907"
"3100 BLOCK OF  STANTON ROAD SE WASHINGTON, DC 20020 UNITED STATES","Match","Non_Exact","11001007807"
"1700 BLOCK OF  BRUCE PLACE SE WASHINGTON, DC 20020 UNITED STATES","Match","Non_Exact","11001007806"
"800 BLOCK OF  MT VERNON PLACE NW WASHINGTON, DC 20001 UNITED STATES","Match","Non_Exact","11001007304"
"4100 BLOCK OF  4TH STREET SE WASHINGTON, DC 20032 UNITED STATES","Match","Non_Exact","11001010400"
"1700 BLOCK OF  GALES PLACE NE WASHINGTON, DC 20002 UNITED STATES","Match","Non_Exact","11001009803"
"4100 BLOCK OF  BECK STREET SE WASHINGTON, DC 20019 UNITED STATES","Match","Non_Exact","11001007407"
"1100 BLOCK OF  RHODE ISLAND AVENUE NW WASHINGTON, DC 20005 UNITED STATES","Match","Non_Exact","11001010400"
"2600 BLOCK OF  4TH STREET NE WASHINGTON, DC 20002 UNITED STATES","No_Match","",NA
"500 BLOCK OF  RHODE ISLAND AVENUE NE WASHINGTON, DC 20002 UNITED STATES","Match","Non_Exact","11001005004"
"900 BLOCK OF  5TH STREET NW WASHINGTON, DC 20001 UNITED STATES","Match","Non_Exact","11001003100"
"1500 BLOCK OF  HARRY THOMAS WAY NE WASHINGTON, DC 20002 UNITED STATES","Match","Non_Exact","11001004600"
"600 BLOCK OF  ORLEANS PLACE NE WASHINGTON, DC 20002 UNITED STATES","Match","Exact","11001007502"
"1800 BLOCK OF  ALABAMA AVENUE SE WASHINGTON, DC 20020 UNITED STATES","Match","Non_Exact","11001007404"
"UNIT BLOCK OF  BANNER LANE NW WASHINGTON, DC 20001 UNITED STATES","Match","Non_Exact","11001007404"
"2300 BLOCK OF  GOOD HOPE COURT SE WASHINGTON, DC 20020 UNITED STATES","Match","Non_Exact","11001005802"
"2800 BLOCK OF  DENVER STREET SE WASHINGTON, DC 20020 UNITED STATES","Match","Non_Exact","11001009802"
"2700 BLOCK OF  MINNESOTA AVENUE SE WASHINGTON, DC 20019 UNITED STATES","Match","Non_Exact","11001007901"
"9TH STREET SE & BARNABY STREET SE WASHINGTON, DC 20032 UNITED STATES","Match","Non_Exact","11001009902"
"NORTH CAPITOL STREET NW & RHODE ISLAND AVENUE NW WASHINGTON, DC 20002 UNITED STATES","Match","Non_Exact","11001005001"
"1200 BLOCK OF  G STREET NW WASHINGTON, DC 20005 UNITED STATES","Match","Non_Exact","11001009204"
"1300 BLOCK OF  HOWARD ROAD SE WASHINGTON, DC 20020 UNITED STATES","Match","Non_Exact","11001009204"
"3100 BLOCK OF  GEORGIA AVENUE NW WASHINGTON, DC 20010 UNITED STATES","Match","Non_Exact","11001004702"
"1500 BLOCK OF  28TH STREET SE WASHINGTON, DC 20020 UNITED STATES","Match","Non_Exact","11001008702"
"6200 BLOCK OF  CLAY STREET NE WASHINGTON, DC 20019 UNITED STATES","Match","Non_Exact","11001010602"
"100 BLOCK OF  N STREET NE WASHINGTON, DC 20002 UNITED STATES","Match","Non_Exact","11001007404"
"1900 BLOCK OF  CAPITOL AVENUE NE WASHINGTON, DC 20002 UNITED STATES","No_Match","",NA
"2600 BLOCK OF  14TH STREET NW WASHINGTON, DC 20009 UNITED STATES","Match","Non_Exact","11001007605"
"1400 BLOCK OF  U STREET NW WASHINGTON, DC 20009 UNITED STATES","Match","Non_Exact","11001007603"
"300 BLOCK OF  M STREET SW WASHINGTON, DC 20024 UNITED STATES","Match","Non_Exact","11001007709"
"1400 BLOCK OF  OTIS PLACE NW WASHINGTON, DC 20010 UNITED STATES","Match","Exact","11001009700"
"GEORGIA AVENUE NW & FLORIDA AVENUE NW WASHINGTON, DC 20001 UNITED STATES","No_Match","",NA
"2000 BLOCK OF  NAYLOR ROAD SE WASHINGTON, DC 20020 UNITED STATES","Match","Non_Exact","11001005802"
"JASPER STREET SE & ALABAMA AVENUE SE WASHINGTON, DC 20020 UNITED STATES","Match","Non_Exact","11001007407"
"4900 BLOCK OF  BENNING ROAD SE WASHINGTON, DC 20019 UNITED STATES","Match","Non_Exact","11001003100"
"3400 BLOCK OF  23RD STREET SE WASHINGTON, DC 20020 UNITED STATES","Match","Non_Exact","11001009102"
"2800 BLOCK OF  GAINESVILLE STREET SE WASHINGTON, DC 20020 UNITED STATES","Match","Non_Exact","11001007604"
"1900 BLOCK OF  14TH STREET SE WASHINGTON, DC 20020 UNITED STATES","Match","Non_Exact","11001007808"
"700 BLOCK OF  COLUMBIA ROAD NW WASHINGTON, DC 20001 UNITED STATES","Match","Non_Exact","11001010601"
"BENNING ROAD SE WASHINGTON, DC 20019 UNITED STATES","Match","Non_Exact","11001008803"
"3500 BLOCK OF  STANTON ROAD SE WASHINGTON, DC 20020 UNITED STATES","Match","Non_Exact","11001003702"
"1300 BLOCK OF  SAVANNAH PLACE SE WASHINGTON, DC 20032 UNITED STATES","Match","Non_Exact","11001004300"
"1100 BLOCK OF  12TH STREET NW WASHINGTON, DC 20005 UNITED STATES","Match","Non_Exact","11001011001"
"1200 BLOCK OF  BRENTWOOD ROAD NE WASHINGTON, DC 20018 UNITED STATES","Match","Non_Exact","11001002801"
"5700 BLOCK OF  8TH STREET NW WASHINGTON, DC 20011 UNITED STATES","Match","Non_Exact","11001007901"
"M STREET NE & NORTH CAPITOL STREET WASHINGTON, DC 20002 UNITED STATES","Match","Non_Exact","11001001901"
"600 BLOCK OF  MORTON PLACE NE WASHINGTON, DC 20002 UNITED STATES","Match","Non_Exact","11001002503"
"1200 BLOCK OF  18TH STREET NE WASHINGTON, DC 20002 UNITED STATES","Match","Exact","11001003500"
"4600 BLOCK OF  EAST CAPITOL STREET SE WASHINGTON, DC 20019 UNITED STATES","Match","Non_Exact","11001007304"
"1500 BLOCK OF  HALF STREET SW WASHINGTON, DC 20024 UNITED STATES","Tie","",NA
"1200 BLOCK OF  RAUM STREET NE WASHINGTON, DC 20002 UNITED STATES","Match","Non_Exact","11001007404"
"200 BLOCK OF  S STREET NW WASHINGTON, DC 20001 UNITED STATES","Match","Non_Exact","11001008904"
"2ND STREET NW & FLORIDA AVENUE NW WASHINGTON, DC 20001 UNITED STATES","Match","Non_Exact","11001005004"
"3000 BLOCK OF  NAYLOR ROAD SE WASHINGTON, DC 20020 UNITED STATES","Match","Non_Exact","11001002202"
"SOUTHERN AVENUE SE & SOUTH CAPITOL STREET WASHINGTON, DC 20032 UNITED STATES","Match","Non_Exact","11001007603"
"3500 BLOCK OF  JAY STREET NE WASHINGTON, DC 20019 UNITED STATES","Tie","",NA
"55TH STREET SE & AYERS PLACE SE WASHINGTON, DC 20019 UNITED STATES","Tie","",NA
"100 BLOCK OF  KENNEDY STREET NW WASHINGTON, DC 20011 UNITED STATES","Match","Non_Exact","11001007503"
"6500 BLOCK OF  GEORGIA AVENUE NW WASHINGTON, DC 20012 UNITED STATES","No_Match","",NA
"3900 BLOCK OF  WHEELER ROAD SE WASHINGTON, DC 20032 UNITED STATES","Match","Exact","11001009903"
"3500 BLOCK OF  22ND STREET SE WASHINGTON, DC 20020 UNITED STATES","Match","Non_Exact","11001002102"
"18TH STREET NW & H STREET NW WASHINGTON, DC 20006 UNITED STATES","Match","Non_Exact","11001001804"
"400 BLOCK OF  RHODE ISLAND AVENUE NW WASHINGTON, DC 20001 UNITED STATES","Match","Non_Exact","11001009700"
"8TH STREET NW & FLORIDA AVENUE NW WASHINGTON, DC 20001 UNITED STATES","Match","Non_Exact","11001007409"
"1600 BLOCK OF  14TH STREET NW WASHINGTON, DC 20009 UNITED STATES","Match","Exact","11001010700"
"1400 BLOCK OF  MONTELLO AVENUE NE WASHINGTON, DC 20002 UNITED STATES","Match","Non_Exact","11001004600"
"600 BLOCK OF  K STREET NW WASHINGTON, DC 20001 UNITED STATES","Match","Non_Exact","11001002101"
"2000 BLOCK OF  14TH STREET NW WASHINGTON, DC 20009 UNITED STATES","Match","Non_Exact","11001010603"
"2200 BLOCK OF  HARTFORD STREET SE WASHINGTON, DC 20020 UNITED STATES","Match","Non_Exact","11001010602"
"700 BLOCK OF  KENILWORTH AVENUE NE WASHINGTON, DC 20019 UNITED STATES","Match","Non_Exact","11001008903"
"CLAY PLACE NE & MINNESOTA AVENUE NE WASHINGTON, DC 20019 UNITED STATES","No_Match","",NA
"29221/2 MARTIN LUTHER KING JR AVENUE SE WASHINGTON, DC 20032 UNITED STATES","Match","Non_Exact","11001006400"
"700 BLOCK OF  BUTTERNUT STREET NW WASHINGTON, DC 20012 UNITED STATES","Match","Non_Exact","11001008804"
"6500 BLOCK OF  BLAIR ROAD NW WASHINGTON, DC 20012 UNITED STATES","Match","Non_Exact","11001003400"
"600 BLOCK OF  INGRAHAM STREET NW WASHINGTON, DC 20011 UNITED STATES","Match","Exact","11001004600"
"1900-BLK MONTANA AVE NE WASHINGTON, DC 20002 UNITED STATES","Match","Exact","11001003500"
"2200 BLOCK OF  15TH STREET NE WASHINGTON, DC 20018 UNITED STATES","Match","Non_Exact","11001005202"
"2100 BLOCK OF  WEST VIRGINIA AVENUE NE WASHINGTON, DC 20002 UNITED STATES","Match","Non_Exact","11001008802"
"1100 BLOCK OF  HOWARD ROAD SE WASHINGTON, DC 20020 UNITED STATES","Match","Non_Exact","11001004702"
"200 BLOCK OF  I STREET NE WASHINGTON, DC 20002 UNITED STATES","Match","Non_Exact","11001004300"
"2700 BLOCK OF  DOUGLAS PLACE SE WASHINGTON, DC 20020 UNITED STATES","Match","Non_Exact","11001007408"
"6100 BLOCK OF  GEORGIA AVENUE NW WASHINGTON, DC 20011 UNITED STATES","Match","Non_Exact","11001009602"
"500 BLOCK OF  61ST STREET NE WASHINGTON, DC 20019 UNITED STATES","Match","Exact","11001009603"
"200 BLOCK OF  56TH STREET NE WASHINGTON, DC 20019 UNITED STATES","No_Match","",NA
"UNIT BLOCK OF  O STREET NW WASHINGTON, DC 20001 UNITED STATES","Match","Non_Exact","11001010300"
"UNIT BLOCK OF  HANOVER PLACE NW WASHINGTON, DC 20001 UNITED STATES","Match","Non_Exact","11001001902"
"1900 BLOCK OF  MINNESOTA AVENUE SE WASHINGTON, DC 20020 UNITED STATES","Match","Non_Exact","11001002101"
"1300 BLOCK OF  QUINCY STREET NW WASHINGTON, DC 20011 UNITED STATES","Match","Non_Exact","11001011100"
"3900 BLOCK OF  14TH STREET NW WASHINGTON, DC 20011 UNITED STATES","Match","Non_Exact","11001009102"
"1200 BLOCK OF  PENNSYLVANIA AVENUE SE WASHINGTON, DC 20003 UNITED STATES","Match","Non_Exact","11001008803"
"1200 BLOCK OF  INGRAHAM STREET NW WASHINGTON, DC 20011 UNITED STATES","Match","Non_Exact","11001007401"
"4400 BLOCK OF  IOWA AVE NW WASHINGTON, DC 20011 UNITED STATES","Match","Non_Exact","11001010602"
"4300 BLOCK OF  13TH STREET NW WASHINGTON, DC 20011 UNITED STATES","Match","Non_Exact","11001007406"
"700 BLOCK OF  G STREET NW WASHINGTON, DC 20001 UNITED STATES","Match","Non_Exact","11001001804"
"16TH STREET NW & UPSHUR STREET NW WASHINGTON, DC 20011 UNITED STATES","Match","Non_Exact","11001007807"
"2400 BLOCK OF  14TH STREET NW WASHINGTON, DC 20009 UNITED STATES","Match","Non_Exact","11001007808"
"1000 BLOCK OF  13TH STREET SE WASHINGTON, DC 20003 UNITED STATES","No_Match","",NA
"3600 BLOCK OF  22ND STREET SE WASHINGTON, DC 20020 UNITED STATES","No_Match","",NA
"3400 BLOCK OF  STANTON ROAD SE WASHINGTON, DC 20020 UNITED STATES","Match","Non_Exact","11001007601"
"200 BLOCK OF  37TH STREET SE WASHINGTON, DC 20019 UNITED STATES","Match","Non_Exact","11001002504"
"3200 BLOCK OF  4 STREET SE WASHINGTON, DC 20019 UNITED STATES","Match","Non_Exact","11001002504"
"2500 BLOCK OF  ELVANS ROAD SE WASHINGTON, DC 20020 UNITED STATES","No_Match","",NA
"1400 BLOCK OF  MARION BARRY AVENUE SE WASHINGTON, DC 20020 UNITED STATES","Match","Non_Exact","11001002002"
"UNIT BLOCK OF  N STREET NW WASHINGTON, DC 20001 UNITED STATES","Match","Non_Exact","11001002501"
"2300 BLOCK OF  GEORGIA AVENUE NW WASHINGTON, DC 20001 UNITED STATES","Match","Non_Exact","11001002501"
"48TH PLACE NE & MEADE STREET NE WASHINGTON, DC 20019 UNITED STATES","Match","Non_Exact","11001005802"
"4400 BLOCK OF  BOWEN ROAD SE WASHINGTON, DC 20019 UNITED STATES","Match","Exact","11001002600"
"600 BLOCK OF  46TH PLACE SE WASHINGTON, DC 20019 UNITED STATES","Match","Non_Exact","11001003701"
"3800 BLOCK OF  ALABAMA AVENUE SE WASHINGTON, DC 20020 UNITED STATES","Match","Non_Exact","11001007100"
"100 BLOCK OF  H STREET SE WASHINGTON, DC 20003 UNITED STATES","Match","Non_Exact","11001007409"
"16TH STREET NE & GALES STREET NE WASHINGTON, DC 20002 UNITED STATES","Match","Non_Exact","11001007409"
"1600 BLOCK OF  11TH PLACE NE WASHINGTON, DC 20002 UNITED STATES","Match","Non_Exact","11001007703"
"KEEFER PLACE NW & GEORGIA AVENUE NW WASHINGTON, DC 20010 UNITED STATES","No_Match","",NA
"1500 BLOCK OF  1ST STREET SW WASHINGTON, DC 20024 UNITED STATES","Match","Non_Exact","11001007406"
"700 BLOCK OF  YUMA STREET SE WASHINGTON, DC 20032 UNITED STATES","No_Match","",NA
"200 BLOCK OF  10TH STREET SE WASHINGTON, DC 20003 UNITED STATES","No_Match","",NA
"3300 BLOCK OF  18TH STREET SE WASHINGTON, DC 20020 UNITED STATES","Match","Non_Exact","11001003500"
"2400 BLOCK OF  18TH STREET NW WASHINGTON, DC 20009 UNITED STATES","Match","Exact","11001007806"
"3900 BLOCK OF  4TH STREET SE WASHINGTON, DC 20032 UNITED STATES","Match","Non_Exact","11001007707"
"2200 BLOCK OF  NEW YORK AVENUE NE WASHINGTON, DC 20002 UNITED STATES","Match","Non_Exact","11001009907"
"7TH STREET NW & FLORIDA AVENUE NW WASHINGTON, DC 20001 UNITED STATES","Match","Non_Exact","11001009902"
"6TH STREET NW & FLORIDA AVENUE NW WASHINGTON, DC 20001 UNITED STATES","Tie","",NA
"2000 BLOCK OF  MARYLAND AVENUE NE WASHINGTON, DC 20002 UNITED STATES","Match","Exact","11001007901"
"500 BLOCK OF  PARKLAND PLACE SE WASHINGTON, DC 20032 UNITED STATES","Match","Non_Exact","11001008804"
"300 BLOCK OF  PARKLAND PLACE SE WASHINGTON, DC 20032 UNITED STATES","Match","Exact","11001003100"
"2300 BLOCK OF  4TH STREET NE WASHINGTON, DC 20002 UNITED STATES","Match","Non_Exact","11001006400"
"1200 BLOCK OF  MARION BARRY AVENUE SE WASHINGTON, DC 20020 UNITED STATES","Match","Non_Exact","11001009801"
"1700 BLOCK OF  P STREET NW WASHINGTON, DC 20036 UNITED STATES","Match","Non_Exact","11001006700"
"200 BLOCK OF  K STREET SW WASHINGTON, DC 20024 UNITED STATES","Match","Non_Exact","11001007403"
"22ND STREET SE & ALABAMA AVENUE SE WASHINGTON, DC 20020 UNITED STATES","Match","Non_Exact","11001004002"
"2200 BLOCK OF  5TH STREET NE WASHINGTON, DC 20002 UNITED STATES","Match","Non_Exact","11001009801"
"1700 BLOCK OF  GALES STREET NE WASHINGTON, DC 20002 UNITED STATES","Match","Non_Exact","11001011100"
"900-999 BLOCK UNDERWOOD STREET NW WASHINGTON, DC 20012 UNITED STATES","Match","Exact","11001003500"
"4100 BLOCK OF  GEORGIA AVENUE NW WASHINGTON, DC 20011 UNITED STATES","Match","Exact","11001003400"
"SHERMAN AVENUE NW & BARRY PLACE NW WASHINGTON, DC 20001 UNITED STATES","Match","Non_Exact","11001008903"
"3200 BLOCK OF  13TH STREET SE WASHINGTON, DC 20032 UNITED STATES","No_Match","",NA
"1300 BLOCK OF  SOUTH CAPITOL STREET SW WASHINGTON, DC 20003 UNITED STATES","Match","Non_Exact","11001010400"
"1700 BLOCK OF  ALABAMA AVENUE SE WASHINGTON, DC 20020 UNITED STATES","Match","Non_Exact","11001010400"
"1600 BLOCK OF  BENNING ROAD NE WASHINGTON, DC 20002 UNITED STATES","Match","Non_Exact","11001009203"
"1200 BLOCK OF  N STREET NW WASHINGTON, DC 20005 UNITED STATES","No_Match","",NA
"5000 BLOCK OF  NEW HAMPSHIRE AVENUE NW WASHINGTON, DC 20011 UNITED STATES","Match","Non_Exact","11001005303"
"MARTIN LUTHER KING JR AVENUE SE & RALEIGH PLACE SE WASHINGTON, DC 20032 UNITED STATES","Match","Non_Exact","11001010500"
"2200 BLOCK OF  MARTIN LUTHER KING JR AVENUE SE WASHINGTON, DC 20020 UNITED STATES","Match","Exact","11001007403"
"6500 BLOCK OF  SANDY SPRING ROAD NW WASHINGTON, DC 20012 UNITED STATES","Match","Non_Exact","11001008702"
"800 BLOCK OF  49TH STREET NE WASHINGTON, DC 20019 UNITED STATES","Match","Non_Exact","11001007804"
"800 BLOCK OF  ALLISON STREET NW WASHINGTON, DC 20011 UNITED STATES","Match","Non_Exact","11001003701"
"1700 BLOCK OF  6TH STREET NW WASHINGTON, DC 20001 UNITED STATES","Match","Non_Exact","11001007605"
"200 BLOCK OF  RHODE ISLAND AVENUE NE WASHINGTON, DC 20002 UNITED STATES","Match","Non_Exact","11001007503"
"3600 BLOCK OF  BENNING ROAD NE WASHINGTON, DC 20019 UNITED STATES","Match","Non_Exact","11001007504"
"2100 BLOCK OF  H STREET NE WASHINGTON, DC 20002 UNITED STATES","Match","Non_Exact","11001006801"
"100 BLOCK OF  Q STREET NW WASHINGTON, DC 20001 UNITED STATES","Match","Non_Exact","11001009503"
"500 BLOCK OF  BRANDYWINE STREET SE WASHINGTON, DC 20032 UNITED STATES","Match","Non_Exact","11001007406"
"1700 BLOCK OF  LINCOLN ROAD NE WASHINGTON, DC 20002 UNITED STATES","Match","Non_Exact","11001007403"
"1200 BLOCK OF  TALBERT STREET SE WASHINGTON, DC 20020 UNITED STATES","Match","Exact","11001003500"
"100 BLOCK OF  GALLATIN STREET NE WASHINGTON, DC 20011 UNITED STATES","Match","Non_Exact","11001007407"
"15TH STREET NE & BENNING ROAD NE WASHINGTON, DC 20002 UNITED STATES","Match","Non_Exact","11001006802"
"3000 BLOCK OF  STANTON ROAD SE WASHINGTON, DC 20020 UNITED STATES","Match","Non_Exact","11001009508"
"2800 BLOCK OF  LANGSTON PLACE SE WASHINGTON, DC 20020 UNITED STATES","Match","Non_Exact","11001009201"
"1400 BLOCK OF  CHAPIN STREET NW WASHINGTON, DC 20009 UNITED STATES","Match","Exact","11001007901"
"5400 BLOCK OF  GEORGIA AVENUE NW WASHINGTON, DC 20011 UNITED STATES","Match","Non_Exact","11001007407"
"2400 BLOCK OF  WAGNER STREET SE WASHINGTON, DC 20020 UNITED STATES","Match","Non_Exact","11001007408"
"2100 BLOCK OF  ALABAMA AVENUE SE WASHINGTON, DC 20020 UNITED STATES","Match","Non_Exact","11001003701"
"2200 BLOCK OF  14TH STREET SE WASHINGTON, DC 20020 UNITED STATES","Match","Non_Exact","11001002002"
"2100 BLOCK OF  MINNESOTA AVENUE SE WASHINGTON, DC 20020 UNITED STATES","Match","Non_Exact","11001007502"
"1600 BLOCK OF  4TH STREET NW WASHINGTON, DC 20001 UNITED STATES","Match","Non_Exact","11001007404"
"400 BLOCK OF  VALLEY AVENUE SE WASHINGTON, DC 20032 UNITED STATES","Match","Non_Exact","11001007503"
"600 BLOCK OF  U STREET NW WASHINGTON, DC 20001 UNITED STATES","Match","Non_Exact","11001007809"
"2ND STREET NE & SEATON PLACE NE WASHINGTON, DC 20002 UNITED STATES","Match","Non_Exact","11001002400"
"4400 BLOCK OF  SOUTHERN AVENUE SE WASHINGTON, DC 20019 UNITED STATES","Match","Non_Exact","11001004801"
"700 BLOCK OF  CHESAPEAKE STREET SE WASHINGTON, DC 20032 UNITED STATES","Match","Non_Exact","11001009203"
"1300 BLOCK OF  WALLACH PLACE NW WASHINGTON, DC 20009 UNITED STATES","No_Match","",NA
"2700-BLK SHIPLEY TER SE WASHINGTON, DC 20020 UNITED STATES","Match","Non_Exact","11001008904"
"1400 BLOCK OF  PERRY PLACE NW WASHINGTON, DC 20010 UNITED STATES","Match","Non_Exact","11001004600"
"600 BLOCK OF  PENNSYLVANIA AVE SE WASHINGTON, DC 20003 UNITED STATES","Match","Non_Exact","11001009802"
"2400 BLOCK OF  IRVING STREET SE WASHINGTON, DC 20020 UNITED STATES","Match","Non_Exact","11001008701"
"2200 BLOCK OF  16TH STREET SE WASHINGTON, DC 20020 UNITED STATES","Match","Non_Exact","11001007601"
"300 BLOCK OF  I STREET SW WASHINGTON, DC 20024 UNITED STATES","Match","Non_Exact","11001004600"
"2900 BLOCK OF  KNOX PLACE SE WASHINGTON, DC 20020 UNITED STATES","Match","Non_Exact","11001009801"
"4700 BLOCK OF  MARTIN LUTHER KING JR AVENUE SW WASHINGTON, DC 20032 UNITED STATES","Match","Non_Exact","11001003400"
"1800 BLOCK OF  LINCOLN ROAD NE WASHINGTON, DC 20002 UNITED STATES","Match","Exact","11001008702"
"1400 BLOCK OF  MORSE STREET NE WASHINGTON, DC 20002 UNITED STATES","Match","Non_Exact","11001007707"
"1800 BLOCK OF  H STREET NE WASHINGTON, DC 20002 UNITED STATES","Match","Non_Exact","11001009802"
"900 BLOCK OF  PENNSYLVANIA AVENUE SE WASHINGTON, DC 20003 UNITED STATES","Match","Non_Exact","11001004402"
"1600 BLOCK OF  NEW YORK AVENUE NE WASHINGTON, DC 20002 UNITED STATES","Match","Non_Exact","11001007408"
"2500 BLOCK OF  14TH STREET NE WASHINGTON, DC 20018 UNITED STATES","Match","Non_Exact","11001002801"
"200 BLOCK OF  36TH STREET SE WASHINGTON, DC 20019 UNITED STATES","No_Match","",NA
"4200 BLOCK OF  BROOKS STREET NE WASHINGTON, DC 20019 UNITED STATES","Match","Non_Exact","11001007408"
"2400 BLOCK OF  11TH ST NW DC, DC 20009 UNITED STATES","Match","Non_Exact","11001007504"
"4100 BLOCK OF  SOUTHERN AVENUE SE WASHINGTON, DC 20020 UNITED STATES","Match","Non_Exact","11001010201"
"2200 BLOCK OF  PAYNE TERRACE SE WASHINGTON, DC 20020 UNITED STATES","Match","Non_Exact","11001007502"
"2000 BLOCK OF  10TH STREET NW WASHINGTON, DC 20001 UNITED STATES","Match","Non_Exact","11001010900"
"N STREET SE & SOUTH CAPITOL STREET WASHINGTON, DC 20003 UNITED STATES","Match","Non_Exact","11001008701"
"4800 BLOCK OF  NORTH CAPITOL STREET NE WASHINGTON, DC 20011 UNITED STATES","Match","Non_Exact","11001008802"
"300 BLOCK OF  L STREET NE WASHINGTON, DC 20002 UNITED STATES","Match","Non_Exact","11001008904"
"2600 BLOCK OF  Q STREET SE WASHINGTON, DC 20020 UNITED STATES","Match","Non_Exact","11001006900"
"1500-1599 BLOCK 1ST STREET NE WASHINGTON, DC 20001 UNITED STATES","No_Match","",NA
"3700 BLOCK OF  1ST STREET SE WASHINGTON, DC 20032 UNITED STATES","Match","Non_Exact","11001009102"
"3500 BLOCK OF  19TH STREET SE WASHINGTON, DC 20020 UNITED STATES","Match","Non_Exact","11001007703"
"900 BLOCK OF  U ST NW WASHINGTON, DC 20001 UNITED STATES","Match","Non_Exact","11001007803"
"4600 BLOCK OF  BLAINE STREET NE WASHINGTON, DC 20019 UNITED STATES","No_Match","",NA
"4300 BLOCK OF  POLK STREET NE WASHINGTON, DC 20019 UNITED STATES","Match","Non_Exact","11001009902"
"3100 BLOCK OF  BUENA VISTA TERRACE SE WASHINGTON, DC 20020 UNITED STATES","Match","Non_Exact","11001007503"
"1600 BLOCK OF  MARYLAND AVENUE NE WASHINGTON, DC 20002 UNITED STATES","Match","Non_Exact","11001004401"
"4500 BLOCK OF  BENNING ROAD NE WASHINGTON, DC 20019 UNITED STATES","Match","Non_Exact","11001007201"
"4000 BLOCK OF  4TH STREET SE WASHINGTON, DC 20032 UNITED STATES","Match","Non_Exact","11001002202"
"400 BLOCK OF  57TH STREET NE WASHINGTON, DC 20019 UNITED STATES","Match","Non_Exact","11001010602"
"300 BLOCK OF  EASTERN AVENUE NE WASHINGTON, DC 20019 UNITED STATES","Match","Non_Exact","11001007604"
"800 BLOCK OF  FLORIDA AVENUE NW WASHINGTON, DC 20001 UNITED STATES","No_Match","",NA
"1200 BLOCK OF  19TH STREET NE WASHINGTON, DC 20002 UNITED STATES","Match","Non_Exact","11001009803"
"700 BLOCK OF  H STREET NW WASHINGTON, DC 20001 UNITED STATES","Match","Non_Exact","11001007409"
"2000 BLOCK OF  SAVANNAH TERRACE SE WASHINGTON, DC 20020 UNITED STATES","Match","Non_Exact","11001004402"
"4600 BLOCK OF  SOUTHERN AVENUE SE WASHINGTON, DC 20019 UNITED STATES","Match","Non_Exact","11001007803"
"5900 BLOCK OF  GEORGIA AVENUE NW WASHINGTON, DC 20011 UNITED STATES","Match","Non_Exact","11001009601"
"17TH STREET NE & BENNING ROAD NE WASHINGTON, DC 20002 UNITED STATES","Match","Non_Exact","11001007408"
"1200 BLOCK OF  HOLBROOK ST NE WASHINGTON, DC 20002 UNITED STATES","Match","Non_Exact","11001008903"
"1200 BLOCK OF  QUEEN STREET NE WASHINGTON, DC 20002 UNITED STATES","Match","Non_Exact","11001007803"
"1400 BLOCK OF  T STREET SE WASHINGTON, DC 20020 UNITED STATES","Match","Non_Exact","11001009802"
"1000 BLOCK OF  PALMER ALLEY NW WASHINGTON, DC 20001 UNITED STATES","Match","Non_Exact","11001007808"
"700 BLOCK OF  EDGEWOOD STREET NE WASHINGTON, DC 20017 UNITED STATES","Match","Non_Exact","11001007808"
"1400 BLOCK OF  L STREET SE WASHINGTON, DC 20003 UNITED STATES","Match","Non_Exact","11001004402"
"700 BLOCK OF  ATLANTIC STREET SE WASHINGTON, DC 20032 UNITED STATES","Match","Non_Exact","11001008903"
"1300 BLOCK OF  LONGFELLOW STREET NW WASHINGTON, DC 20011 UNITED STATES","Match","Non_Exact","11001005802"
"1800 BLOCK OF  TRENTON PLACE SE WASHINGTON, DC 20020 UNITED STATES","Match","Non_Exact","11001007403"
"1800 BLOCK OF  SAVANNAH STREET SE WASHINGTON, DC 20020 UNITED STATES","Match","Non_Exact","11001007707"
"800 BLOCK OF  ROCK CREEK CHURCH ROAD NW WASHINGTON, DC 20010 UNITED STATES","Match","Non_Exact","11001001804"
"300 BLOCK OF  57TH PLACE NE WASHINGTON, DC 20019 UNITED STATES","Match","Exact","11001007901"
"4600 BLOCK OF  6TH STREET SE WASHINGTON, DC 20032 UNITED STATES","Match","Non_Exact","11001008802"
"5700 BLOCK OF  FOOTE STREET NE WASHINGTON, DC 20019 UNITED STATES","Match","Non_Exact","11001008804"
"300 BLOCK OF  DELAFIELD PLACE NW WASHINGTON, DC 20011 UNITED STATES","Match","Non_Exact","11001007601"
"300 BLOCK OF  53RD STREET NE WASHINGTON, DC 20019 UNITED STATES","No_Match","",NA
"2000 BLOCK OF  MARTIN LUTHER KING JR AVENUE SE WASHINGTON, DC 20020 UNITED STATES","Match","Non_Exact","11001009204"
"4900 BLOCK OF  NANNIE HELEN BURROUGHS AVENUE NE WASHINGTON, DC 20019 UNITED STATES","Match","Non_Exact","11001007100"
"1400 BLOCK OF  BELMONT STREET NW WASHINGTON, DC 20009 UNITED STATES","Match","Non_Exact","11001009802"
"1800 BLOCK OF  18TH STREET SE WASHINGTON, DC 20020 UNITED STATES","Match","Non_Exact","11001002002"
"1500 BLOCK OF  W STREET SE WASHINGTON, DC 20020 UNITED STATES","Match","Non_Exact","11001007409"
"2300 BLOCK OF  PITTS PLACE SE WASHINGTON, DC 20020 UNITED STATES","Match","Non_Exact","11001004901"
"1500 BLOCK OF  INDEPENDENCE AVENUE SE WASHINGTON, DC 20003 UNITED STATES","Match","Non_Exact","11001007403"
"1600 BLOCK OF  MICHIGAN AVENUE NE WASHINGTON, DC 20017 UNITED STATES","Match","Non_Exact","11001003100"
"2600 BLOCK OF  DOUGLASS ROAD SE WASHINGTON, DC 20020 UNITED STATES","Match","Non_Exact","11001007808"
"1900 BLOCK OF  RIDGECREST COURT SE WASHINGTON, DC 20020 UNITED STATES","Match","Non_Exact","11001009811"
"8TH STREET NW & V STREET NW WASHINGTON, DC 20001 UNITED STATES","Match","Non_Exact","11001007807"
"700 BLOCK OF  15TH STREET SE WASHINGTON, DC 20003 UNITED STATES","Match","Non_Exact","11001002202"
"300 BLOCK OF  FRANKLIN STREET NE WASHINGTON, DC 20002 UNITED STATES","Match","Non_Exact","11001007808"
"700 BLOCK OF  S STREET NW WASHINGTON, DC 20001 UNITED STATES","Match","Non_Exact","11001007503"
"1214-1299 BLOCK MISSOURI AVENUE NW WASHINGTON, DC 20011 UNITED STATES","No_Match","",NA
"1200 BLOCK OF  UNDERWOOD STREET NW WASHINGTON, DC 20012 UNITED STATES","Match","Non_Exact","11001004802"
"300 BLOCK OF  L STREET SE WASHINGTON, DC 20003 UNITED STATES","Match","Non_Exact","11001004402"
"900-999 BLOCK RITTENHOUSE STREET NW WASHINGTON, DC 20011 UNITED STATES","Match","Non_Exact","11001007304"
"5900-5909 BLOCK PINEY BRANCH ROAD NW WASHINGTON, DC 20011 UNITED STATES","Match","Exact","11001009803"
"UNIT BLOCK OF  T STREET NE WASHINGTON, DC 20002 UNITED STATES","Match","Non_Exact","11001007409"
"100 BLOCK OF  57TH PLACE SE WASHINGTON, DC 20019 UNITED STATES","Match","Non_Exact","11001001002"
"1700 BLOCK OF  S STREET SE WASHINGTON, DC 20020 UNITED STATES","Match","Non_Exact","11001000202"
"600 BLOCK OF  H STREET SW WASHINGTON, DC 20024 UNITED STATES","Match","Non_Exact","11001007601"
"LINCOLN ROAD NE & RHODE ISLAND AVENUE NE WASHINGTON, DC 20002 UNITED STATES","Match","Non_Exact","11001007404"
"6400 BLOCK OF  GEORGIA AVENUE NW WASHINGTON, DC 20012 UNITED STATES","Tie","",NA
"1600 BLOCK OF  COLUMBIA ROAD NW WASHINGTON, DC 20009 UNITED STATES","No_Match","",NA
"900 BLOCK OF  EMERSON STREET NW WASHINGTON, DC 20011 UNITED STATES","Match","Non_Exact","11001001804"
"1200 BLOCK OF  NORTH CAPITOL ST WASHINGTON, DC 20002 UNITED STATES","Match","Non_Exact","11001002801"
"600 BLOCK OF  GRESHAM PLACE NW WASHINGTON, DC 20001 UNITED STATES","Match","Non_Exact","11001003802"
"JAMES PLACE NE & DIVISION AVENUE NE WASHINGTON, DC 20019 UNITED STATES","Match","Non_Exact","11001002201"
"5000 BLOCK OF  C STREET SE WASHINGTON, DC 20019 UNITED STATES","No_Match","",NA
"1200 BLOCK OF  NEW YORK AVENUE NW WASHINGTON, DC 20005 UNITED STATES","Match","Non_Exact","11001003400"
"300 BLOCK OF  18TH STREET NE WASHINGTON, DC 20002 UNITED STATES","Match","Exact","11001007809"
"800 BLOCK OF  T STREET NW WASHINGTON, DC 20001 UNITED STATES","Match","Non_Exact","11001009904"
"1100 BLOCK OF  BLADENSBURG ROAD NE WASHINGTON, DC 20002 UNITED STATES","Match","Non_Exact","11001005802"
"3600 BLOCK OF  14TH STREET NW WASHINGTON, DC 20010 UNITED STATES","Match","Non_Exact","11001007901"
"1100 BLOCK OF  NEW JERSEY AVENUE SE WASHINGTON, DC 20003 UNITED STATES","Match","Non_Exact","11001001804"
"1900 BLOCK OF  NAYLOR ROAD SE WASHINGTON, DC 20020 UNITED STATES","Match","Non_Exact","11001001804"
"33RD STREET SE & E STREET SE WASHINGTON, DC 20019 UNITED STATES","Match","Non_Exact","11001007203"
"3300 BLOCK OF  E ST SE WASHINGTON, DC 20019 UNITED STATES","Match","Non_Exact","11001001901"
"1300 BLOCK OF  CONNECTICUT AVENUE NW WASHINGTON, DC 20036 UNITED STATES","Match","Non_Exact","11001001804"
"500 BLOCK OF  EAMES STREET WASHINGTON, DC 20002 UNITED STATES","No_Match","",NA
"300 BLOCK OF  U STREET NW WASHINGTON, DC 20001 UNITED STATES","Match","Non_Exact","11001009903"
"3200 BLOCK OF  28TH STREET SE WASHINGTON, DC 20020 UNITED STATES","Match","Non_Exact","11001007601"
"100 BLOCK OF  M STREET SE WASHINGTON, DC 20003 UNITED STATES","Match","Non_Exact","11001010202"
"1900 BLOCK OF  FENDALL STREET SE WASHINGTON, DC 20020 UNITED STATES","Match","Non_Exact","11001004402"
"GRANT STREET NE & 42ND STREET NE WASHINGTON, DC 20019 UNITED STATES","Match","Non_Exact","11001008804"
"DIX STREET NE & 44TH STREET NE WASHINGTON, DC 20019 UNITED STATES","Match","Non_Exact","11001002801"
"300 BLOCK OF  34TH STREET NE WASHINGTON, DC 20019 UNITED STATES","Match","Non_Exact","11001007203"
"1300 BLOCK OF  V STREET SE WASHINGTON, DC 20020 UNITED STATES","Match","Non_Exact","11001007601"
"UNIT BLOCK OF  LOUISIANA AVENUE NW WASHINGTON, DC 20001 UNITED STATES","Match","Exact","11001007708"
"2900 BLOCK OF  NASH PLACE SE WASHINGTON, DC 20019 UNITED STATES","Match","Non_Exact","11001007708"
"500 BLOCK OF  12TH STREET SE WASHINGTON, DC 20003 UNITED STATES","Match","Non_Exact","11001010700"
"900 BLOCK OF  MISSOURI AVENUE NW WASHINGTON, DC 20011 UNITED STATES","No_Match","",NA
"GEORGIA AVENUE NW & PARK ROAD NW WASHINGTON, DC 20010 UNITED STATES","Match","Non_Exact","11001003400"
"1300 BLOCK OF  SARATOGA AVENUE NE WASHINGTON, DC 20018 UNITED STATES","Match","Non_Exact","11001007408"
"1400 BLOCK OF  SARATOGA AVENUE NE WASHINGTON, DC 20018 UNITED STATES","Match","Non_Exact","11001007202"
"4500 BLOCK OF  DOUGLAS STREET NE WASHINGTON, DC 20019 UNITED STATES","Match","Non_Exact","11001007504"
"900 BLOCK OF  49TH STREET NE WASHINGTON, DC 20019 UNITED STATES","Match","Exact","11001007803"
"100 BLOCK OF  ANACOSTIA AVENUE NE WASHINGTON, DC 20019 UNITED STATES","Match","Exact","11001007803"
"2300 BLOCK OF  SOUTH DAKOTA AVENUE NE WASHINGTON, DC 20018 UNITED STATES","Match","Non_Exact","11001009604"
"2500 BLOCK OF  BENNING ROAD NE WASHINGTON, DC 20002 UNITED STATES","Match","Non_Exact","11001007503"
"2600 BLOCK OF  POMEROY ROAD SE WASHINGTON, DC 20020 UNITED STATES","No_Match","",NA
"100 BLOCK OF  STERLING ST SE DC, DC 20020 UNITED STATES","Match","Non_Exact","11001007709"
"1200 BLOCK OF  NEAL STREET NE WASHINGTON, DC 20002 UNITED STATES","Match","Non_Exact","11001006900"
"1100 BLOCK OF  21ST STREET NE WASHINGTON, DC 20002 UNITED STATES","Match","Non_Exact","11001002101"
"1600 BLOCK OF  MASSACHUSETTS AVENUE SE WASHINGTON, DC 20003 UNITED STATES","Match","Exact","11001003100"
"800 BLOCK OF  6TH STREET NE WASHINGTON, DC 20002 UNITED STATES","Match","Non_Exact","11001009102"
"3500 BLOCK OF  6TH STREET SE WASHINGTON, DC 20032 UNITED STATES","Match","Non_Exact","11001009102"
"200 BLOCK OF  ATLANTIC STREET SE WASHINGTON, DC 20032 UNITED STATES","Match","Non_Exact","11001009601"
"900 BLOCK OF  H STREET NE WASHINGTON, DC 20002 UNITED STATES","Match","Non_Exact","11001007809"
"1000 BLOCK OF  12TH STREET SE WASHINGTON, DC 20003 UNITED STATES","Match","Non_Exact","11001009604"
"21ST STREET NE & MARYLAND AVENUE NE WASHINGTON, DC 20002 UNITED STATES","Match","Non_Exact","11001011100"
"2700 BLOCK OF  NAYLOR RD SE WASHINGTON, DC 20020 UNITED STATES","Match","Non_Exact","11001008904"
"1700 BLOCK OF  NORTH CAPITOL STREET NE WASHINGTON, DC 20002 UNITED STATES","Match","Non_Exact","11001007406"
"100 BLOCK OF  ATLANTIC STREET SW WASHINGTON, DC 20032 UNITED STATES","No_Match","",NA
"700 BLOCK OF  17TH STREET SE WASHINGTON, DC 20003 UNITED STATES","Match","Non_Exact","11001008802"
"4300 BLOCK OF  CONNECTICUT AVENUE NW WASHINGTON, DC 20008 UNITED STATES","Match","Non_Exact","11001008903"
"1300 BLOCK OF  HALF STREET SW WASHINGTON, DC 20024 UNITED STATES","Match","Non_Exact","11001006801"
"4400 BLOCK OF  MASSACHUSETTS AVENUE NW WASHINGTON, DC 20016 UNITED STATES","Match","Non_Exact","11001010602"
"10TH STREET NW & QUEBEC PLACE NW WASHINGTON, DC 20010 UNITED STATES","Match","Non_Exact","11001009804"
"1200 BLOCK OF  V STREET SE WASHINGTON, DC 20020 UNITED STATES","Match","Non_Exact","11001009801"
"400 BLOCK OF  20TH STREET NE WASHINGTON, DC 20002 UNITED STATES","Match","Non_Exact","11001008410"
"500 BLOCK OF  LEBAUM STREET SE WASHINGTON, DC 20032 UNITED STATES","Tie","",NA
"2400 BLOCK OF  15TH STREET NW WASHINGTON, DC 20009 UNITED STATES","Match","Exact","11001008904"
"100 BLOCK OF  15TH STREET SE WASHINGTON, DC 20003 UNITED STATES","Match","Non_Exact","11001007603"
"1ST STREET SE & WAYNE PLACE SE WASHINGTON, DC 20032 UNITED STATES","No_Match","",NA
"800 BLOCK OF  BARNABY STREET SE WASHINGTON, DC 20032 UNITED STATES","Match","Non_Exact","11001009807"
"H STREET NE & 7TH STREET NE WASHINGTON, DC 20002 UNITED STATES","Match","Non_Exact","11001006804"
"1700 BLOCK OF  RHODE ISLAND AVENUE NE WASHINGTON, DC 20018 UNITED STATES","Match","Non_Exact","11001001200"
"1300 BLOCK OF  PARK ROAD NW WASHINGTON, DC 20010 UNITED STATES","Match","Non_Exact","11001006400"
"2300 BLOCK OF  L'ENFANT SQUARE SE WASHINGTON, DC 20020 UNITED STATES","Match","Non_Exact","11001000903"
"600 BLOCK H ST NW WASHINGTON DC, DISTRICT OF COLUMBIA 20001 UNITED STATES","Match","Exact","11001002503"
"3500 BLOCK OF  HOLMEAD PLACE NW WASHINGTON, DC 20010 UNITED STATES","Match","Non_Exact","11001007503"
"4300 BLOCK OF  1ST STREET SE WASHINGTON, DC 20032 UNITED STATES","Match","Non_Exact","11001007903"
"1600 BLOCK OF  29TH STREET SE WASHINGTON, DC 20020 UNITED STATES","Match","Non_Exact","11001010400"
"300 BLOCK OF  50TH STREET SE WASHINGTON, DC 20019 UNITED STATES","Match","Non_Exact","11001003701"
"900 BLOCK OF  WAHLER PLACE SE WASHINGTON, DC 20032 UNITED STATES","Match","Non_Exact","11001006801"
"UNIT BLOCK OF  MISSISSIPPI AVENUE SE WASHINGTON, DC 20032 UNITED STATES","Match","Exact","11001009803"
"IRVING STREET NW & 14TH STREET NW WASHINGTON, DC 20010 UNITED STATES","No_Match","",NA
"1700 BLOCK OF  TRENTON PLACE SE WASHINGTON, DC 20020 UNITED STATES","Match","Exact","11001010602"
"UNIT BLOCK OF  35TH STREET SE WASHINGTON, DC 20019 UNITED STATES","Match","Non_Exact","11001009301"
"1200 BLOCK OF  4TH STREET NW WASHINGTON, DC 20001 UNITED STATES","Match","Non_Exact","11001003000"
"1900 BLOCK OF  13TH STREET NW WASHINGTON, DC 20009 UNITED STATES","Match","Non_Exact","11001007601"
"1200 BLOCK OF  MISSISSIPPI AVENUE SE WASHINGTON, DC 20032 UNITED STATES","Match","Non_Exact","11001005801"
"MISSISSIPPI AVENUE SE & ATLANTIC STREET SE WASHINGTON, DC 20032 UNITED STATES","Match","Non_Exact","11001003400"
"1800 BLOCK OF  MISSISSIPPI AVENUE SE WASHINGTON, DC 20032 UNITED STATES","Match","Non_Exact","11001002900"
"4000 BLOCK OF  WISCONSIN AVENUE NW WASHINGTON, DC 20016 UNITED STATES","Match","Non_Exact","11001009810"
"1700 BLOCK OF  WISCONSIN AVENUE NW WASHINGTON, DC 20007 UNITED STATES","Match","Non_Exact","11001007604"
"2200 BLOCK OF  PROUT STREET SE WASHINGTON, DC 20020 UNITED STATES","Match","Non_Exact","11001009904"
"2800 BLOCK OF  JASPER ROAD SE WASHINGTON, DC 20020 UNITED STATES","Match","Non_Exact","11001009801"
"1800 BLOCK OF  11TH STREET NW WASHINGTON, DC 20009 UNITED STATES","No_Match","",NA
"1400 BLOCK OF  SPRING ROAD NW WASHINGTON, DC 20010 UNITED STATES","Match","Exact","11001002802"
"400 BLOCK OF  T STREET NW WASHINGTON, DC 20001 UNITED STATES","Match","Non_Exact","11001007409"
"5100 BLOCK OF  GEORGIA AVENUE NW WASHINGTON, DC 20011 UNITED STATES","No_Match","",NA
"1400 BLOCK OF  4TH STREET SW WASHINGTON, DC 20024 UNITED STATES","Match","Non_Exact","11001003200"
"4900 BLOCK OF  G STREET SE WASHINGTON, DC 20019 UNITED STATES","Match","Non_Exact","11001009508"
"3300 BLOCK OF  MINNESOTA AVENUE SE WASHINGTON, DC 20019 UNITED STATES","Match","Non_Exact","11001000501"
"700 BLOCK OF  7TH STREET NE WASHINGTON, DC 20002 UNITED STATES","Match","Non_Exact","11001005004"
"700 BLOCK OF  14TH STREET NE WASHINGTON, DC 20002 UNITED STATES","Match","Non_Exact","11001007809"
"700 BLOCK OF  CONGRESS STREET SE WASHINGTON, DC 20032 UNITED STATES","Match","Non_Exact","11001007808"
"4000 BLOCK OF  LEE STREET NE WASHINGTON, DC 20019 UNITED STATES","Match","Exact","11001002900"
"2100 BLOCK OF  BLADENSBURG ROAD NE WASHINGTON, DC 20018 UNITED STATES","Match","Non_Exact","11001003802"
"1600 BLOCK OF  7TH STREET NW WASHINGTON, DC 20001 UNITED STATES","Match","Non_Exact","11001009204"
"700 BLOCK OF  7TH STREET NW WASHINGTON, DC 20001 UNITED STATES","Match","Non_Exact","11001004901"
"700 BLOCK OF  I STREET NE WASHINGTON, DC 20002 UNITED STATES","Match","Non_Exact","11001007708"
"2400 BLOCK OF  AINGER PLACE SE WASHINGTON, DC 20020 UNITED STATES","Match","Non_Exact","11001005802"
"5600 BLOCK OF  13TH STREET NW WASHINGTON, DC 20011 UNITED STATES","Match","Non_Exact","11001007708"
"3700 BLOCK OF  MARTIN LUTHER KING JR AVENUE SE WASHINGTON, DC 20032 UNITED STATES","Match","Non_Exact","11001010602"
"2000 BLOCK OF  GEORGIA AVENUE NW WASHINGTON, DC 20001 UNITED STATES","Match","Non_Exact","11001007502"
"3600 BLOCK OF  HORNER PLACE SE WASHINGTON, DC 20032 UNITED STATES","Match","Non_Exact","11001002002"
"5TH STREET SE & ALABAMA AVENUE SE WASHINGTON, DC 20032 UNITED STATES","Match","Non_Exact","11001009803"
"QUINCY STREET NW & 14TH STREET NW WASHINGTON, DC 20011 UNITED STATES","Match","Non_Exact","11001003500"
"600 BLOCK OF  10TH STREET NE WASHINGTON, DC 20002 UNITED STATES","Match","Non_Exact","11001009803"
"1300 BLOCK OF  SAVANNAH STREET SE WASHINGTON, DC 20032 UNITED STATES","Match","Exact","11001009804"
"1700 BLOCK OF  8TH STREET NW WASHINGTON, DC 20001 UNITED STATES","Match","Exact","11001002504"
"600 BLOCK OF  L STREET SE WASHINGTON, DC 20003 UNITED STATES","Match","Non_Exact","11001002002"
"UNIT BLOCK OF  L STREET NW WASHINGTON, DC 20001 UNITED STATES","Match","Non_Exact","11001011001"
"1100 BLOCK OF  OAK DRIVE SE WASHINGTON, DC 20032 UNITED STATES","Match","Non_Exact","11001009904"
"CYPRESS STREET SE & POPLAR STREET SE WASHINGTON, DC 20032 UNITED STATES","Match","Non_Exact","11001007708"
"1900 BLOCK OF  SUMMIT PLACE NE WASHINGTON, DC 20002 UNITED STATES","Match","Non_Exact","11001008302"
"1400 BLOCK OF  MINNESOTA AVENUE SE WASHINGTON, DC 20020 UNITED STATES","Match","Non_Exact","11001008402"
"2600 BLOCK OF  BLADENSBURG ROAD NE WASHINGTON, DC 20018 UNITED STATES","Match","Non_Exact","11001009804"
"DIVISION AVENUE NE & FOOTE STREET NE WASHINGTON, DC 20019 UNITED STATES","Match","Non_Exact","11001009601"
"3400 BLOCK OF  CROFFUT PLACE SE WASHINGTON, DC 20019 UNITED STATES","Match","Non_Exact","11001011100"
"1300 BLOCK OF  1ST STREET SW WASHINGTON, DC 20024 UNITED STATES","Match","Non_Exact","11001008402"
"600 BLOCK OF  7TH STREET NW WASHINGTON, DC 20001 UNITED STATES","Match","Non_Exact","11001007304"
"2400 BLOCK OF  15TH PLACE SE WASHINGTON, DC 20020 UNITED STATES","Match","Non_Exact","11001004901"
"UNIT BLOCK OF  Q STREET NE WASHINGTON, DC 20002 UNITED STATES","Match","Non_Exact","11001007203"
"300 BLOCK OF  58TH STREET NE WASHINGTON, DC 20019 UNITED STATES","No_Match","",NA
"8TH STREET NW & W STREET NW WASHINGTON, DC 20001 UNITED STATES","No_Match","",NA
"1700 BLOCK OF  28TH STREET SE WASHINGTON, DC 20020 UNITED STATES","No_Match","",NA
"900 BLOCK OF  VALLEY AVENUE SE WASHINGTON, DC 20032 UNITED STATES","Match","Non_Exact","11001008701"
"12TH STREET SE & BELLEVUE STREET SE WASHINGTON, DC 20032 UNITED STATES","Match","Non_Exact","11001007601"
"2100 BLOCK OF  4TH STREET NE WASHINGTON, DC 20002 UNITED STATES","Match","Non_Exact","11001011100"
"800 BLOCK OF  YUMA STREET SE WASHINGTON, DC 20032 UNITED STATES","Match","Exact","11001007804"
"700 BLOCK OF  12TH STREET NE WASHINGTON, DC 20002 UNITED STATES","Match","Non_Exact","11001007708"
"1400 BLOCK OF  CANAL STREET SW WASHINGTON, DC 20024 UNITED STATES","Match","Non_Exact","11001006400"
"200 BLOCK OF  SAVANNAH STREET SE WASHINGTON, DC 20032 UNITED STATES","Match","Non_Exact","11001005802"
"UNIT BLOCK OF  M STREET SW WASHINGTON, DC 20024 UNITED STATES","Match","Non_Exact","11001007407"
"34TH STREET SE & MINNESOTA AVENUE SE WASHINGTON, DC 20019 UNITED STATES","No_Match","",NA
"2100 BLOCK OF  22ND ST SE WASHINGTON DC 20020 WASHINGTON, DC 20020 UNITED STATES","Match","Non_Exact","11001007808"
"100 BLOCK OF  35TH STREET NE WASHINGTON, DC 20019 UNITED STATES","No_Match","",NA
"4900 BLOCK OF  JAY STREET NE WASHINGTON, DC 20019 UNITED STATES","Match","Non_Exact","11001007604"
"13TH STREET SE & PENNSYLVANIA AVENUE SE WASHINGTON, DC 20003 UNITED STATES","Match","Non_Exact","11001009700"
"800 BLOCK OF  V STREET NW WASHINGTON, DC 20001 UNITED STATES","Match","Exact","11001009700"
"13TH STREET SE & ALABAMA AVENUE SE WASHINGTON, DC 20032 UNITED STATES","Match","Non_Exact","11001008702"
"2700 BLOCK OF  HARTFORD STREET SE WASHINGTON, DC 20020 UNITED STATES","Match","Non_Exact","11001009801"
"1900 BLOCK OF  HALF STREET SW WASHINGTON, DC 20024 UNITED STATES","Match","Non_Exact","11001008402"
"1300 BLOCK OF  L STREET NW WASHINGTON, DC 20005 UNITED STATES","Match","Non_Exact","11001006400"
"5300 BLOCK OF  WISCONSIN AVENUE NW WASHINGTON, DC 20015 UNITED STATES","Match","Non_Exact","11001009804"
"900 BLOCK OF  BELLEVUE STREET SE WASHINGTON, DC 20032 UNITED STATES","No_Match","",NA
"4300 BLOCK OF  WHEELER ROAD SE WASHINGTON, DC 20032 UNITED STATES","Match","Exact","11001009901"
"3000 BLOCK OF  11TH STREET NW WASHINGTON, DC 20001 UNITED STATES","No_Match","",NA
"2800 BLOCK OF  TEXAS AVENUE SE WASHINGTON, DC 20020 UNITED STATES","Match","Non_Exact","11001009603"
"2300 BLOCK OF  MINNESOTA AVENUE SE WASHINGTON, DC 20020 UNITED STATES","Match","Non_Exact","11001007809"
"1500 BLOCK OF  BUTLER STREET SE WASHINGTON, DC 20020 UNITED STATES","Match","Exact","11001007100"
"1300 BLOCK OF  OAK STREET NW WASHINGTON, DC 20010 UNITED STATES","Match","Non_Exact","11001003500"
"300 BLOCK OF  21ST STREET NE WASHINGTON, DC 20002 UNITED STATES","Match","Exact","11001007304"
"1300 BLOCK OF  PEABODY STREET NW WASHINGTON, DC 20011 UNITED STATES","No_Match","",NA
"1300 BLOCK OF  FORT STEVENS DRIVE NW WASHINGTON, DC 20011 UNITED STATES","Match","Non_Exact","11001006400"
"1300 BLOCK OF  MISSOURI AVENUE NW WASHINGTON, DC 20011 UNITED STATES","Match","Non_Exact","11001010100"
"2800 BLOCK OF  GEORGIA AVENUE NW WASHINGTON, DC 20001 UNITED STATES","Match","Non_Exact","11001001004"
"600 BLOCK OF  M STREET SE WASHINGTON, DC 20374 UNITED STATES","Match","Non_Exact","11001009700"
"2200 BLOCK OF  8TH STREET NW WASHINGTON, DC 20001 UNITED STATES","Match","Non_Exact","11001009700"
"200 BLOCK OF  57TH STREET NE WASHINGTON, DC 20019 UNITED STATES","Match","Non_Exact","11001003000"
"5TH STREET NW & FLORIDA AVENUE NW WASHINGTON, DC 20001 UNITED STATES","Match","Non_Exact","11001007604"
"500 BLOCK OF  51ST STREET NE WASHINGTON, DC 20019 UNITED STATES","Match","Non_Exact","11001007601"
"4900 BLOCK OF  ARKANSAS AVENUE NW WASHINGTON, DC 20011 UNITED STATES","Match","Non_Exact","11001007503"
"3900 BLOCK OF  DIX STREET NE WASHINGTON, DC 20019 UNITED STATES","Match","Non_Exact","11001002900"
"200 BLOCK OF  T STREET NW WASHINGTON, DC 20001 UNITED STATES","Match","Non_Exact","11001007903"
"2500 BLOCK OF  SHERIDAN ROAD SE WASHINGTON, DC 20020 UNITED STATES","Match","Non_Exact","11001001804"
"6500 BLOCK OF  8TH STREET NW WASHINGTON, DC 20012 UNITED STATES","Match","Non_Exact","11001001804"
"1800 BLOCK OF  MINNESOTA AVENUE SE WASHINGTON, DC 20020 UNITED STATES","Match","Non_Exact","11001002001"
"100-BLK FORT DR NE DC, WASHINGTON, D.C. 20017 UNITED STATES","Match","Non_Exact","11001003500"
"2700 BLOCK OF  Q STREET SE WASHINGTON, DC 20020 UNITED STATES","Match","Non_Exact","11001007203"
"700 BLOCK OF  HARVARD STREET NW WASHINGTON, DC 20001 UNITED STATES","Match","Non_Exact","11001003500"
"1700-1799 BLOCK 8TH STREET NW WASHINGTON, DC 20001 UNITED STATES","Match","Non_Exact","11001007808"
"200 BLOCK OF  35TH STREET NE WASHINGTON, DC 20019 UNITED STATES","Tie","",NA
"1200 BLOCK OF  CONNECTICUT AVENUE NW WASHINGTON, DC 20036 UNITED STATES","No_Match","",NA
"1400 BLOCK OF  PARK ROAD NW WASHINGTON, DC 20010 UNITED STATES","Match","Non_Exact","11001002002"
"UNIT BLOCK OF  KALORAMA CIRCLE NW WASHINGTON, DC 20008 UNITED STATES","Match","Non_Exact","11001009603"
"600 BLOCK OF  MORTON STREET NW WASHINGTON, DC 20010 UNITED STATES","Match","Non_Exact","11001003400"
"5300 BLOCK OF  SOUTH DAKOTA AVENUE NE WASHINGTON, DC 20011 UNITED STATES","Match","Non_Exact","11001007407"
"2600 BLOCK OF  CONNECTICUT AVENUE NW WASHINGTON, DC 20008 UNITED STATES","Match","Non_Exact","11001001901"
"1200 BLOCK OF  12TH STREET NW WASHINGTON, DC 20005 UNITED STATES","No_Match","",NA
"4600 BLOCK OF  NANNIE HELEN BURROUGHS AVENUE NE WASHINGTON, DC 20019 UNITED STATES","Match","Non_Exact","11001007601"
"6000 BLOCK OF  CLAY STREET NE WASHINGTON, DC 20019 UNITED STATES","Match","Non_Exact","11001009510"
"14TH STREET NW & OAK STREET NW WASHINGTON, DC 20010 UNITED STATES","Match","Non_Exact","11001007604"
"2500 BLOCK OF  CHAMPLAIN STREET NW WASHINGTON, DC 20009 UNITED STATES","Match","Non_Exact","11001003500"
"400 BLOCK OF  EDGEWOOD STREET NE WASHINGTON, DC 20017 UNITED STATES","No_Match","",NA
"3400 BLOCK OF  A STREET SE WASHINGTON, DC 20019 UNITED STATES","Match","Non_Exact","11001009603"
"100 BLOCK OF  35TH STREET SE WASHINGTON, DC 20019 UNITED STATES","Match","Non_Exact","11001010700"
"UNIT BLOCK OF  I STREET SE WASHINGTON, DC 20003 UNITED STATES","Match","Non_Exact","11001002802"
"1300 BLOCK OF  MOUNT OLIVET ROAD NE WASHINGTON, DC 20002 UNITED STATES","Match","Exact","11001007504"
"4400 BLOCK OF  SOUTH CAPITOL STREET SW WASHINGTON, DC 20032 UNITED STATES","Match","Non_Exact","11001009803"
"3800 BLOCK OF  10TH STREET NW WASHINGTON, DC 20011 UNITED STATES","Match","Non_Exact","11001009000"
"1200 BLOCK OF  SIMMS PLACE NE WASHINGTON, DC 20002 UNITED STATES","Match","Non_Exact","11001005302"
"2700 BLOCK OF  MARION BARRY AVENUE SE WASHINGTON, DC 20020 UNITED STATES","Match","Non_Exact","11001009801"
"400 BLOCK OF  MASSACHUSETTS AVENUE NW WASHINGTON, DC 20001 UNITED STATES","Match","Exact","11001009801"
"MALCOLM X AVENUE SE & MARTIN LUTHER KING JR AVENUE SE WASHINGTON, DC 20032 UNITED STATES","Match","Non_Exact","11001007304"
"1500 BLOCK OF  1ST STREET NW WASHINGTON, DC 20001 UNITED STATES","Match","Exact","11001009807"
"1100 BLOCK OF  47TH PLACE NE WASHINGTON, DC 20019 UNITED STATES","Match","Non_Exact","11001004402"
"4000 BLOCK OF  GRANT STREET NE WASHINGTON, DC 20019 UNITED STATES","Match","Non_Exact","11001002002"
"200 BLOCK OF  CHESAPEAKE ST SW WASHINGTON, DC 20032 UNITED STATES","Match","Non_Exact","11001007803"
"200 BLOCK OF  CHESAPEAKE ST SW DC, WASHINGTON 20032 UNITED STATES","Match","Non_Exact","11001002002"
"700 BLOCK OF  JEFFERSON STREET NW WASHINGTON, DC 20011 UNITED STATES","Match","Non_Exact","11001009807"
"2700 BLOCK OF  30TH STREET SE WASHINGTON, DC 20020 UNITED STATES","Match","Non_Exact","11001007403"
"300 BLOCK OF  DIVISION AVENUE NE WASHINGTON, DC 20019 UNITED STATES","Match","Non_Exact","11001009807"
"7600 BLOCK OF  GEORGIA AVENUE NW WASHINGTON, DC 20012 UNITED STATES","Match","Non_Exact","11001002101"
"1200 BLOCK OF  18TH STREET NW WASHINGTON, DC 20036 UNITED STATES","Match","Non_Exact","11001007603"
"15TH STREET SE & V STREET SE WASHINGTON, DC 20020 UNITED STATES","Match","Non_Exact","11001007804"
"1400 BLOCK OF  SMITH PLACE SE WASHINGTON, DC 20032 UNITED STATES","Match","Non_Exact","11001001600"
"21ST STREET NW & H STREET NW WASHINGTON, DC 20052 UNITED STATES","Match","Non_Exact","11001010700"
"1600 BLOCK OF  V STREET NW WASHINGTON, DC 20009 UNITED STATES","Match","Exact","11001007503"
"4400 BLOCK OF  TEXAS AVENUE SE WASHINGTON, DC 20019 UNITED STATES","Match","Non_Exact","11001007304"
"1700 BLOCK OF  T STREET SE WASHINGTON, DC 20020 UNITED STATES","Match","Non_Exact","11001008804"
"4300 BLOCK OF  NANNIE HELEN BURROUGHS AVENUE NE WASHINGTON, DC 20019 UNITED STATES","Match","Non_Exact","11001009810"
"4300 BLOCK OF  HUNT PLACE NE WASHINGTON, DC 20019 UNITED STATES","Match","Non_Exact","11001002503"
"3300 BLOCK OF  DUBOIS PLACE SE WASHINGTON, DC 20019 UNITED STATES","Match","Non_Exact","11001008804"
"2017REAR 2ND STREET NE WASHINGTON, DC 20002 UNITED STATES","No_Match","",NA
"2900 BLOCK OF  ONTARIO ROAD NW WASHINGTON, DC 20009 UNITED STATES","Match","Non_Exact","11001005900"
"1700 BLOCK OF  MONTELLO AVENUE NE WASHINGTON, DC 20002 UNITED STATES","Match","Exact","11001010400"
"1300 BLOCK OF  RANDOLPH STREET NW WASHINGTON, DC 20011 UNITED STATES","Match","Non_Exact","11001004600"
"5200-BLK NANNIE HELEN BURROUGHS AVE NE DC, WASHINGTON D.C 20019 UNITED STATES","Match","Non_Exact","11001007806"
"BLADENSBURG ROAD NE & L STREET NE WASHINGTON, DC 20002 UNITED STATES","Match","Exact","11001010800"
"3000 BLOCK OF  SHERMAN AVENUE NW WASHINGTON, DC 20001 UNITED STATES","Match","Non_Exact","11001004201"
"1700BLK MARION BARRY AVE SE DISTRICT OF COLUMBIA, WASHINGTON 20020 UNITED STATES","Match","Non_Exact","11001007703"
"6TH STREET NW & P STREET NW WASHINGTON, DC 20001 UNITED STATES","Match","Non_Exact","11001007605"
"3200 BLOCK OF  GEORGIA AVENUE NW WASHINGTON, DC 20010 UNITED STATES","Match","Non_Exact","11001007809"
"1500 BLOCK OF  V STREET SE WASHINGTON, DC 20020 UNITED STATES","Match","Non_Exact","11001007803"
"4TH STREET NE & RHODE ISLAND AVENUE NE WASHINGTON, DC 20002 UNITED STATES","Match","Non_Exact","11001007708"
"4000 BLOCK OF  SOUTH CAPITOL STREET SW WASHINGTON, DC 20032 UNITED STATES","Match","Non_Exact","11001008702"
"1500 BLOCK OF  20TH STREET NW WASHINGTON, DC 20036 UNITED STATES","Match","Non_Exact","11001003902"
"1700 BLOCK OF  Q STREET SE WASHINGTON, DC 20020 UNITED STATES","Match","Non_Exact","11001008804"
"4800 BLOCK OF  G ST SE WASHINGTON, DC 20019 UNITED STATES","Match","Non_Exact","11001002504"
"51ST & C ST SE WASHINGTON, DC 20019 UNITED STATES","Match","Non_Exact","11001007807"
"2500 BLOCK OF  PENNSYLVANIA AVENUE SE WASHINGTON, DC 20020 UNITED STATES","Match","Exact","11001008903"
"500 BLOCK OF  MALCOLM X AVENUE SE WASHINGTON, DC 20032 UNITED STATES","Match","Non_Exact","11001003100"
"VARNUM STREET NW & 4TH STREET NW WASHINGTON, DC 20011 UNITED STATES","No_Match","",NA
"1800 BLOCK OF  ROSEDALE STREET NE WASHINGTON, DC 20002 UNITED STATES","Match","Exact","11001004801"
"1700 BLOCK OF  25TH STREET SE WASHINGTON, DC 20020 UNITED STATES","Match","Non_Exact","11001003100"
"1600 BLOCK OF  OLIVE ST NE WASHINGTON, DC 20019 UNITED STATES","Match","Non_Exact","11001007503"
"4500 BLOCK OF  ALABAMA AVENUE SE WASHINGTON, DC 20019 UNITED STATES","Match","Exact","11001008702"
"600 BLOCK OF  C STREET SE WASHINGTON, DC 20003 UNITED STATES","Match","Non_Exact","11001009810"
"3200 BLOCK OF  MOUNT PLEASANT STREET NW WASHINGTON, DC 20010 UNITED STATES","Match","Non_Exact","11001005502"
"700 BLOCK OF  8TH STREET SE WASHINGTON, DC 20003 UNITED STATES","Match","Non_Exact","11001007601"
"1900 BLOCK OF  MISSISSIPPI AVENUE SE WASHINGTON, DC 20020 UNITED STATES","Match","Non_Exact","11001009907"
"1600 BLOCK OF  LAMONT STREET NW WASHINGTON, DC 20010 UNITED STATES","Match","Non_Exact","11001009905"
"COLUMBIA ROAD NW & CHAMPLAIN STREET NW WASHINGTON, DC 20009 UNITED STATES","Match","Non_Exact","11001007709"
"3100 BLOCK OF  MOUNT PLEASANT STREET NW WASHINGTON, DC 20010 UNITED STATES","Match","Non_Exact","11001010400"
"200 BLOCK OF  WAYNE PLACE SE WASHINGTON, DC 20032 UNITED STATES","Match","Exact","11001002301"
"1400 BLOCK OF  CONGRESS PLACE SE WASHINGTON, DC 20020 UNITED STATES","Match","Non_Exact","11001007901"
"GEORGIA AVENUE NW & BUCHANAN STREET NW WASHINGTON, DC 20011 UNITED STATES","Match","Non_Exact","11001007604"
"1100 BLOCK OF  51ST PLACE NE WASHINGTON, DC 20019 UNITED STATES","Match","Non_Exact","11001009601"
"1300 BLOCK OF  MAPLE VIEW PLACE SE WASHINGTON, DC 20020 UNITED STATES","Match","Non_Exact","11001007707"
"BLADENSBURG ROAD NE & NEAL STREET NE WASHINGTON, DC 20002 UNITED STATES","Match","Non_Exact","11001006600"
"3500 BLOCK OF  INTERNATIONAL DRIVE NW WASHINGTON, DC 20008 UNITED STATES","Match","Non_Exact","11001002702"
"1900 BLOCK OF  FREDERICK DOUGLASS COURT SE WASHINGTON, DC 20020 UNITED STATES","Match","Non_Exact","11001007000"
"600 BLOCK OF  18TH STREET NW WASHINGTON, DC 20006 UNITED STATES","Match","Non_Exact","11001007409"
"1700 BLOCK OF  MISSISSIPPI AVENUE SE WASHINGTON, DC 20020 UNITED STATES","Match","Non_Exact","11001002702"
"800 BLOCK OF  WHITTIER PLACE NW WASHINGTON, DC 20012 UNITED STATES","Match","Exact","11001003901"
"1000 BLOCK OF  E STREET SE WASHINGTON, DC 20003 UNITED STATES","Match","Non_Exact","11001002702"
"4300 BLOCK OF  BENNING ROAD NE WASHINGTON, DC 20019 UNITED STATES","Match","Non_Exact","11001009803"
"RANDOLPH PLACE NE & 2ND STREET NE WASHINGTON, DC 20002 UNITED STATES","Match","Non_Exact","11001007404"
"300 BLOCK OF  K STREET NW WASHINGTON, DC 20001 UNITED STATES","Match","Exact","11001002501"
"100 BLOCK OF  RIDGE ROAD SE WASHINGTON, DC 20019 UNITED STATES","Match","Non_Exact","11001007806"
"700 BLOCK OF  KENYON STREET NW WASHINGTON, DC 20010 UNITED STATES","Match","Non_Exact","11001007503"
"600 BLOCK OF  GALVESTON PLACE SE WASHINGTON, DC 20032 UNITED STATES","Match","Exact","11001008903"
"2400 BLOCK OF  MINNESOTA AVENUE SE WASHINGTON, DC 20020 UNITED STATES","Match","Non_Exact","11001001200"
"5200 BLOCK OF  JUST STREET NE WASHINGTON, DC 20019 UNITED STATES","Match","Non_Exact","11001007404"
"3900 BLOCK OF  SOUTH CAPITOL ST WASHINGTON, DC 20032 UNITED STATES","Match","Non_Exact","11001010800"
"2900 BLOCK OF  SHERMAN AVENUE NW WASHINGTON, DC 20001 UNITED STATES","Match","Non_Exact","11001007409"
"1600 BLOCK OF  FULLER STREET NW WASHINGTON, DC 20009 UNITED STATES","Match","Non_Exact","11001010300"
"1000 BLOCK OF  IRVING STREET NW WASHINGTON, DC 20010 UNITED STATES","Match","Non_Exact","11001007000"
"4800 BLOCK OF  NANNIE HELEN BURROUGHS AVENUE NE WASHINGTON, DC 20019 UNITED STATES","Match","Non_Exact","11001007803"
"8TH STREET NW & BARRY PLACE NW WASHINGTON, DC 20001 UNITED STATES","Match","Exact","11001008702"
"1800 BLOCK OF  MARYLAND AVENUE NE WASHINGTON, DC 20002 UNITED STATES","Match","Non_Exact","11001004702"
"16TH STREET NW & PARK ROAD NW WASHINGTON, DC 20010 UNITED STATES","Match","Non_Exact","11001007703"
"MONTANA AVENUE NE & NEW YORK AVENUE NE WASHINGTON, DC 20002 UNITED STATES","Match","Non_Exact","11001003100"
"1800 BLOCK OF  BLADENSBURG ROAD NE WASHINGTON, DC 20002 UNITED STATES","Match","Non_Exact","11001009811"
"V STREET SE & 18TH STREET SE WASHINGTON, DC 20020 UNITED STATES","Match","Non_Exact","11001007601"
"3900 BLOCK OF  1ST STREET SE WASHINGTON, DC 20032 UNITED STATES","Match","Non_Exact","11001007809"
"2400 BLOCK OF  MARKET STREET NE WASHINGTON, DC 20018 UNITED STATES","No_Match","",NA
"1600 BLOCK OF  CORCORAN STREET NW WASHINGTON, DC 20009 UNITED STATES","Match","Non_Exact","11001003100"
"400 BLOCK OF  XENIA STREET SE WASHINGTON, DC 20032 UNITED STATES","Match","Exact","11001004704"
"4TH STREET SE & VALLEY AVENUE SE WASHINGTON, DC 20032 UNITED STATES","Match","Non_Exact","11001003802"
"1400 BLOCK OF  SAVANNAH STREET SE WASHINGTON, DC 20032 UNITED STATES","Match","Non_Exact","11001003100"
"GALVESTON PLACE SW & FORRESTER STREET SW WASHINGTON, DC 20032 UNITED STATES","Match","Non_Exact","11001007804"
"1900 BLOCK OF  11TH STREET NW WASHINGTON, DC 20001 UNITED STATES","Match","Exact","11001003500"
"4700 BLOCK OF  13TH STREET NW WASHINGTON, DC 20011 UNITED STATES","Match","Non_Exact","11001008903"
"1300 BLOCK OF  DECATUR STREET NW WASHINGTON, DC 20011 UNITED STATES","Match","Exact","11001002702"
"3200 BLOCK OF  23RD STREET SE WASHINGTON, DC 20020 UNITED STATES","No_Match","",NA
"K STREET NW & 1ST STREET NW WASHINGTON, DC 20001 UNITED STATES","Match","Non_Exact","11001011100"
"5500 BLOCK OF  KANSAS AVENUE NW WASHINGTON, DC 20011 UNITED STATES","Match","Non_Exact","11001002102"
"1100 BLOCK OF  TALBERT ST SE WASHINGTON, DC 20020 UNITED STATES","Match","Non_Exact","11001002900"
"UNIT BLOCK OF  GALVESTON PLACE SW WASHINGTON, DC 20032 UNITED STATES","Match","Non_Exact","11001007408"
"3100 BLOCK OF  RANDLE PL SE DC, DC 20020 UNITED STATES","Match","Non_Exact","11001004801"
"2800 BLOCK OF  7TH STREET NE WASHINGTON, DC 20017 UNITED STATES","No_Match","",NA
"2100 BLOCK OF  5TH STREET NE WASHINGTON, DC 20002 UNITED STATES","Match","Non_Exact","11001008002"
"2600 BLOCK OF  WADE ROAD SE WASHINGTON, DC 20020 UNITED STATES","Match","Exact","11001007407"
"MILWAUKEE PLACE SE & MARTIN LUTHER KING JR AVENUE SE WASHINGTON, DC 20032 UNITED STATES","Match","Non_Exact","11001004702"
"200 BLOCK OF  V STREET SW WASHINGTON, DC 20024 UNITED STATES","Match","Non_Exact","11001005802"
"3400 BLOCK OF  13TH STREET SE WASHINGTON, DC 20032 UNITED STATES","Match","Non_Exact","11001009902"
"1500 BLOCK OF  7TH STREET NW WASHINGTON, DC 20001 UNITED STATES","Match","Non_Exact","11001007304"
"600 BLOCK OF  13TH STREET NW WASHINGTON, DC 20005 UNITED STATES","Match","Non_Exact","11001007803"
"SUITLAND PARKWAY SE & STANTON ROAD SE WASHINGTON, DC 20020 UNITED STATES","Match","Non_Exact","11001004901"
"500 BLOCK OF  42ND STREET NE WASHINGTON, DC 20019 UNITED STATES","Match","Non_Exact","11001007502"
"1100 BLOCK OF  2ND ST SE WASHINGTON, DC 20003 UNITED STATES","Match","Non_Exact","11001005802"
"O STREET NW WASHINGTON, DC 20001 UNITED STATES","No_Match","",NA
"UNIT BLOCK OF  GALLATIN STREET NW WASHINGTON, DC 20011 UNITED STATES","No_Match","",NA
"2300 BLOCK OF  23RD ST SE WASHINGTON, DC 20020 UNITED STATES","Match","Non_Exact","11001007203"
"1300 BLOCK OF  GIRARD STREET NW WASHINGTON, DC 20009 UNITED STATES","No_Match","",NA
"2500 BLOCK OF  13TH STREET NW WASHINGTON, DC 20009 UNITED STATES","No_Match","",NA
"1800 BLOCK OF  WEST VIRGINIA AVENUE NE WASHINGTON, DC 20002 UNITED STATES","No_Match","",NA
"900 BLOCK OF  11TH STREET SE WASHINGTON, DC 20003 UNITED STATES","Match","Non_Exact","11001003600"
"400 BLOCK OF  51ST STREET NE WASHINGTON, DC 20019 UNITED STATES","Match","Non_Exact","11001002102"
"1100 BLOCK OF  3RD STREET SE WASHINGTON, DC 20003 UNITED STATES","Match","Non_Exact","11001007401"
"UNIT BLOCK OF  POTOMAC AVENUE SE WASHINGTON, DC 20003 UNITED STATES","No_Match","",NA
"5900 BLOCK OF  GEORGIA AVE NW WASHINGTON, DC 20011 UNITED STATES","No_Match","",NA
"4100 BLOCK OF  WHEELER ROAD SE WASHINGTON, DC 20032 UNITED STATES","Match","Non_Exact","11001009201"
"4100 BLOCK OF  MARTIN LUTHER KING JR AVENUE SW WASHINGTON, DC 20032 UNITED STATES","Match","Non_Exact","11001008702"
"2000 BLOCK OF  PENNSYLVANIA AVENUE NW WASHINGTON, DC 20006 UNITED STATES","Match","Non_Exact","11001007401"
"UNIT BLOCK OF  35TH STREET NE WASHINGTON, DC 20019 UNITED STATES","Match","Exact","11001010400"
"UNIT BLOCK OF  N STREET NE WASHINGTON, DC 20002 UNITED STATES","Match","Non_Exact","11001006400"
"4200 BLOCK OF  14TH STREET NW WASHINGTON, DC 20011 UNITED STATES","Match","Non_Exact","11001003600"
"1900 BLOCK OF  TRENTON PLACE SE WASHINGTON, DC 20020 UNITED STATES","Match","Non_Exact","11001008803"
"2300 BLOCK OF  ALTAMONT PLACE SE WASHINGTON, DC 20020 UNITED STATES","Match","Non_Exact","11001007100"
"2800 BLOCK OF  30TH STREET NE WASHINGTON, DC 20018 UNITED STATES","Match","Non_Exact","11001007804"
"3700 BLOCK OF  8TH STREET NW WASHINGTON, DC 20010 UNITED STATES","Match","Non_Exact","11001007203"
"1000 BLOCK OF  15TH STREET NW WASHINGTON, DC 20005 UNITED STATES","No_Match","",NA
"300 BLOCK OF  O STREET SW WASHINGTON, DC 20024 UNITED STATES","Match","Non_Exact","11001001804"
"600 BLOCK OF  FRANKLIN ST NE WASHINGTON, DC 20002 UNITED STATES","Match","Non_Exact","11001009700"
"1900 BLOCK OF  M STREET SE WASHINGTON, DC 20003 UNITED STATES","Match","Non_Exact","11001009807"
"2300 BLOCK OF  HUNTER PLACE SE WASHINGTON, DC 20020 UNITED STATES","Match","Non_Exact","11001010800"
"300 BLOCK OF  KENNEDY STREET NW WASHINGTON, DC 20011 UNITED STATES","No_Match","",NA
"1300 BLOCK OF  49TH STREET NE WASHINGTON, DC 20019 UNITED STATES","No_Match","",NA
"2700 BLOCK OF  SHIPLEY TERRACE SE WASHINGTON, DC 20020 UNITED STATES","Match","Non_Exact","11001002501"
"3100 BLOCK OF  CHANNING STREET NE WASHINGTON, DC 20018 UNITED STATES","Match","Non_Exact","11001007409"
"I295 NB WASHINGTON, DC 20020 UNITED STATES","Match","Non_Exact","11001007605"
"1500 BLOCK OF  BRANCH AVE SE DC, WASHINGTON D.C. 20020 UNITED STATES","Match","Non_Exact","11001011100"
"4400 BLOCK OF  BENNING RD NE WASHINGTON, DC 20001 UNITED STATES","Match","Non_Exact","11001002400"
"6100 BLOCK OF  BANKS PL NE DC, WASHINGTON DC 20019 UNITED STATES","Match","Non_Exact","11001010100"
"1300 BLOCK OF  HOWARD RD SE DC, WASHINGTON 20020 UNITED STATES","Match","Non_Exact","11001011001"
"2300 BLOCK OF  18TH STREET NW WASHINGTON, DC 20009 UNITED STATES","Match","Non_Exact","11001009201"
"700 BLOCK OF  20TH ST NE WASHINGTON, DC 20002 UNITED STATES","Match","Non_Exact","11001006804"
"ALABAMA AVENUE SE & AINGER PLACE SE WASHINGTON, DC 20020 UNITED STATES","Match","Non_Exact","11001007504"
"16TH STREET NW & IRVING STREET NW WASHINGTON, DC 20010 UNITED STATES","Match","Non_Exact","11001002102"
"1500 BLOCK OF  1ST ST SW DC, WASHINGTON 20024 UNITED STATES","Match","Non_Exact","11001007806"
"1200 BLOCK OF  BLADENSBURG RD NE WASHINGTON, DC 20002 UNITED STATES","Match","Non_Exact","11001007408"
"5800 BLOCK OF  GEORGIA AVENUE NW WASHINGTON, DC 20011 UNITED STATES","Match","Non_Exact","11001011100"
"700 BLOCK OF  BARNABY ST SE WASHINGTON, DC 20032 UNITED STATES","Tie","",NA
"2200 BLOCK OF  MINNESOTA AVE SE WASHINGTON, DC 20019 UNITED STATES","Match","Non_Exact","11001009901"
"1800 BLOCK OF  U ST SE WASHINGTON DC, DC 20020 UNITED STATES","Match","Non_Exact","11001007803"
"3900 BLOCK OF  SOUTH CAPITOL STREET SE WASHINGTON, DC 20032 UNITED STATES","Match","Non_Exact","11001007808"
"4200 BLOCK OF  4TH ST SE DC, DC 20032 UNITED STATES","Match","Non_Exact","11001007407"
"4700 BLOCK OF  SOUTH CAPITOL ST SE DC, WASHINGTON 20032 UNITED STATES","Match","Non_Exact","11001004002"
"800 BLOCK 19TH ST NW WASHINGTON, D.C. 20006 UNITED STATES","Match","Non_Exact","11001007903"
"1000-1199 BLOCK SHERIDAN STREET NW WASHINGTON, DC 20011 UNITED STATES","Match","Exact","11001007408"
"UNIT BLOCK OF  HANOVER PL NW WASHINGTON, DC 20001 UNITED STATES","Match","Exact","11001002802"
"400 BLOCK OF  61ST ST NE DC, DC 20019 UNITED STATES","Match","Non_Exact","11001006400"
"4100 BLOCK OF  MINNESOTA AVE NE DC, DC 20019 UNITED STATES","No_Match","",NA
"2500 BLOCK OF  MARION BARRY AVE SE WASHINGTON, DC 20020 UNITED STATES","Match","Non_Exact","11001002002"
"UNIT BLOCK OF  HANNOVER ST NW WASHINGTON, DC 20001 UNITED STATES","Match","Non_Exact","11001009802"
"2600 BLOCK OF  SHERIDAN ROAD SE WASHINGTON, DC 20020 UNITED STATES","Match","Non_Exact","11001007601"
"800 BLOCK OF  PENNSYLVANIA AVE SE DC, WASHINGTON 20020 UNITED STATES","Match","Non_Exact","11001007504"
"7TH STREET NW & K STREET NW WASHINGTON, DC 20001 UNITED STATES","Match","Non_Exact","11001009803"
"1600 BLOCK OF  MARYLAND AVE NE DISTRICT OF COLUMBIA, DC 20002 UNITED STATES","No_Match","",NA
"BENNING ROAD NE & EAST CAPITOL STREET WASHINGTON, DC 20019 UNITED STATES","Match","Non_Exact","11001009811"
"3000 BLOCK OF  8TH ST SE WASHINGTON, DC 20032 UNITED STATES","Match","Non_Exact","11001010800"
"1600 BLOCK OF  SAVANNAH STREET SE WASHINGTON, DC 20020 UNITED STATES","Match","Non_Exact","11001001804"
"1200 BLOCK OF  MOUNT OLIVET RD NE WASHINGTON, DC 20002 UNITED STATES","No_Match","",NA
"100 BLOCK OF  WAYNE PLACE SE WASHINGTON, DC 20032 UNITED STATES","Match","Non_Exact","11001007808"
"1200 BLOCK OF  WISCONSIN AVENUE NW WASHINGTON, DC 20007 UNITED STATES","Match","Non_Exact","11001007803"
"4300 BLOCK OF  CONNECTICUT AVE NW WASHINGTON, DC 20008 UNITED STATES","No_Match","",NA
"16TH STREET SE & U STREET SE WASHINGTON, DC 20020 UNITED STATES","No_Match","",NA
"2200 BLOCK OF  MINNESOTA AVE SE DC, DC 20020 UNITED STATES","Match","Non_Exact","11001007407"
"33RD STREET NW & M STREET NW WASHINGTON, DC 20007 UNITED STATES","No_Match","",NA
"2600 BLOCK OF  STANTON RD SE WASHINGTON, DC 20020 UNITED STATES","Match","Exact","11001005802"
"3800 BLOCK OF  PORTER STREET NW WASHINGTON, DC 20016 UNITED STATES","Match","Non_Exact","11001008903"
"3800 BLOCK OF  PORTER ST NW WASHINGTON, DC 20016 UNITED STATES","Match","Non_Exact","11001009603"
"100 BLOCK OF  KENNEDY ST NW DC, WASHINGTON 20011 UNITED STATES","Match","Non_Exact","11001010400"
"1300 BLOCK OF  PARKWOOD PLACE NW WASHINGTON, DC 20010 UNITED STATES","Match","Non_Exact","11001007403"
"2400 BLOCK OF  ALABAMA AVE SE WASHINGTON, DC 20020 UNITED STATES","Match","Non_Exact","11001008804"
"600 BLOCK OF  T ST NW WASHINGTON, DC 20001 UNITED STATES","Match","Non_Exact","11001009803"
"UNIT BLOCK OF  V ST SW WASHINGTON, DC 20024 UNITED STATES","Match","Exact","11001005001"
"1400 BLOCK OF  AMES PLACE NE WASHINGTON, DC 20002 UNITED STATES","Match","Non_Exact","11001000202"
"ELVANS ROAD SE & STANTON ROAD SE WASHINGTON, DC 20020 UNITED STATES","Match","Non_Exact","11001001200"
"800 BLOCK OF  NORTH CAPITOL ST NE WASHINGTON, DC 20002 UNITED STATES","Match","Exact","11001007503"
"900 BLOCK OF  G ST NW WASHINGTON, DC 20005 UNITED STATES","Match","Non_Exact","11001007601"
"4300 BLOCK OF  BARKER STREET SE WASHINGTON, DC 20019 UNITED STATES","Match","Exact","11001000202"
"4200 BLOCK OF  DIX STREET NE WASHINGTON, DC 20019 UNITED STATES","Match","Non_Exact","11001007407"
"2800 BLOCK OF  JASPER ST SE DC, WASHINGTON DC UNITED STATES","Match","Non_Exact","11001001002"
"14TH STREET NW & R STREET NW WASHINGTON, DC 20009 UNITED STATES","Match","Non_Exact","11001001002"
"2800 BLOCK OF  SHIPLEY TERRACE SE WASHINGTON, DC 20020 UNITED STATES","Match","Non_Exact","11001005003"
"600 BLOCK OF  U ST NW WASHINGTON DC, WASHINGTON DC 20001 UNITED STATES","Match","Non_Exact","11001004801"
"1800 BLOCK OF  MONTANA AVE NE DC, DC 20002 UNITED STATES","Match","Non_Exact","11001008402"
"4300 BLOCK OF  4TH ST SE DC, WASHINGTON 20032 UNITED STATES","No_Match","",NA
"1800 BLOCK OF  KENDALL ST NE DC, WASHINGTON 20002 UNITED STATES","Match","Non_Exact","11001004801"
"3900 BLOCK OF  MARTIN LUTHER KING JR AVENUE SW WASHINGTON, DC 20032 UNITED STATES","Match","Non_Exact","11001004402"
"1100 BLOCK OF  MONTELLO AVE NE DC, WASHINGTON 20019 UNITED STATES","Match","Non_Exact","11001007409"
"1400 BLOCK OF  SARATOGA AVE NE DC, WASHINGTON 20020 UNITED STATES","Match","Non_Exact","11001007304"
"3000 BLOCK OF  30TH ST SE WASHINGTON, DC 20020 UNITED STATES","Match","Non_Exact","11001007708"
"300 BLOCK OF  ANACOSTIA RD SE DC, WASHINGTON 20019 UNITED STATES","No_Match","",NA
"1800 BLOCK OF  BENNING RD NE DC, WASHINGTON DC 20018 UNITED STATES","Match","Non_Exact","11001007703"
"1200 BLOCK OF  FLORIDA AVE NW WASHINGTON, DC 20009 UNITED STATES","Match","Non_Exact","11001004402"
"NORTH CAPITOL STREET NW & NEW YORK AVENUE NW WASHINGTON, DC 20001 UNITED STATES","Match","Non_Exact","11001008904"
"14TH STREET NW & RANDOLPH STREET NW WASHINGTON, DC 20011 UNITED STATES","Match","Non_Exact","11001007407"
"300 BLOCK OF  16TH ST NE DC, WASHINGTON 20002 UNITED STATES","Match","Non_Exact","11001004401"
"4300 BLOCK OF  TEXAS AVENUE SE WASHINGTON, DC 20019 UNITED STATES","Tie","",NA
"4800 BLOCK OF  COLORADO AVE NW WASHINGTON, DC 20011 UNITED STATES","Match","Exact","11001002504"
"1400 BLOCK OF  MONTANA AVE NE DC, WASHINGTON 20018 UNITED STATES","Match","Non_Exact","11001007901"
"1400 BLOCK OF  OKIE STREET NE WASHINGTON, DC 20002 UNITED STATES","Match","Non_Exact","11001007703"
"1700 BLOCK OF  NEW JERSEY AVENUE NW WASHINGTON, DC 20001 UNITED STATES","Match","Non_Exact","11001002600"
"1700 BLOCK OF  NEW JERSEY AVE NW WASHINGTON, DC 20001 UNITED STATES","Match","Non_Exact","11001009102"
"1100 BLOCK OF  U ST NW DC, WASHINGTON 20001 UNITED STATES","Match","Non_Exact","11001008803"
"1200 BLOCK OF  MOUNT OLIVET RD NE DC, DC 20002 UNITED STATES","Match","Non_Exact","11001007408"
"1200 BLOCK OF  MEIGS PLACE NE WASHINGTON, DC 20002 UNITED STATES","Match","Non_Exact","11001003400"
"1400 BLOCK OF  PARKWOOD PL NW DC, WASHINGTON DC UNITED STATES","Match","Non_Exact","11001011100"
"1400 BLOCK OF  PARKWOOD PLACE NW WASHINGTON, DC 20010 UNITED STATES","No_Match","",NA
"6000 BLOCK OF  GEORGIA AVE NW WASHINGTON, DC 20011 UNITED STATES","Match","Non_Exact","11001008803"
"2900 BLOCK OF  KNOX PL SE DC, WASHINGTON 20020 UNITED STATES","Match","Non_Exact","11001009807"
"1900 BLOCK OF  I ST NE DC, WASHINGTON 20002 UNITED STATES","Match","Non_Exact","11001008802"
"2700 BLOCK OF  LANGSTON PL SE WASHINGTON, DC 20020 UNITED STATES","Match","Non_Exact","11001009102"
"1200 BLOCK OF  MORSE STREET NE WASHINGTON, DC 20002 UNITED STATES","Match","Non_Exact","11001007502"
"2100 BLOCK OF  CHANNING ST NE DC, WASHINGTON 20002 UNITED STATES","Match","Non_Exact","11001004801"
"700 BLOCK OF  16TH ST NE WASHINGTON, DC 20002 UNITED STATES","Match","Non_Exact","11001004801"
"3000 BLOCK OF  M ST NW DC, WASHINGTON 20007 UNITED STATES","Match","Non_Exact","11001004402"
"UNIT BLOCK OF  ANACOSTIA ROAD SE WASHINGTON, DC 20019 UNITED STATES","Match","Non_Exact","11001008804"
"CONNECTICUT AVENUE NW & M STREET NW WASHINGTON, DC 20036 UNITED STATES","Match","Non_Exact","11001008804"
"3900 BLOCK OF  MINNESOTA AVE NE DC, DC 20019 UNITED STATES","Match","Non_Exact","11001002801"
"3900 BLOCK OF  SOUTH CAPITOL ST DC, WASHINGTON 20032 UNITED STATES","Match","Non_Exact","11001002801"
"UNIT BLOCK OF  L ST NW DC, DC 20002 UNITED STATES","Match","Non_Exact","11001001804"
"1300 BLOCK OF  W STREET SE WASHINGTON, DC 20020 UNITED STATES","Match","Non_Exact","11001007502"
"700 BLOCK OF  ROCK CREEK CHURCH RD NW DC, DC 20010 UNITED STATES","Match","Non_Exact","11001008904"
"3300 BLOCK OF  14TH PLACE SE WASHINGTON, DC 20032 UNITED STATES","Match","Non_Exact","11001007408"
"1700 BLOCK OF  M ST NW DC, DC 20036 UNITED STATES","Match","Non_Exact","11001008802"
"600 BLOCK OF  CHESAPEAKE ST SE WASHINGTON, DC 20032 UNITED STATES","Match","Non_Exact","11001011100"
"3200 BLOCK OF  PENNSYLVANIA AVE SE DC, DC 20019 UNITED STATES","Match","Non_Exact","11001007901"
"5100 BLOCK OF  SHERIFF RD NE DC, DC 20019 UNITED STATES","Match","Non_Exact","11001000102"
"CHESAPEAKE STREET SE & 6TH STREET SE WASHINGTON, DC 20032 UNITED STATES","No_Match","",NA
"3700 BLOCK OF  MINNESOTA AVE NE WASHINGTON, DC 20019 UNITED STATES","Match","Exact","11001010700"
"1300 BLOCK OF  U STREET SE WASHINGTON, DC 20020 UNITED STATES","Match","Non_Exact","11001009603"
"1000 BLOCK OF  BRENTWOOD RD NE WASHINGTON, DC 20018 UNITED STATES","No_Match","",NA
"1200 BLOCK OF  19TH STREET NW WASHINGTON, DC 20036 UNITED STATES","No_Match","",NA
"16TH STREET NE & BENNING ROAD NE WASHINGTON, DC 20002 UNITED STATES","Match","Non_Exact","11001007503"
"UNIT BLOCK OF  N ST NE DC, DC 20002 UNITED STATES","Match","Non_Exact","11001003200"
"5200 BLOCK OF  JUST ST NE DC, DC 20019 UNITED STATES","Match","Non_Exact","11001007304"
"1500 BLOCK OF  MARYLAND AVE NE WASHINGTON, DC 20002 UNITED STATES","Match","Non_Exact","11001010700"
"600 BLOCK OF  MORTON ST NW WASHINGTON, DC 20010 UNITED STATES","Match","Non_Exact","11001009802"
"3900 BLOCK OF  8TH STREET SE WASHINGTON, DC 20032 UNITED STATES","No_Match","",NA
"1800 BLOCK OF  7TH ST NW WASHINGTON, D.C. 20001 UNITED STATES","Match","Non_Exact","11001007806"
"1800 BLOCK OF  VIRGINIA AVE NE WASHINGTON, DC 20002 UNITED STATES","Match","Exact","11001009802"
"1500 BLOCK OF  MARYLAND AVE NE DC, WASHINGTON 20002 UNITED STATES","No_Match","",NA
"4600 BLOCK OF  SOUTH CAPITOL ST SW WASHINGTON, DC 20032 UNITED STATES","Match","Non_Exact","11001007503"
"7TH STREET NW & INGRAHAM STREET NW WASHINGTON, DC 20011 UNITED STATES","Match","Non_Exact","11001009102"
"7TH STREET NW & F STREET NW WASHINGTON, DC 20001 UNITED STATES","No_Match","",NA
"3700 BLOCK OF  1ST ST SE WASHINGTON, DC 20032 UNITED STATES","Match","Exact","11001007901"
"3900 BLOCK OF  CLAY PL NE DC, DC 20019 UNITED STATES","No_Match","",NA
"4100 BLOCK OF  WHEELER RD SE WASHINGTON, DC 20032 UNITED STATES","Match","Non_Exact","11001007809"
"1800 BLOCK OF  WEST VIRGINIA AVE NE WASHINGTON, DC 20002 UNITED STATES","Match","Non_Exact","11001008903"
"500 BLOCK OF  61ST ST NE DC, WASHINTON 20019 UNITED STATES","Match","Non_Exact","11001003200"
"UNIT BLOCK OF  K ST NW DC, WASHINGTON 20002 UNITED STATES","Match","Non_Exact","11001009801"
"900 BLOCK OF  NEW JERSEY AVE NW WASHINGTON, DC 20001 UNITED STATES","Match","Non_Exact","11001004402"
"3700 BLOCK OF  14TH ST NW DC, DC 20011 UNITED STATES","No_Match","",NA
"1800 BLOCK OF  BENNING RD NE DC, DC 20002 UNITED STATES","Match","Non_Exact","11001008903"
"SHERMAN AVENUE NW & IRVING STREET NW WASHINGTON, DC 20010 UNITED STATES","Match","Non_Exact","11001009810"
"2600 BLOCK OF  DOUGLASS PL SE WASHINGTON, DC 20020 UNITED STATES","Match","Exact","11001002101"
"300 BLOCK OF  ATLANTIC ST SE DC, WASHINGTON 20020 UNITED STATES","Match","Exact","11001005802"
"1600 BLOCK OF  BENNING RD NE DC, DC 20002 UNITED STATES","Match","Non_Exact","11001009803"
"1400 BLOCK OF  P ST NW DC, DC 20005 UNITED STATES","Match","Non_Exact","11001009603"
"3800 BLOCK OF  HALLEY TER SE WASHINGTON, DC 20020 UNITED STATES","Match","Non_Exact","11001009700"
"600 BLOCK OF  21ST NE WASH, DC 20002 UNITED STATES","Match","Non_Exact","11001008803"
"1100 BLOCK OF  BLADENSBURG RD NE DC, WASHINGTON 20002 UNITED STATES","Match","Non_Exact","11001007807"
"2900 BLOCK OF  NELSON PL SE DC, WASHINGTON 20019 UNITED STATES","No_Match","",NA
"6200 BLOCK OF  BANKS PL NE WASHINGTON, DC 20019 UNITED STATES","Match","Non_Exact","11001004702"
"1000 BLOCK OF  SAVANNAH STREET SE WASHINGTON, DC 20032 UNITED STATES","No_Match","",NA
"1300 BLOCK OF  WISCONSIN AVENUE NW WASHINGTON, DC 20007 UNITED STATES","Match","Non_Exact","11001008904"
"800 BLOCK OF  BLADENSBURG RD NE WASHINGTON, DC 20002 UNITED STATES","Match","Exact","11001003100"
"5000 BLOCK OF  BENNING RD SE DC, WASHINGTON 20019 UNITED STATES","Match","Non_Exact","11001007406"
"700 BLOCK OF  RHODE ISLAND AVENUE NE WASHINGTON, DC 20018 UNITED STATES","Match","Non_Exact","11001009801"
"1300 BLOCK OF  N ST NW WASHINGTON, DC 20001 UNITED STATES","Match","Non_Exact","11001008904"
"600 BLOCK OF  FLORIDA AVE NW WASHINGTON, DC 20001 UNITED STATES","Match","Non_Exact","11001005203"
"1300 BLOCK OF  MARYLAND AVE NE WASHINGTON, DC 20002 UNITED STATES","Match","Non_Exact","11001009803"
"UNIT BLOCK OF  M ST NW WASHINGTON, DC 20002 UNITED STATES","No_Match","",NA
"600 BLOCK OF  T ST NW WASHINGTON, D.C. 20001 UNITED STATES","Match","Exact","11001007605"
"1800 BLOCK OF  7TH ST NW WASHINGTON, DC 20001 UNITED STATES","Match","Non_Exact","11001008804"
"2100 BLOCK OF  MISSISSIPPI AVE SE WASHINGTON, DC 20020 UNITED STATES","Match","Non_Exact","11001007709"
"1300 BLOCK OF  SAVANNAH PL SE WASHINGTON, DC 20032 UNITED STATES","Match","Non_Exact","11001007808"
"3100 BLOCK OF  E ST SE DC, DC 20019 UNITED STATES","Match","Non_Exact","11001007304"
"1800 BLOCK OF  9TH ST NW WASHINGTON, DC 20009 UNITED STATES","Match","Non_Exact","11001000202"
"700 BLOCK OF  T ST NW DC, DC 20001 UNITED STATES","Match","Non_Exact","11001008802"
"2600 BLOCK OF  BOWEN RD SE WAHSINGTON, DC 20020 UNITED STATES","Match","Non_Exact","11001007707"
"18TH STREET SE & T STREET SE WASHINGTON, DC 20020 UNITED STATES","Match","Non_Exact","11001009302"
"1300 BLOCK OF  U ST SE DC, DC 20020 UNITED STATES","Match","Non_Exact","11001007503"
"2300 BLOCK OF  GREEN ST SE DC, DC 20020 UNITED STATES","Match","Non_Exact","11001010700"
"700 BLOCK OF  7TH ST NW WASHINGTON, DC 20001 UNITED STATES","Match","Non_Exact","11001002801"
"500 BLOCK OF  HAMLIN ST NE DC, WASHINGTON DC UNITED STATES","Match","Non_Exact","11001007203"
"100 BLOCK OF  FRANKLIN ST NE DC, WASHINGTON DC UNITED STATES","Match","Non_Exact","11001007403"
"5500 BLOCK OF  SOUTH DAKOTA AVENUE NE WASHINGTON, DC 20011 UNITED STATES","Match","Non_Exact","11001009903"
"1300 BLOCK OF  HOWARD RD SE WASHINGTON, DC 20032 UNITED STATES","No_Match","",NA
"1300 BLOCK OF  MERIDIAN PL NW WASHINGTON, DC 20010 UNITED STATES","Match","Non_Exact","11001009102"
"1900 BLOCK OF  1ST STREET NE WASHINGTON, DC 20002 UNITED STATES","Match","Non_Exact","11001009811"
"3400 BLOCK OF  BENNING RD NE DC, WASHINGTON 20002 UNITED STATES","Match","Non_Exact","11001010100"
"1900 BLOCK OF  7TH ST NW WASHINGTON, DC 20001 UNITED STATES","Match","Non_Exact","11001009602"
"14TH STREET NW & OTIS PLACE NW WASHINGTON, DC 20010 UNITED STATES","Match","Exact","11001007304"
"3600 BLOCK OF  14TH ST NW DC, WASHINGTON 20010 UNITED STATES","Match","Non_Exact","11001004402"
"3400 BLOCK OF  22ND ST SE WASHINGTON, DC 20020 UNITED STATES","Match","Non_Exact","11001009102"
"3600 BLOCK OF  GEORGIA AVE NW DC, DC 20010 UNITED STATES","Tie","",NA
"2300 BLOCK OF  GREEN ST SE WASHINGTON, DC 20032 UNITED STATES","Match","Non_Exact","11001002801"
"800 BLOCK OF  XENIA ST SE WASHINGTON, DC 20032 UNITED STATES","Match","Non_Exact","11001007409"
"1300 BLOCK OF  U ST SE WASHINGTON, DC 20020 UNITED STATES","No_Match","",NA
"3900 BLOCK OF  MINNESOTA AVE NE DC, WASHINGTON 20019 UNITED STATES","Match","Non_Exact","11001007504"
"1200 BLOCK OF  12TH ST NW WASHINGTON, DC 20005 UNITED STATES","Match","Non_Exact","11001009801"
"16TH STREET NW & COLUMBIA ROAD NW WASHINGTON, DC 20009 UNITED STATES","Match","Non_Exact","11001007503"
"4200 BLOCK OF  7TH STREET NW WASHINGTON, DC 20011 UNITED STATES","Match","Non_Exact","11001009603"
"1400 BLOCK OF  CEDAR ST SE DC, WASHINGTON 20020 UNITED STATES","Match","Non_Exact","11001007503"
"4900 BLOCK OF  QUARLES ST NE DC, DC 20019 UNITED STATES","Match","Non_Exact","11001007504"
"100 BLOCK OF  35TH ST SE DC, WASHINGTON D.C 20019 UNITED STATES","Match","Non_Exact","11001005802"
"3700 BLOCK OF  MINNESOTA AVE NE DC, D.C 20019 UNITED STATES","Match","Non_Exact","11001009201"
"200 BLOCK OF  37TH SE WASHINGTON, D.C 20019 UNITED STATES","Match","Non_Exact","11001009201"
"1900 BLOCK OF  F STREET NW WASHINGTON, DC 20052 UNITED STATES","Match","Non_Exact","11001009508"
"5000 BLOCK OF  H ST SE DC, WASHINGTON 20019 UNITED STATES","Match","Non_Exact","11001007407"
"400 BLOCK OF  L ST SE DC, DC 20002 UNITED STATES","Match","Non_Exact","11001002900"
"1200 BLOCK OF  U ST NW WASHINGTON, DC 20009 UNITED STATES","Match","Non_Exact","11001008701"
"1300 BLOCK OF  SOUTH CAPITAL ST SE WASHINGTON, DC 20024 UNITED STATES","Match","Non_Exact","11001005004"
"1800 BLOCK OF  8TH ST NW WASHINGTON, DC 20001 UNITED STATES","Match","Exact","11001002802"
"1800 BLOCK OF  GAINESVILLE STREET SE WASHINGTON, DC 20020 UNITED STATES","Match","Non_Exact","11001002400"
"3800 BLOCK OF  9TH ST SE DC, DC 20032 UNITED STATES","Match","Non_Exact","11001007503"
"2400 BLOCK OF  JAMES BANKS ROAD SE WASHINGTON, DC 20020 UNITED STATES","Match","Non_Exact","11001007806"
"UNIT BLOCK OF  KENNEDY ST NW DC, WASHINGTON DC UNITED STATES","Match","Non_Exact","11001007708"
"UNIT BLOCK OF  KENNEDY ST NW DC, WASHINGTON 20011 UNITED STATES","No_Match","",NA
"SOUTH CAPITOL STREET & SOUTHERN AVENUE SE WASHINGTON, DC 20032 UNITED STATES","Tie","",NA
"2000 BLOCK OF  10TH ST NW WASHINGTON, DC 20001 UNITED STATES","Match","Non_Exact","11001010800"
"700 BLOCK OF  FLORIDA AVE NW WASHINGTON, DC 20001 UNITED STATES","Match","Non_Exact","11001007707"
"1500 BLOCK OF  BENNING RD NE DC, 1548 BENNING ROAD NE 20002 UNITED STATES","No_Match","",NA
"UNIT BLOCK OF  P STREET NW WASHINGTON, DC 20001 UNITED STATES","Match","Non_Exact","11001004402"
"2500 BLOCK OF  15TH ST NW DC, WASHINGTON 20009 UNITED STATES","No_Match","",NA
"3200 BLOCK OF  15TH PLACE SE WASHINGTON, DC 20020 UNITED STATES","Match","Non_Exact","11001004402"
"300 BLOCK OF  DECATUR ST NW DC, WASHINGTON 20011 UNITED STATES","Match","Non_Exact","11001007407"
"1200 BLOCK OF  MOUNT OLIVET RD NE DC, WASHINGTON DC UNITED STATES","No_Match","",NA
"14TH STREET NW & COLUMBIA ROAD NW WASHINGTON, DC 20009 UNITED STATES","No_Match","",NA
"600 BLOCK OF  S ST NW WASHINGTON, DC 20001 UNITED STATES","No_Match","",NA
"1100 BLOCK OF  NEW JERSEY AVE SE DC, DC 20003 UNITED STATES","No_Match","",NA
"6200 BLOCK OF  DIX ST NE DC, DC 20009 UNITED STATES","Tie","",NA
"2600 BLOCK OF  22ND ST NE DC, DC 20002 UNITED STATES","Match","Non_Exact","11001004401"
"2400 BLOCK OF  BRYAN PLACE SE WASHINGTON, DC 20020 UNITED STATES","Match","Non_Exact","11001004402"
"300 BLOCK OF  62ND ST NE WASHINGTON, DC 20009 UNITED STATES","Match","Non_Exact","11001008904"
"1700 BLOCK OF  CAPITOL AVE NE WASHINGTON, DC 20002 UNITED STATES","No_Match","",NA
"1700 BLOCK OF  HOLBROOK STREET NE WASHINGTON, DC 20002 UNITED STATES","Match","Non_Exact","11001003701"
"1800 BLOCK OF  9TH STREET NW WASHINGTON, DC 20001 UNITED STATES","Match","Non_Exact","11001007404"
"EATON ROAD SE & WADE ROAD SE WASHINGTON, DC 20020 UNITED STATES","Match","Non_Exact","11001002202"
"2900 BLOCK OF  FAIRLAWN AVENUE SE WASHINGTON, DC 20019 UNITED STATES","Match","Non_Exact","11001008804"
"1300 BLOCK OF  CONGRESS STREET SE WASHINGTON, DC 20032 UNITED STATES","Match","Exact","11001002802"
"4600 BLOCK OF  SOUTH CAPITOL STREET SE WASHINGTON, DC 20032 UNITED STATES","Match","Non_Exact","11001004801"
"1400 BLOCK OF  K STREET SE WASHINGTON, DC 20003 UNITED STATES","Match","Non_Exact","11001007203"
"1400 BLOCK OF  IRVING STREET NW WASHINGTON, DC 20010 UNITED STATES","No_Match","",NA
"1300 BLOCK OF  MARYLAND AVENUE NE WASHINGTON, DC 20002 UNITED STATES","No_Match","",NA
"400-BLK CONDON TER SE DC, WASHINGTON 20032 UNITED STATES","No_Match","",NA
"1700 BLOCK OF  7TH STREET NW WASHINGTON, DC 20001 UNITED STATES","Match","Non_Exact","11001007808"
"3000 BLOCK OF  15TH STREET NW WASHINGTON, DC 20009 UNITED STATES","Match","Non_Exact","11001008803"
"500-BLK GRESHAM PL NW DC, WASHINGTON DC 20010 UNITED STATES","Match","Non_Exact","11001008804"
"800 BLOCK OF  M STREET SE WASHINGTON, DC 20003 UNITED STATES","Match","Non_Exact","11001004402"
"4200 BLOCK OF  9TH ST SE DC, DC 20032 UNITED STATES","Match","Exact","11001007401"
"1300 BLOCK OF  R STREET NW WASHINGTON, DC 20009 UNITED STATES","Match","Non_Exact","11001007709"
"1100 BLOCK OF  VARNEY ST SE DC, WASHINGTON DC 20032 UNITED STATES","Match","Non_Exact","11001007304"
"1300 BLOCK OF  VAN BUREN ST NW WASHINGTON DC, DC 20012 UNITED STATES","Match","Non_Exact","11001009810"
"4700 BLOCK OF  SOUTH CAPITOL ST SE WASHINGTON, DC 20032 UNITED STATES","Match","Non_Exact","11001007100"
"1800 BLOCK OF  BELMONT RD NW WASHINGTON, DC 20009 UNITED STATES","Match","Non_Exact","11001002802"
"600 BLOCK OF  S ST NW DC, WASHINGTON DC 20009 UNITED STATES","Match","Non_Exact","11001008402"
"1800 BLOCK OF  U ST SE DC, WASHINGTON DC 20020 UNITED STATES","Match","Non_Exact","11001009801"
"1500 BLOCK OF  ALABAMA AVE SE DC, DC 20032 UNITED STATES","Match","Non_Exact","11001004901"
"UNIT BLOCK OF  DUPONT CIR NW DC, DC 20036 UNITED STATES","Match","Non_Exact","11001002802"
"2000 BLOCK OF  M STREET NW WASHINGTON, DC 20036 UNITED STATES","Match","Non_Exact","11001003400"
"3600 BLOCK OF  14TH ST NW DC, DC 20011 UNITED STATES","Match","Non_Exact","11001007203"
"3900 BLOCK OF  1ST ST SE WASHINTON, DC 20032 UNITED STATES","No_Match","",NA
"1300 BLOCK OF  HOWARD RD SE WASHINGTON, DC 20020 UNITED STATES","Match","Non_Exact","11001005001"
"2500 BLOCK OF  MARTIN LUTHER KING JR AVENUE SE WASHINGTON, DC 20020 UNITED STATES","Match","Non_Exact","11001009700"
"2800 BLOCK OF  HARTFORD ST SE WASHINGTON, DC 20020 UNITED STATES","Match","Non_Exact","11001001804"
"4300 BLOCK OF  LIVINGSTON RD SE WA, DC 20020 UNITED STATES","Match","Non_Exact","11001009811"
"1000 BLOCK OF  FLORIDA AVENUE NE WASHINGTON, DC 20002 UNITED STATES","Match","Non_Exact","11001004002"
"1500 BLOCK OF  V ST SE WASHINGTON, DC 20002 UNITED STATES","Match","Non_Exact","11001004801"
"1900 BLOCK OF  M ST NW WASHINGTON, DC 20036 UNITED STATES","Match","Non_Exact","11001007504"
"3600 BLOCK OF  14TH ST NW WASHINGTON, DC 20010 UNITED STATES","Match","Non_Exact","11001007404"
"400 BLOCK OF  M ST SE WASHINGTON, DISTRICT OF COLUMBIA 20003 UNITED STATES","No_Match","",NA
"1800 BLOCK OF  SAVANNAH ST SE WASHINGTON, DC 20032 UNITED STATES","Match","Non_Exact","11001007806"
"5500 BLOCK OF  CENTRAL AVE SE DC, DC 20019 UNITED STATES","Match","Non_Exact","11001010700"
"1200 BLOCK OF  17TH STREET NW WASHINGTON, DC 20036 UNITED STATES","No_Match","",NA
"900 BLOCK OF  V STREET NE WASHINGTON, DC 20018 UNITED STATES","No_Match","",NA
"800 BLOCK OF  SOUTHERN AVE SE WASHINGTON, DC 20032 UNITED STATES","Match","Non_Exact","11001007407"
"1400 BLOCK OF  MASSACHUSETTS AVE NW WASHINGTON, DC 20005 UNITED STATES","Match","Non_Exact","11001007407"
"ALABAMA AVENUE SE & CONGRESS STREET SE WASHINGTON, DC 20032 UNITED STATES","Match","Non_Exact","11001007502"
"900 BLOCK OF  BRENTWOOD RD NE WASHINGTON, DC 20018 UNITED STATES","No_Match","",NA
"4700 BLOCK OF  MINNESOTA AVENUE NE WASHINGTON, DC 20019 UNITED STATES","Match","Non_Exact","11001008802"
"900 BLOCK OF  IRVING STREET NE WASHINGTON, DC 20017 UNITED STATES","Match","Non_Exact","11001005802"
"600 BLOCK OF  10TH STREET NW WASHINGTON, DC 20001 UNITED STATES","Match","Exact","11001005802"
"4000 BLOCK OF  LIVINGSTON ROAD SE WASHINGTON, DC 20032 UNITED STATES","Match","Non_Exact","11001007404"
"3600 BLOCK OF  BLAINE ST NE WASHINGTON DC, DISTRICT OF COLUMBIA 20019 UNITED STATES","Match","Non_Exact","51510200201"
"900 BLOCK OF  3RD STREET NE WASHINGTON, DC 20002 UNITED STATES","No_Match","",NA
"400 BLOCK OF  ALABAMA AVENUE SE WASHINGTON, DC 20032 UNITED STATES","Match","Non_Exact","11001009810"
"3400 BLOCK OF  18TH STREET SE WASHINGTON, DC 20020 UNITED STATES","No_Match","",NA
"2900 BLOCK OF  LINCOLN RD NE DC, DC 20013 UNITED STATES","Match","Non_Exact","11001002302"
"1200 BLOCK OF  SUMNER ROAD SE WASHINGTON, DC 20020 UNITED STATES","Match","Exact","11001007808"
"900 BLOCK OF  W STREET NW WASHINGTON, DC 20001 UNITED STATES","Match","Non_Exact","11001009102"
"3600 BLOCK OF  ELY PLACE SE WASHINGTON, DC 20019 UNITED STATES","Match","Non_Exact","11001004401"
"4900 BLOCK OF  EAST CAPITOL STREET NE WASHINGTON, DC 20019 UNITED STATES","Match","Non_Exact","11001002503"
"3200 BLOCK OF  O STREET NW WASHINGTON, DC 20007 UNITED STATES","Match","Non_Exact","11001007703"
"UNIT BLOCK OF  SYCAMORE RD NE DC, DC 20002 UNITED STATES","Match","Non_Exact","11001007604"
"9TH STREET SE & WAHLER PLACE SE WASHINGTON, DC 20032 UNITED STATES","Match","Non_Exact","11001007804"
"4000 BLOCK OF  8TH STREET SE WASHINGTON, DC 20032 UNITED STATES","Match","Non_Exact","11001000202"
"4200 BLOCK OF  EDSON PLACE NE WASHINGTON, DC 20019 UNITED STATES","No_Match","",NA
"4200 BLOCK OF  EADS STREET NE WASHINGTON, DC 20019 UNITED STATES","Match","Exact","11001009801"
"200 BLOCK OF  V STREET NE WASHINGTON, DC 20002 UNITED STATES","Match","Non_Exact","11001009802"
"NEW YORK AVENUE NE & BLADENSBURG ROAD NE WASHINGTON, DC 20002 UNITED STATES","Match","Non_Exact","11001007803"
"2400 BLOCK OF  WASHINGTON PLACE NE WASHINGTON, DC 20018 UNITED STATES","Match","Non_Exact","11001007803"
"400 BLOCK OF  H STREET NE WASHINGTON, DC 20002 UNITED STATES","Match","Non_Exact","11001008702"
"2100 BLOCK OF  Q STREET SE WASHINGTON, DC 20020 UNITED STATES","Match","Non_Exact","11001009301"
"1900 BLOCK OF  5TH STREET NE WASHINGTON, DC 20002 UNITED STATES","Match","Non_Exact","11001005802"
"M STREET SE & 1ST STREET SE WASHINGTON, DC 20003 UNITED STATES","Match","Non_Exact","11001009810"
"1000 BLOCK OF  1ST STREET NW WASHINGTON, DC 20001 UNITED STATES","No_Match","",NA
"500 BLOCK OF  8TH STREET SE WASHINGTON, DC 20003 UNITED STATES","Match","Non_Exact","11001010602"
"1900 BLOCK OF  MASSACHUSETTS AVENUE SE WASHINGTON, DC 20003 UNITED STATES","Match","Non_Exact","11001010400"
"900 BLOCK OF  T STREET NW WASHINGTON, DC 20001 UNITED STATES","Match","Non_Exact","11001007409"
"3000 BLOCK OF  24TH PLACE SE WASHINGTON, DC 20020 UNITED STATES","Tie","",NA
"5800 BLOCK OF  FIELD PLACE NE WASHINGTON, DC 20019 UNITED STATES","Match","Non_Exact","11001007401"
"1900 BLOCK OF  8TH STREET NW WASHINGTON, DC 20001 UNITED STATES","Match","Exact","11001011100"
"2600 BLOCK OF  11TH STREET NW WASHINGTON, DC 20001 UNITED STATES","No_Match","",NA
"1300 BLOCK OF  FLORIDA AVENUE NE WASHINGTON, DC 20002 UNITED STATES","Match","Non_Exact","11001010602"
"5200 BLOCK OF  EAST CAPITOL STREET SE WASHINGTON, DC 20019 UNITED STATES","Match","Non_Exact","11001007601"
"700 BLOCK OF  LONGFELLOW STREET NW WASHINGTON, DC 20011 UNITED STATES","Match","Non_Exact","11001008702"
"700 BLOCK OF  H ST NE WASHINGTON, DC 20002 UNITED STATES","Match","Exact","11001007202"
"2400 BLOCK OF  ELVANS RD SE WASHINGTON, DC 20020 UNITED STATES","Match","Non_Exact","11001004704"
"1100 BLOCK OF  7TH STREET NE WASHINGTON, DC 20002 UNITED STATES","Match","Non_Exact","11001007000"
"1700 BLOCK OF  SAVANNAH ST SE WASHINGTON, DC 20020 UNITED STATES","Match","Non_Exact","11001006804"
"1800 BLOCK OF  KENDALL STREET NE WASHINGTON, DC 20002 UNITED STATES","Match","Non_Exact","11001004402"
"1200 BLOCK OF  MASSACHUSETTS AVENUE NW WASHINGTON, DC 20005 UNITED STATES","Match","Non_Exact","11001007408"
"1000 BLOCK OF  NEW JERSEY AVE SE DC, MD 20002 UNITED STATES","Match","Non_Exact","11001007807"
"1500 BLOCK OF  WISCONSIN AVENUE NW WASHINGTON, DC 20007 UNITED STATES","Match","Non_Exact","11001004402"
"2300 BLOCK OF  16TH STREET NORTHWEST WASHINGTON, DC 20009 UNITED STATES","Match","Non_Exact","11001003600"
"UNIT BLOCK OF  PATTERSON STREET NE WASHINGTON, DC 20002 UNITED STATES","Match","Non_Exact","11001008802"
"WHEELER ROAD SE & MISSISSIPPI AVENUE SE WASHINGTON, DC 20032 UNITED STATES","No_Match","",NA
"4100 BLOCK OF  9TH STREET NW WASHINGTON, DC 20011 UNITED STATES","Match","Non_Exact","11001002101"
"3300 BLOCK OF  E STREET SE WASHINGTON, DC 20019 UNITED STATES","Match","Non_Exact","11001010602"
"1800 BLOCK OF  T STREET SE WASHINGTON, DC 20020 UNITED STATES","Match","Non_Exact","11001007406"
"7000 BLOCK OF  SPRING PLACE NW WASHINGTON, DC 20012 UNITED STATES","Match","Non_Exact","11001010602"
"GEORGIA AVENUE NW & BARRY PLACE NW WASHINGTON, DC 20001 UNITED STATES","Match","Non_Exact","11001007403"
"5500 BLOCK OF  HUNT PLACE NE WASHINGTON, DC 20019 UNITED STATES","Match","Non_Exact","11001008803"
"2800 BLOCK OF  ROBINSON PLACE SE WASHINGTON, DC 20020 UNITED STATES","Match","Non_Exact","11001010100"
"700 BLOCK OF  IRVING STREET NW WASHINGTON, DC 20010 UNITED STATES","No_Match","",NA
"2200 BLOCK OF  ADAMS PLACE NE WASHINGTON, DC 20018 UNITED STATES","Match","Non_Exact","11001000202"
"300 BLOCK OF  I STREET NE WASHINGTON, DC 20002 UNITED STATES","Match","Non_Exact","11001003801"
"O STREET SW & HALF STREET SW WASHINGTON, DC 20024 UNITED STATES","No_Match","",NA
"LINCOLN ROAD NE & FRANKLIN STREET NE WASHINGTON, DC 20002 UNITED STATES","Match","Exact","11001007304"
"1200 BLOCK OF  POTOMAC AVENUE SE WASHINGTON, DC 20003 UNITED STATES","Match","Non_Exact","11001002400"
"4000 BLOCK OF  2ND STREET SW WASHINGTON, DC 20032 UNITED STATES","Match","Non_Exact","11001007708"
"100 BLOCK OF  BLAKELY ST FREDERICK, MD 21702 UNITED STATES","Match","Non_Exact","11001007605"
"2600 BLOCK OF  JASPER STREET SE WASHINGTON, DC 20020 UNITED STATES","Match","Non_Exact","11001001702"
"900 BLOCK OF  48TH STREET NE WASHINGTON, DC 20019 UNITED STATES","Match","Exact","11001003400"
"1700 BLOCK OF  EAST CAPITOL STREET SE WASHINGTON, DC 20003 UNITED STATES","Match","Non_Exact","11001007807"
"1700 BLOCK OF  M STREET NW WASHINGTON, DC 20036 UNITED STATES","Match","Non_Exact","11001007404"
"400 BLOCK OF  G STREET NW WASHINGTON, DC 20548 UNITED STATES","Match","Non_Exact","11001003100"
"200 BLOCK OF  K ST SW WASHINGTON, DC 20003 UNITED STATES","Match","Non_Exact","11001011100"
"500 BLOCK OF  50TH PLACE NE WASHINGTON, DC 20019 UNITED STATES","Match","Non_Exact","11001010602"
"5700 BLOCK OF  5TH STREET NE WASHINGTON, DC 20011 UNITED STATES","Match","Exact","11001006400"
"11TH STREET NW & VERMONT AVENUE NW WASHINGTON, DC 20001 UNITED STATES","Match","Exact","11001009201"
"14TH STREET NW & RHODE ISLAND AVENUE NW WASHINGTON, DC 20005 UNITED STATES","Match","Non_Exact","11001007100"
"700 BLOCK OF  D STREET SE WASHINGTON, DC 20003 UNITED STATES","Match","Non_Exact","11001009807"
"900 BLOCK OF  S STREET NW WASHINGTON, DC 20001 UNITED STATES","No_Match","",NA
"1000 BLOCK OF  O STREET SE WASHINGTON, DC 20374 UNITED STATES","Match","Non_Exact","11001007408"
"900 BLOCK OF  23RD STREET NW WASHINGTON, DC 20037 UNITED STATES","Match","Non_Exact","11001007809"
"500 BLOCK OF  H STREET NW WASHINGTON, DC 20001 UNITED STATES","Match","Non_Exact","11001008002"
"100 BLOCK OF  36TH STREET NE WASHINGTON, DC 20019 UNITED STATES","Match","Non_Exact","11001010700"
"700 BLOCK OF  58TH STREET NE WASHINGTON, DC 20019 UNITED STATES","Match","Non_Exact","11001005900"
"1800 BLOCK OF  L STREET NW WASHINGTON, DC 20036 UNITED STATES","Match","Non_Exact","11001010500"
"12TH STREET NW & P STREET NW WASHINGTON, DC 20005 UNITED STATES","Match","Non_Exact","11001007804"
"300 BLOCK OF  CRITTENDEN STREET NW WASHINGTON, DC 20011 UNITED STATES","Match","Non_Exact","11001009505"
"2800 BLOCK OF  28TH STREET SE WASHINGTON, DC 20020 UNITED STATES","Match","Exact","11001004402"
"23O5 PENNSYLVANIA AVE SE DC, DC 20019 UNITED STATES","Match","Exact","11001005003"
"2700 BLOCK OF  NORTH CAPITOL STREET NE WASHINGTON, DC 20002 UNITED STATES","Match","Non_Exact","11001006600"
"100 BLOCK OF  JOLIET STREET SW WASHINGTON, DC 20032 UNITED STATES","Match","Non_Exact","11001004901"
"3400 BLOCK OF  25TH STREET SE WASHINGTON, DC 20020 UNITED STATES","No_Match","",NA
"700 BLOCK OF  11TH STREET NW WASHINGTON, DC 20001 UNITED STATES","Match","Non_Exact","11001005601"
"G STREET NW & 9TH STREET NW WASHINGTON, DC 20001 UNITED STATES","Match","Non_Exact","11001005801"
"3200 BLOCK OF  21ST STREET SE WASHINGTON, DC 20020 UNITED STATES","Match","Non_Exact","11001009603"
"N VAN DORN ST & W BRADDOCK RD ALEXANDRIA, VIRGINIA 22302 UNITED STATES","Match","Non_Exact","11001007807"
"700 BLOCK OF  BLADENSBURG RD NE WASHINGTON, DISTRICT OF COLUMBIA 20002 UNITED STATES","Match","Non_Exact","11001006600"
"4000 BLOCK OF  SOUTH CAPITOL STREET SE WASHINGTON, DC 20032 UNITED STATES","Match","Non_Exact","11001010700"
"UNIT BLOCK OF  M STREET NW WASHINGTON, DC 20001 UNITED STATES","Match","Exact","11001005001"
"100 BLOCK OF  IRVING STREET NW WASHINGTON, DC 20010 UNITED STATES","Match","Non_Exact","11001002202"
"60TH STREET NE & EADS STREET NE WASHINGTON, DC 20019 UNITED STATES","Match","Non_Exact","11001007502"
"2300 BLOCK OF  WASHINGTON PLACE NE WASHINGTON, DC 20018 UNITED STATES","No_Match","",NA
"3800 BLOCK OF  GEORGIA AVENUE NW WASHINGTON, DC 20011 UNITED STATES","No_Match","",NA
"1600 BLOCK OF  28TH STREET SE WASHINGTON, DC 20020 UNITED STATES","Match","Non_Exact","11001010900"
"100 BLOCK OF  6TH STREET SE WASHINGTON, DC 20003 UNITED STATES","Match","Non_Exact","11001007409"
"1200 BLOCK OF  HALF STREET SW WASHINGTON, DC 20024 UNITED STATES","Match","Non_Exact","11001010700"
"4700 BLOCK OF  SOUTH CAPITOL TERRACE SW WASHINGTON, DC 20032 UNITED STATES","Match","Exact","11001002900"
"FLORIDA AVENUE NE & NORTH CAPITOL STREET WASHINGTON, DC 20002 UNITED STATES","Match","Non_Exact","11001001804"
"900 BLOCK OF  NEW JERSEY AVENUE SE WASHINGTON, DC 20003 UNITED STATES","Match","Non_Exact","11001007201"
"2100 BLOCK OF  8TH STREET NW WASHINGTON, DC 20001 UNITED STATES","Match","Non_Exact","11001001901"
"1700 BLOCK OF  FLORIDA AVENUE NW WASHINGTON, DC 20009 UNITED STATES","Match","Non_Exact","11001009902"
"1100 BLOCK OF  NORTH CAPITOL STREET NW WASHINGTON, DC 20002 UNITED STATES","Match","Non_Exact","11001007708"
"6500 BLOCK OF  CHILLUM PLACE NW WASHINGTON, DC 20012 UNITED STATES","Match","Non_Exact","11001006801"
"1500 BLOCK OF  21ST STREET NW WASHINGTON, DC 20036 UNITED STATES","Match","Exact","11001980000"
"1200 BLOCK OF  TUCKERMAN STREET NW WASHINGTON, DC 20011 UNITED STATES","Match","Non_Exact","11001005601"
"3100 BLOCK OF  BLADENSBURG ROAD NE WASHINGTON, DC 20018 UNITED STATES","Match","Non_Exact","11001001804"
"4400 BLOCK OF  GEORGIA AVENUE NW WASHINGTON, DC 20011 UNITED STATES","Match","Non_Exact","11001007203"
"5800 BLOCK OF  DIX STREET NE WASHINGTON, DC 20019 UNITED STATES","Match","Non_Exact","11001011100"
"MOUNT PLEASANT STREET NW & PARK ROAD NW WASHINGTON, DC 20010 UNITED STATES","No_Match","",NA
"11TH STREET SE & O STREET SE WASHINGTON, DC 20374 UNITED STATES","Match","Non_Exact","11001002501"
"HOWARD ROAD SE & BRYAN PLACE SE WASHINGTON, DC 20020 UNITED STATES","Match","Non_Exact","11001007808"
"5300 BLOCK OF  JAY STREET NE WASHINGTON, DC 20019 UNITED STATES","Tie","",NA
"5200 BLOCK OF  GEORGIA AVENUE NW WASHINGTON, DC 20011 UNITED STATES","Match","Non_Exact","11001007201"
"1100 BLOCK OF  COLUMBIA ROAD NW WASHINGTON, DC 20009 UNITED STATES","Match","Exact","11001007407"
"1800-BLK PERRY ST NE WASHINGTON, DC 20019 UNITED STATES","Match","Non_Exact","11001007807"
"1500 BLOCK OF  ANACOSTIA AVENUE NE WASHINGTON, DC 20019 UNITED STATES","Match","Non_Exact","11001002002"
"200 BLOCK OF  R STREET NE WASHINGTON, DC 20002 UNITED STATES","Match","Non_Exact","11001003000"
"RIGGS ROAD NE & NORTH CAPITOL STREET WASHINGTON, DC 20011 UNITED STATES","Match","Non_Exact","11001006400"
"H STREET NW & 8TH STREET NW WASHINGTON, DC 20001 UNITED STATES","Match","Non_Exact","11001010900"
"300 BLOCK OF  34TH STREET SE WASHINGTON, DC 20019 UNITED STATES","Tie","",NA
"50TH STREET NE & BROOKS STREET NE WASHINGTON, DC 20019 UNITED STATES","Match","Non_Exact","11001007203"
"4600 BLOCK OF  HUNT PLACE NE WASHINGTON, DC 20019 UNITED STATES","Match","Non_Exact","11001003500"
"1300 BLOCK OF  7TH STREET NW WASHINGTON, DC 20001 UNITED STATES","No_Match","",NA
"900 BLOCK OF  SOUTHERN AVENUE SE WASHINGTON, DC 20032 UNITED STATES","No_Match","",NA
"1100 BLOCK OF  17TH STREET NE WASHINGTON, DC 20002 UNITED STATES","Match","Non_Exact","11001001702"
"1700 BLOCK OF  MONTANA AVENUE NE WASHINGTON, DC 20018 UNITED STATES","Match","Non_Exact","11001005502"
"5000 BLOCK OF  NORTH CAPITOL STREET NE WASHINGTON, DC 20011 UNITED STATES","Match","Non_Exact","11001009400"
"49TH PLACE NE & NANNIE HELEN BURROUGHS AVENUE NE WASHINGTON, DC 20019 UNITED STATES","Match","Non_Exact","11001009601"
"7800 BLOCK OF  GEORGIA AVENUE NW WASHINGTON, DC 20012 UNITED STATES","Match","Non_Exact","11001008702"
"1000 BLOCK OF  QUEBEC PLACE NW WASHINGTON, DC 20010 UNITED STATES","Match","Non_Exact","11001002102"
"625A CHESAPEAKE STREET SE WASHINGTON, DC 20032 UNITED STATES","Match","Exact","11001005802"
"500 BLOCK OF  CHESAPEAKE STREET SE WASHINGTON, DC 20032 UNITED STATES","Match","Non_Exact","11001007708"
"1700 BLOCK OF  RHODE ISLAND AVENUE NW WASHINGTON, DC 20036 UNITED STATES","Match","Exact","11001007804"
"SAVANNAH STREET SE & 19TH STREET SE WASHINGTON, DC 20020 UNITED STATES","Match","Non_Exact","11001007809"
"200 BLOCK OF  WILMINGTON PLACE SE WASHINGTON, DC 20032 UNITED STATES","Match","Non_Exact","11001004902"
"GEORGIA AVENUE NW & TAYLOR STREET NW WASHINGTON, DC 20011 UNITED STATES","Match","Non_Exact","11001009700"
"3400 BLOCK OF  24TH STREET SE WASHINGTON, DC 20020 UNITED STATES","Match","Non_Exact","11001008903"
"5700 BLOCK OF  13TH STREET NW WASHINGTON, DC 20011 UNITED STATES","Match","Non_Exact","11001009102"
"NEW JERSEY AVENUE NW & L STREET NW WASHINGTON, DC 20001 UNITED STATES","Match","Non_Exact","11001002202"
"1200 BLOCK OF  VALLEY AVENUE SE WASHINGTON, DC 20032 UNITED STATES","Match","Exact","11001007804"
"2100 BLOCK OF  MISSISSIPPI AVENUE SE WASHINGTON, DC 20020 UNITED STATES","Match","Non_Exact","11001001600"
"1600 BLOCK OF  KENYON STREET NW WASHINGTON, DC 20010 UNITED STATES","Match","Non_Exact","11001002503"
"2100 BLOCK OF  QUEENS CHAPEL ROAD NE WASHINGTON, DC 20018 UNITED STATES","Match","Non_Exact","11001009811"
"33RD PLACE NE & SOUTH DAKOTA AVENUE NE WASHINGTON, DC 20018 UNITED STATES","Match","Non_Exact","11001009802"
"COLORADO AVENUE NW & PINEY BRANCH ROAD NW WASHINGTON, DC 20011 UNITED STATES","Match","Non_Exact","11001010700"
"400 BLOCK OF  NEWCOMB ST SE WASHINGTON, DC 20020 UNITED STATES","Match","Exact","11001007403"
"2300-2599 BLOCK P STREET NW WASHINGTON, DC 20007 UNITED STATES","Match","Non_Exact","11001009803"
"1200 BLOCK OF  SAVANNAH PLACE SE WASHINGTON, DC 20032 UNITED STATES","Match","Exact","11001002503"
"800 BLOCK OF  SOUTHERN AVENUE SE WASHINGTON, DC 20032 UNITED STATES","Match","Non_Exact","11001007409"
"2900 BLOCK OF  MINNESOTA AVENUE SE WASHINGTON, DC 20019 UNITED STATES","Match","Non_Exact","11001002002"
"2700 BLOCK OF  ROBINSON PLACE SE WASHINGTON, DC 20020 UNITED STATES","Match","Exact","11001004704"
"5500 BLOCK OF  ILLINOIS AVENUE NW WASHINGTON, DC 20011 UNITED STATES","Match","Non_Exact","11001009700"
"1800 BLOCK OF  13TH STREET NW WASHINGTON, DC 20009 UNITED STATES","Match","Non_Exact","11001007409"
"200 BLOCK OF  K STREET SE WASHINGTON, DC 20003 UNITED STATES","Match","Non_Exact","11001002702"
"2200 BLOCK OF  13TH STREET NE WASHINGTON, DC 20018 UNITED STATES","Match","Non_Exact","11001011100"
"DOWNING STREET NE & 13TH STREET NE WASHINGTON, DC 20018 UNITED STATES","Match","Non_Exact","11001011100"
"2100 BLOCK OF  GEORGIA AVENUE NW WASHINGTON, DC 20001 UNITED STATES","Match","Exact","11001001804"
"600 BLOCK OF  53RD STREET SE WASHINGTON, DC 20019 UNITED STATES","Match","Non_Exact","11001010400"
"F STREET NW & 11TH STREET NW WASHINGTON, DC 20004 UNITED STATES","Match","Non_Exact","11001000101"
"4600 BLOCK OF  4TH STREET NW WASHINGTON, DC 20011 UNITED STATES","Match","Non_Exact","11001007304"
"3900 BLOCK OF  CLAY PLACE NE WASHINGTON, DC 20019 UNITED STATES","Match","Non_Exact","11001009811"
"2300 BLOCK OF  SOUTHERN AVENUE SE WASHINGTON, DC 20020 UNITED STATES","Match","Non_Exact","11001007709"
"1200 BLOCK OF  ORREN STREET NE WASHINGTON, DC 20002 UNITED STATES","No_Match","",NA
"1400 BLOCK OF  BRUCE STREET SE WASHINGTON, DC 20020 UNITED STATES","Match","Non_Exact","11001002101"
"2200 BLOCK OF  SAVANNAH ST SE DC, WASHINGTON 20020 UNITED STATES","Match","Non_Exact","11001004402"
"UNIT BLOCK OF  DUPONT CIRCLE NW WASHINGTON, DC 20036 UNITED STATES","Match","Non_Exact","11001007203"
"1500 BLOCK OF  NORTH CAPITOL STREET NE WASHINGTON, DC 20002 UNITED STATES","Match","Non_Exact","11001009102"
"1200 BLOCK OF  4TH STREET SW WASHINGTON, DC 20024 UNITED STATES","Match","Non_Exact","11001009102"
"1000 BLOCK OF  F STREET NW WASHINGTON, DC 20004 UNITED STATES","Match","Non_Exact","11001003500"
"1500 BLOCK OF  MONTELLO AVENUE NE WASHINGTON, DC 20002 UNITED STATES","Match","Non_Exact","11001009905"
"4700 BLOCK OF  CENTRAL AVENUE NE WASHINGTON, DC 20019 UNITED STATES","Match","Exact","11001005802"
"1300 BLOCK OF  A STREET SE WASHINGTON, DC 20003 UNITED STATES","Match","Non_Exact","11001002202"
"2100 BLOCK OF  E STREET NW WASHINGTON, DC 20037 UNITED STATES","Match","Non_Exact","11001009603"
"3400 BLOCK OF  15TH STREET SE WASHINGTON, DC 20032 UNITED STATES","Match","Non_Exact","11001007409"
"3500 BLOCK OF  ELY PLACE SE WASHINGTON, DC 20019 UNITED STATES","Match","Non_Exact","11001008802"
"700 BLOCK OF  20TH STREET NE WASHINGTON, DC 20002 UNITED STATES","No_Match","",NA
"6100 BLOCK OF  CLAY STREET NE WASHINGTON, DC 20019 UNITED STATES","Match","Non_Exact","11001007403"
"800 BLOCK OF  MAINE AVENUE SW WASHINGTON, DC 20024 UNITED STATES","No_Match","",NA
"1600 BLOCK OF  KENILWORTH AVENUE NE WASHINGTON, DC 20019 UNITED STATES","No_Match","",NA
"800 BLOCK OF  10TH STREET NE WASHINGTON, DC 20002 UNITED STATES","Match","Non_Exact","11001011001"
"5200 BLOCK OF  F STREET SE WASHINGTON, DC 20019 UNITED STATES","Match","Non_Exact","11001005802"
"3100 BLOCK OF  14TH ST NW WASHINGTON, DC 20011 UNITED STATES","Match","Non_Exact","11001008802"
"800 BLOCK OF  17TH STREET NW WASHINGTON, DC 20006 UNITED STATES","Match","Non_Exact","11001007804"
"14TH STREET NW & PERRY PLACE NW WASHINGTON, DC 20010 UNITED STATES","Match","Non_Exact","11001006700"
"6000 BLOCK OF  GEORGIA AVENUE NW WASHINGTON, DC 20011 UNITED STATES","No_Match","",NA
"1200 BLOCK OF  VAN STREET SE WASHINGTON, DC 20003 UNITED STATES","Match","Non_Exact","11001007304"
"800 BLOCK OF  RITTENHOUSE STREET NW WASHINGTON, DC 20011 UNITED STATES","Match","Non_Exact","11001004702"
"1500 BLOCK OF  FORT DAVIS STREET SE WASHINGTON, DC 20020 UNITED STATES","Match","Non_Exact","11001007703"
"3500 BLOCK OF  A STREET SE WASHINGTON, DC 20019 UNITED STATES","Match","Non_Exact","11001007903"
"1700 BLOCK OF  BAY STREET SE WASHINGTON, DC 20003 UNITED STATES","Match","Non_Exact","11001007808"
"23RD STREET NW & CONSTITUTION AVENUE NW WASHINGTON, DC 20037 UNITED STATES","Match","Non_Exact","11001010202"
"900 BLOCK OF  NEW HAMPSHIRE AVENUE NW WASHINGTON, DC 20037 UNITED STATES","Match","Non_Exact","11001009601"
"1100 BLOCK OF  8TH STREET SE WASHINGTON, DC 20003 UNITED STATES","Match","Non_Exact","11001008410"
"UNIT BLOCK OF  BARNEY CIRCLE SE WASHINGTON, DC 20003 UNITED STATES","Match","Non_Exact","11001009905"
"800 BLOCK OF  NORTH CAPITOL STREET NE WASHINGTON, DC 20002 UNITED STATES","Match","Non_Exact","11001002802"
"1200 BLOCK OF  VERMONT AVENUE NW WASHINGTON, DC 20005 UNITED STATES","Match","Non_Exact","11001011100"
"200 BLOCK OF  62ND STREET NE WASHINGTON, DC 20019 UNITED STATES","Match","Non_Exact","11001007707"
"3200 BLOCK OF  14TH STREET NW WASHINGTON, DC 20010 UNITED STATES","Match","Non_Exact","11001007709"
"3600 BLOCK OF  AMES ST NE WASHINGTON, DISTRICT OF COLUMBIA 20019 UNITED STATES","Match","Non_Exact","11001007504"
"800 BLOCK OF  21ST STREET NE WASHINGTON, DC 20002 UNITED STATES","No_Match","",NA
"3900 BLOCK OF  FULTON STREET NW WASHINGTON, DC 20007 UNITED STATES","Match","Exact","11001009811"
"1100 BLOCK OF  QUEEN STREET NE WASHINGTON, DC 20002 UNITED STATES","Match","Non_Exact","11001007808"
"EUCLID STREET NW & 11TH STREET NW WASHINGTON, DC 20001 UNITED STATES","Match","Non_Exact","11001007808"
"100 BLOCK OF  BATES STREET NW WASHINGTON, DC 20001 UNITED STATES","Match","Non_Exact","11001007407"
"600 BLOCK OF  IRVING STREET NW WASHINGTON, DC 20010 UNITED STATES","Match","Non_Exact","11001007401"
"400 BLOCK OF  14TH STREET SE WASHINGTON, DC 20003 UNITED STATES","Match","Non_Exact","11001003200"
"1600 BLOCK OF  P STREET NW WASHINGTON, DC 20036 UNITED STATES","Match","Non_Exact","11001007409"
"2600 BLOCK OF  GEORGIA AVENUE NW WASHINGTON, DC 20001 UNITED STATES","Match","Non_Exact","11001006900"
"2900 BLOCK OF  SOUTHERN AVENUE SE WASHINGTON, DC 20020 UNITED STATES","Match","Non_Exact","11001004002"
"2000 BLOCK OF  12TH STREET NW WASHINGTON, DC 20009 UNITED STATES","Match","Non_Exact","11001005303"
"U STREET NW & 12TH STREET NW WASHINGTON, DC 20009 UNITED STATES","Match","Non_Exact","11001003500"
"1200 BLOCK OF  DELAWARE AVENUE SW WASHINGTON, DC 20024 UNITED STATES","Match","Non_Exact","11001007408"
"ATLANTIC STREET SE & 4TH STREET SE WASHINGTON, DC 20032 UNITED STATES","Match","Non_Exact","11001004401"
"1500 BLOCK OF  H STREET NW WASHINGTON, DC 20005 UNITED STATES","Match","Exact","11001004401"
"100 BLOCK OF  49TH STREET NE WASHINGTON, DC 20019 UNITED STATES","Match","Non_Exact","11001006400"
"CHILLUM PLACE NE & 1ST PLACE NE WASHINGTON, DC 20011 UNITED STATES","Match","Exact","11001009801"
"2300 BLOCK OF  G STREET NW WASHINGTON, DC 20052 UNITED STATES","Match","Non_Exact","11001010100"
"UNIT BLOCK OF 3RD STREET NW WASHINGTON, DC 20004 UNITED STATES","Match","Non_Exact","11001005003"
"21ST STREET NE & E STREET NE WASHINGTON, DC 20002 UNITED STATES","Match","Non_Exact","11001007808"
"600-749 BLOCK NEW HAMPSHIRE AVENUE NW WASHINGTON, DC 20037 UNITED STATES","Match","Non_Exact","11001002802"
"4600 BLOCK OF  EASY PLACE SE WASHINGTON, DC 20019 UNITED STATES","Match","Non_Exact","11001009603"
"1200 BLOCK OF  NEW JERSEY AVENUE NW WASHINGTON, DC 20001 UNITED STATES","Match","Non_Exact","11001008904"
"200 BLOCK OF  N STREET NW WASHINGTON, DC 20001 UNITED STATES","Match","Non_Exact","11001000702"
"1300 BLOCK OF  NORTH CAPITOL STREET NW WASHINGTON, DC 20002 UNITED STATES","Match","Non_Exact","11001008804"
"1700 BLOCK OF  5TH STREET NW WASHINGTON, DC 20001 UNITED STATES","Match","Exact","11001003500"
"800 BLOCK OF  RANDOLPH STREET NW WASHINGTON, DC 20011 UNITED STATES","Match","Non_Exact","11001004600"
"600 BLOCK OF  VALLEY AVE SE DC, DC 22032 UNITED STATES","Match","Non_Exact","11001007804"
"3400 BLOCK OF  12TH STREET SE WASHINGTON, DC 20032 UNITED STATES","Match","Exact","11001009505"
"500 BLOCK OF  H STREET NE WASHINGTON, DC 20002 UNITED STATES","Match","Non_Exact","11001005602"
"4800 BLOCK OF  F STREET SE WASHINGTON, DC 20019 UNITED STATES","No_Match","",NA
"1100 BLOCK OF  VERMONT AVE NW WASH, DC 20005 UNITED STATES","Match","Exact","11001007903"
"3100 BLOCK OF  NAYLOR ROAD SE WASHINGTON, DC 20020 UNITED STATES","No_Match","",NA
"1000 BLOCK OF  45TH STREET NE WASHINGTON, DC 20019 UNITED STATES","Match","Non_Exact","11001007707"
"2400 BLOCK OF  PENNSYLVANIA AVENUE NW WASHINGTON, DC 20037 UNITED STATES","Match","Non_Exact","11001004802"
"UNIT BLOCK OF  NEW YORK AVENUE NW WASHINGTON, DC 20001 UNITED STATES","Match","Non_Exact","11001004600"
"8TH STREET NW & S STREET NW WASHINGTON, DC 20001 UNITED STATES","Match","Non_Exact","11001004600"
"1200 BLOCK OF  LONGFELLOW STREET NW WASHINGTON, DC 20011 UNITED STATES","Match","Non_Exact","11001004801"
"600 BLOCK OF  21ST STREET NE WASHINGTON, DC 20002 UNITED STATES","Match","Non_Exact","11001002400"
"2000 BLOCK OF  7TH STREET NE WASHINGTON, DC 20009 UNITED STATES","No_Match","",NA
"4100 BLOCK OF  MINNESOTA AVENUE NE WASHINGTON, DC 20019 UNITED STATES","Match","Non_Exact","11001007304"
"3800 BLOCK OF  PENNSYLVANIA AVENUE SE WASHINGTON, DC 20020 UNITED STATES","Match","Non_Exact","11001010602"
"600 BLOCK OF  MASSACHUSETTS AVENUE NW WASHINGTON, DC 20001 UNITED STATES","No_Match","",NA
"500 BLOCK OF  HOBART PLACE NW WASHINGTON, DC 20001 UNITED STATES","Match","Non_Exact","11001010100"
"2900 BLOCK OF  30TH STREET SE WASHINGTON, DC 20020 UNITED STATES","Match","Non_Exact","11001007603"
"600 BLOCK OF  O ST SW WASHINGTON, DC 20001 UNITED STATES","Match","Non_Exact","11001007806"
"1000 BLOCK OF  U STREET NW WASHINGTON, DC 20009 UNITED STATES","Match","Non_Exact","11001005601"
"900 BLOCK OF  SYCAMORE DRIVE SE WASHINGTON, DC 20032 UNITED STATES","No_Match","",NA
"1200 BLOCK OF  F STREET NE WASHINGTON, DC 20002 UNITED STATES","Match","Exact","11001004402"
"2500 BLOCK OF  28TH STREET NE WASHINGTON, DC 20018 UNITED STATES","Match","Non_Exact","11001002002"
"1500 BLOCK OF  27TH STREET SE WASHINGTON, DC 20020 UNITED STATES","Match","Non_Exact","11001007903"
"3700 BLOCK OF  4TH STREET SE WASHINGTON, DC 20032 UNITED STATES","No_Match","",NA
"3500 BLOCK OF  6TH ST SE WASHINGTON, DC 20032 UNITED STATES","Match","Non_Exact","11001007803"
"3500 BLOCK OF  HAYES ST NE DC, DC 20019 UNITED STATES","Match","Non_Exact","11001009901"
"400 BLOCK OF  51ST STREET SE WASHINGTON, DC 20019 UNITED STATES","Match","Non_Exact","11001005801"
"UNIT BLOCK OF  55TH ST SE DC, WASHINGTON, DC 20019 UNITED STATES","Match","Non_Exact","11001003200"
"1600 BLOCK OF  GALES STREET NE WASHINGTON, DC 20002 UNITED STATES","Match","Non_Exact","11001007603"
"5000 BLOCK OF  BENNING RD SE DC, DC 20019 UNITED STATES","No_Match","",NA
"2700 BLOCK OF  R ST SE DC, DC 20020 UNITED STATES","Match","Non_Exact","11001004402"
"200 BLOCK OF  36TH ST NE DC, WASHINGTON 20019 UNITED STATES","No_Match","",NA
"3500 BLOCK OF  22ND ST SE DC, WASHINGTON 20020 UNITED STATES","Match","Non_Exact","11001008402"
"700 BLOCK OF  HARVARD ST NW DC, WASHINGTON 20009 UNITED STATES","Match","Non_Exact","11001011100"
"1100 BLOCK OF  21ST ST NE WASHINGTON, DC 20002 UNITED STATES","Match","Non_Exact","11001007604"
"2200 BLOCK OF  MARTIN LUTHER KING JR AVE SE DC, WASHINGTON 20020 UNITED STATES","Match","Non_Exact","11001009804"
"400 BLOCK OF  LEBAUM ST SE DC, WASHINGTON DC 20032 UNITED STATES","Match","Non_Exact","11001009804"
"1600 BLOCK OF  L ST NE WASHINGTON, DC 20002 UNITED STATES","Match","Non_Exact","11001009602"
"4000 BLOCK OF  SOUTH CAPITOL ST SW DC, DC 20032 UNITED STATES","Match","Non_Exact","11001009905"
"6200 BLOCK OF  BANKS PL NE DC, DC 20019 UNITED STATES","No_Match","",NA
"700 BLOCK OF  18TH ST NE WASHINGTON, DC 20002 UNITED STATES","Match","Non_Exact","11001007901"
"1100 BLOCK OF  50TH PLACE NE WASHINGTON, DC 20019 UNITED STATES","Match","Non_Exact","11001007707"
"500 BLOCK OF  C STREET NW WASHINGTON, DC 20001 UNITED STATES","Match","Non_Exact","11001007604"
"1400 BLOCK OF  SARATOGA AVE NE WASHINGTON, DC 20002 UNITED STATES","Match","Non_Exact","11001009603"
"1000 BLOCK OF  U ST NW DC, WASHINGTON 20001 UNITED STATES","Match","Non_Exact","11001007409"
"300 BLOCK OF  ANACOSTIA RD SE DC, DC 20019 UNITED STATES","Match","Non_Exact","11001003500"
"6400 BLOCK OF  EASTERN AVE NE DC, WASHINGTON 20012 UNITED STATES","Match","Non_Exact","11001008903"
"3400 BLOCK OF  WISCONSIN AVE NW WASHINGTON, DC 20016 UNITED STATES","Match","Non_Exact","11001007503"
"1800 BLOCK OF  I STREET NE WASHINGTON, DC 20002 UNITED STATES","Match","Non_Exact","11001010400"
"1500 BLOCK OF  ALABAMA AVE SE WASHINGTON, DC 20020 UNITED STATES","Match","Non_Exact","11001008903"
"1000 BLOCK OF  23RD ST NW WASHINGTON, DC 20037 UNITED STATES","Match","Non_Exact","11001009810"
"800 BLOCK OF  L ST NE DC, WASHINGTON 20002 UNITED STATES","Match","Non_Exact","11001007808"
"700 BLOCK OF  H ST NE DC, WASHINGTON 20002 UNITED STATES","Match","Non_Exact","11001007901"
"2500 BLOCK OF  14TH ST NE DC, WASHINGTON 20018 UNITED STATES","Match","Non_Exact","11001007806"
"5400 BLOCK OF  D ST SE DC, WASHINGTON DC 20019 UNITED STATES","Match","Non_Exact","11001005900"
"1800 BLOCK OF  BLADENSBURG RD NE DC, DC 20002 UNITED STATES","Match","Non_Exact","11001009102"
"5000 BLOCK OF  BENNING RD SE WASHINGTON DC, DC 20019 UNITED STATES","Match","Non_Exact","11001004402"
"2900 BLOCK OF  NELSON PL SE DC, DC 20019 UNITED STATES","Match","Non_Exact","11001007703"
"1600 BLOCK OF  W ST SE WASHINGTON DC, DC 20020 UNITED STATES","Match","Non_Exact","11001009505"
"2700 BLOCK OF  HARTFORD ST SE DC, WASHINGTON 20020 UNITED STATES","Match","Non_Exact","11001009904"
"GALVESTON PLACE SE & BARNABY ROAD SE WASHINGTON, DC 20032 UNITED STATES","Match","Non_Exact","11001001002"
"300 BLOCK OF  53RD ST NE DC, DC 20019 UNITED STATES","Match","Non_Exact","11001008904"
"6200 BLOCK OF  DIX ST NE WASHINGTON, DC 20019 UNITED STATES","Match","Non_Exact","11001007404"
"2400 BLOCK OF  MARTIN LUTHER KING JR AVE SE WASHINGTON, DC 20019 UNITED STATES","Match","Non_Exact","11001005501"
"2900 BLOCK OF  POMEROY RD SE WASHINGTON, DC 20019 UNITED STATES","Match","Non_Exact","11001010602"
"3500 BLOCK OF  STANTON RD SE DC, WASHINGTON 20020 UNITED STATES","Match","Non_Exact","11001010602"
"2400 BLOCK OF  18TH ST NW DC, WASHINGON 20009 UNITED STATES","Match","Non_Exact","11001009102"
"5000 BLOCK OF  KIMI GREY COURT SE WASHINGTON, DC 20019 UNITED STATES","Match","Non_Exact","11001009905"
"1600 BLOCK OF  W ST SE WASHINGTON, DC 20019 UNITED STATES","Match","Non_Exact","11001009505"
"5500 BLOCK OF  NANNIE HELEN BURROUGHS AVE NE DC, WASHINGTON DC 20019 UNITED STATES","Match","Non_Exact","11001008802"
"3500 BLOCK OF  EAST CAPITOL ST NE DC, WASHINGTON D.C. 20019 UNITED STATES","Tie","",NA
"5300 BLOCK OF  COLORADO AVENUE NW WASHINGTON, DC 20011 UNITED STATES","Match","Non_Exact","11001003200"
"2400 BLOCK OF  18TH ST NW DC, WASHIGNTON DC UNITED STATES","No_Match","",NA
"4000 BLOCK OF  SOUTH CAPITOL ST SW WASHINGTON, DC 20032 UNITED STATES","Match","Non_Exact","11001007901"
"2200 BLOCK OF  SAVANNAH TER SE DC, WASHINGTON 20020 UNITED STATES","Match","Non_Exact","11001007202"
"2300 BLOCK OF  15TH ST NE DC, WASHINGTON 20018 UNITED STATES","Match","Non_Exact","11001009000"
"4700 BLOCK OF  SOUTH CAPITOL ST DC, WASHINGTON 20032 UNITED STATES","Match","Non_Exact","11001009801"
"900 BLOCK OF  BELLEVUE ST SE DC, WASHINGTON 20020 UNITED STATES","Match","Non_Exact","11001007502"
"3900 BLOCK OF  SOUTH CAPITOL ST SE DC, WASHINGTON 20032 UNITED STATES","Match","Non_Exact","11001009700"
"700 BLOCK OF  BARRY PL NW WASHINGTON, DC 20001 UNITED STATES","Match","Non_Exact","11001002102"
"1300 BLOCK OF  V ST NW DC, DC 20009 UNITED STATES","Match","Non_Exact","11001009803"
"700 BLOCK OF  YUMA STREET WASHINGTON, DC 20032 UNITED STATES","No_Match","",NA
"700 BLOCK OF  8TH ST NW WASHINGTON, DC 20001 UNITED STATES","Match","Non_Exact","11001003500"
"1200 BLOCK OF  MOUNT OLIVET RD NE DC, WASHINGTON DC 20002 UNITED STATES","Match","Non_Exact","11001004401"
"700 BLOCK OF  18TH ST NE DC, WASHINGTON 20002 UNITED STATES","No_Match","",NA
"300 BLOCK OF  63RD ST NE DC, WASHINGTON DC 20019 UNITED STATES","Match","Non_Exact","11001005802"
"3800 BLOCK OF  MINNESOTA AVE NE DC, WASHINGTON DC 20019 UNITED STATES","Match","Non_Exact","11001008804"
"1ST STREET NW & L STREET NW WASHINGTON, DC 20001 UNITED STATES","Match","Non_Exact","11001007901"
"2700 BLOCK OF  GEORGIA AVE NW DC, DC 20001 UNITED STATES","Match","Non_Exact","11001007808"
"3000 BLOCK OF  GEORGIA AVE NW DC, WASHINGTON 20010 UNITED STATES","Match","Non_Exact","11001009603"
"2400 BLOCK OF  18TH ST NW DC, WASHINGTON 20009 UNITED STATES","Match","Non_Exact","11001007504"
"1600 BLOCK OF  SAVANNAH ST SE WASHINGTON, DC 20020 UNITED STATES","Match","Non_Exact","11001007807"
"400 BLOCK OF  MELLON ST SE WASHINGTON, DC 20032 UNITED STATES","Match","Non_Exact","11001009603"
"1100 BLOCK OF  16TH STREET NW WASHINGTON, DC 20036 UNITED STATES","Match","Non_Exact","11001002001"
"2000 BLOCK OF  19TH PL SE DC, WASHINGTON DC 20020 UNITED STATES","Match","Non_Exact","11001004002"
"2200 BLOCK OF  SAVANNAH TER SE WASHINGTON, DC 20020 UNITED STATES","Match","Non_Exact","11001009810"
"1100 BLOCK OF  1ST PL NW WASHINGTON, DC 20001 UNITED STATES","Match","Non_Exact","11001007403"
"1100 BLOCK OF  14TH ST NW DC, WASHINGTON 20005 UNITED STATES","Match","Non_Exact","11001009102"
"4200 BLOCK OF  4TH ST SE DC, WASHINGTON DC 20032 UNITED STATES","Tie","",NA
"1100 BLOCK OF  2ND ST SE DC, DC 20003 UNITED STATES","Match","Exact","11001004704"
"900 BLOCK OF  O STREET NW WASHINGTON, DC 20001 UNITED STATES","Match","Non_Exact","11001003500"
"14TH STREET NE & H STREET NE WASHINGTON, DC 20002 UNITED STATES","Match","Non_Exact","11001003100"
"1600 BLOCK OF  SOUTH CAPITAL ST SW WASHINGTON, DC 20020 UNITED STATES","Match","Non_Exact","11001004002"
"2800 BLOCK OF  11TH ST NW DC, WASINGTON 20011 UNITED STATES","Match","Non_Exact","11001007403"
"1900 BLOCK OF  BLADENSBURG ROAD NE WASHINGTON, DC 20002 UNITED STATES","Match","Non_Exact","11001010400"
"H STREET NE & 8TH STREET NE WASHINGTON, DC 20002 UNITED STATES","Match","Non_Exact","11001010700"
"800 BLOCK OF  KENILWORTH TERRACE NE WASHINGTON, DC 20019 UNITED STATES","Match","Non_Exact","11001007504"
"UNIT BLOCK OF  M STREET SE WASHINGTON, DC 20003 UNITED STATES","Match","Non_Exact","11001007403"
"1000BLK U ST NW WASHINGTON, DC 20001 UNITED STATES","Match","Non_Exact","11001004704"
"100 BLOCK OF  FRANKLIN ST NE DC, DC 20002 UNITED STATES","Match","Non_Exact","11001010100"
"2700 BLOCK OF  MARTIN LUTHER KING JR AVE SE DC, WASHINGTON 20020 UNITED STATES","No_Match","",NA
"2300 BLOCK OF  PENNSYLVANIA AVE SE DC, DC 20020 UNITED STATES","No_Match","",NA
"3800 BLOCK OF  MINNESOTA AVE NE WASHINGTON D.C., DC 20019 UNITED STATES","Match","Non_Exact","11001004902"
"4500 BLOCK OF  BENNING RD SE DC, DC 20019 UNITED STATES","Match","Exact","11001008410"
"4500 BLOCK OF  AMIN MUSLIM ST NE WASHINGTON, DC 20019 UNITED STATES","No_Match","",NA
"4400 BLOCK OF  QUARLES STREET NE WASHINGTON, DC 20019 UNITED STATES","No_Match","",NA
"2ND STREET NW & MISSOURI AVENUE NW WASHINGTON, DC 20011 UNITED STATES","Match","Non_Exact","11001011100"
"200 BLOCK OF  37TH PL SE DC, DC 20020 UNITED STATES","Match","Exact","11001010602"
"1300 BLOCK OF  NEW YORK AVE NE WASHINGTON, DC 20002 UNITED STATES","Match","Non_Exact","11001009602"
"3700 BLOCK OF  MINNESOTA AVE NE WDC, DC 20018 UNITED STATES","No_Match","",NA
"1800 BLOCK OF  Q ST SE DC, DC 20020 UNITED STATES","Match","Non_Exact","11001004402"
"5000 BLOCK OF  H ST SE DC, DC 20020 UNITED STATES","No_Match","",NA
"1100 BLOCK OF  VERMONT AVENUE NW WASHINGTON, DC 20005 UNITED STATES","Match","Non_Exact","11001010400"
"5000 BLOCK OF  H ST SE DC, DC 20019 UNITED STATES","No_Match","",NA
"4600 BLOCK OF  GRANT STREET NE WASHINGTON, DC 20019 UNITED STATES","Match","Non_Exact","11001009603"
"6200 BLOCK OF  DIX ST NE DC, DC 20019 UNITED STATES","Match","Non_Exact","11001009906"
"4TH STREET SOUTHEAST & MARTIN LUTHER KING JR AVENUE SE WASHINGTON, DC 20032 UNITED STATES","No_Match","",NA
"NEW YORK AVENUE NE & FAIRVIEW AVENUE NE WASHINGTON, DC 20002 UNITED STATES","Match","Non_Exact","11001009601"
"1700BLK CORCORAN ST NE WASHINGTON, DC 20002 UNITED STATES","Match","Exact","11001002102"
"600BLK 9TH ST NW DC, DC 20004 UNITED STATES","No_Match","",NA
"UNIT BLOCK OF  M ST SW DC, WASHINGTON 20020 UNITED STATES","No_Match","",NA
"1600 BLOCK OF  BENNING RD NE DC, WASHINGTON 20002 UNITED STATES","No_Match","",NA
"400 BLOCK OF  14TH STREET NE WASHINGTON, DC 20002 UNITED STATES","Match","Non_Exact","11001007601"
"4000 BLOCK OF  MINNESOTA AVE NE DC, WASHINGTON D.C. 20019 UNITED STATES","No_Match","",NA
"2500 BLOCK OF  16TH STREET SE WASHINGTON, DC 20020 UNITED STATES","Match","Non_Exact","11001010100"
"500 BLOCK OF  60TH ST NE WASINGTON, DC 20019 UNITED STATES","Match","Non_Exact","11001007707"
"1800 BLOCK OF  BENNING RD NE DC, WASHINGTON 20002 UNITED STATES","Match","Non_Exact","11001007804"
"3100 BLOCK OF  MT PLEASANT ST NW WASHINGTON, DC 20010 UNITED STATES","Match","Non_Exact","11001007808"
"6900 BLOCK OF  MAPLE ST NW WASHINGTON, DC 20012 UNITED STATES","Match","Exact","11001009804"
"200 BLOCK OF  CARROLL STREET NW WASHINGTON, DC 20012 UNITED STATES","Match","Exact","11001008803"
"5000 BLOCK OF  D ST SE DC, DC 20019 UNITED STATES","Match","Non_Exact","11001008803"
"1300 BLOCK OF  NEAL ST NE DC, DC 20002 UNITED STATES","No_Match","",NA
"1100 BLOCK OF  FLORIDA AVENUE NE WASHINGTON, DC 20002 UNITED STATES","No_Match","",NA
"1500 BLOCK OF  NORTH CAPITOL ST NW WASHINGTON, DC 20002 UNITED STATES","Match","Non_Exact","11001008904"
"OAK DRIVE SE & SYCAMORE DRIVE SE WASHINGTON, DC 20032 UNITED STATES","Match","Non_Exact","11001008001"
"800 BLOCK OF  BLADENSBURG RD NE DC, WASHINGTON 20002 UNITED STATES","Match","Non_Exact","11001007803"
"5400 BLOCK OF  5TH ST NW WASHINGTON, DC 20011 UNITED STATES","Match","Non_Exact","11001007407"
"4300 BLOCK OF  E ST SE DC, DC 20019 UNITED STATES","Match","Non_Exact","11001007807"
"2600 BLOCK OF  BOWEN RD SE WASHINGTON, DC 20020 UNITED STATES","Match","Non_Exact","11001008904"
"1200 BLOCK OF  SHEPHERD ST NW DC, WASHINGTON 20011 UNITED STATES","Match","Non_Exact","11001002702"
"1200 BLOCK OF  MOUNT OLIVET RD NE DC, WASHINGTON 20002 UNITED STATES","Match","Non_Exact","11001001702"
"400 BLOCK OF  KENNEDY ST NW WASHINGTON, DC 20011 UNITED STATES","Match","Non_Exact","11001001702"
"3700 BLOCK OF  GEORGIA AVE NW WASHINGTON, DC 20010 UNITED STATES","Match","Non_Exact","11001009904"
"1500 BLOCK OF  NEW YORK AVE NE WASHINGTON, DC 20002 UNITED STATES","Match","Non_Exact","11001008802"
"400 BLOCK OF  8TH STREET SE WASHINGTON, DC 20003 UNITED STATES","Match","Non_Exact","11001008802"
"6200 BLOCK OF  EASTERN AVE NE WASHINGTON, DC 20011 UNITED STATES","Match","Non_Exact","11001004600"
"1200 BLOCK OF  NEAL ST NE DC, DC 20002 UNITED STATES","No_Match","",NA
"GEORGIA AVENUE NW & MISSOURI AVENUE NW WASHINGTON, DC 20011 UNITED STATES","Match","Non_Exact","11001008802"
"700 BLOCK OF  QUEBEC PL NW DC, WASHINGTON 20010 UNITED STATES","Match","Non_Exact","11001002101"
"1100 BLOCK OF  MONTELLO AVE NE DC, DC 20000 UNITED STATES","Match","Non_Exact","11001980000"
"1600 BLOCK OF  ROSEDALE ST NE WASHINGTON, DC 20002 UNITED STATES","Match","Non_Exact","11001009907"
"100 BLOCK OF  K ST SE WASHINGTON, DC 20003 UNITED STATES","Match","Non_Exact","11001007407"
"2400 BLOCK OF  MARKET ST NE DC, WASHINGTON 20018 UNITED STATES","Match","Non_Exact","11001002503"
"900 BLOCK OF  WAHLER PL SE DC, WASHINGTON DC 20032 UNITED STATES","Match","Non_Exact","11001008804"
"2300 BLOCK OF  AINGER PL SE DC, DC 20020 UNITED STATES","Match","Non_Exact","11001002102"
"100 BLOCK OF  KENNEDY ST NW WASHINGTON, DC 20011 UNITED STATES","Match","Non_Exact","11001002503"
"1800 BLOCK OF  7TH ST NW WASHINGTON, DC 2000` UNITED STATES","No_Match","",NA
"1600 BLOCK OF  PENNSYLVANIA AVE NW WASHINGTON, DISTRICT OF COLUMBIA 20500 UNITED STATES","Match","Non_Exact","11001007000"
"3900 BLOCK OF  SOUTH CAPITOL ST SE WASHINGTON, DC 20032 UNITED STATES","Match","Non_Exact","11001001804"
"1200 BLOCK OF  SUMNER RD SE DC, WASHINGTON 20020 UNITED STATES","Match","Non_Exact","11001007201"
"2000 BLOCK OF  RIDGECREST CT SE WASHINGTON, DC 20032 UNITED STATES","Match","Non_Exact","11001003500"
"500 BLOCK OF  PARKLAND PL SE WASHINGTON, DC 20032 UNITED STATES","Match","Non_Exact","11001002702"
"FLORIDA AVENUE NE & MONTELLO AVENUE NE WASHINGTON, DC 20002 UNITED STATES","Match","Non_Exact","11001004801"
"7000 BLOCK OF  9TH STREET NW WASHINGTON, DC 20012 UNITED STATES","Match","Non_Exact","11001009810"
"7100 BLOCK OF  GEORGIA AVE NW WASHINGTON, DC 20011 UNITED STATES","Match","Non_Exact","11001007401"
"ALABAMA AVENUE SE & 6TH STREET SE WASHINGTON, DC 20032 UNITED STATES","Match","Exact","11001007201"
"GEORGIA AVENUE NW & IRVING STREET NW WASHINGTON, DC 20010 UNITED STATES","Match","Exact","11001002802"
"5900 BLOCK OF  GEORGIA AVE NW DC, WASHINGTON 20011 UNITED STATES","Match","Non_Exact","11001001804"
"2300 BLOCK OF  15TH ST NE WASHINGTON, DC 20002 UNITED STATES","Match","Non_Exact","11001001804"
"2300 BLOCK OF  15TH ST NE DC, DC 20018 UNITED STATES","No_Match","",NA
"600 BLOCK OF  ATLANTIC STREET SE WASHINGTON, DC 20032 UNITED STATES","Match","Non_Exact","11001009102"
"600 BLOCK OF  YUMA STREET SE WASHINGTON, DC 20032 UNITED STATES","Match","Non_Exact","11001007503"
"UNIT BLOCK OF  CHANNING STREET NE WASHINGTON, DC 20002 UNITED STATES","Match","Non_Exact","11001009102"
"3600 BLOCK OF  WARDER STREET NW WASHINGTON, DC 20010 UNITED STATES","Match","Non_Exact","11001009802"
"1200 BLOCK OF  T STREET NW WASHINGTON, DC 20009 UNITED STATES","Match","Non_Exact","11001009801"
"2700 BLOCK OF  MARTIN LUTHER KING JR AVE SE WASHINGTON, DC 20032 UNITED STATES","No_Match","",NA
"2600 BLOCK OF  STANTON RD SE DC, WASHINGON 20020 UNITED STATES","Match","Non_Exact","11001003200"
"UNIT BLOCK OF  U STREET NW WASHINGTON, DC 20001 UNITED STATES","Match","Non_Exact","11001004402"
"UNIT BLOCK OF  RHODE ISLAND AVE NE WASHINGTON, DC 20002 UNITED STATES","Match","Non_Exact","11001010400"
"1800 BLOCK OF  7TH ST NW WASHINGTON, DC 20009 UNITED STATES","Match","Non_Exact","11001007407"
"2900 BLOCK OF  KNOX PL SE DC, DC 20020 UNITED STATES","Match","Non_Exact","11001009803"
"2400 BLOCK OF  MARTIN LUTHER KING JR AVE SE DC, DC 20020 UNITED STATES","Match","Non_Exact","11001007401"
"UNIT BLOCK OF  FORRESTER ST SW DC, WASHINGTON 20032 UNITED STATES","Match","Non_Exact","11001007403"
"5300 BLOCK OF  DIX ST NE DC, DC 20020 UNITED STATES","Match","Non_Exact","11001010400"
"500 BLOCK OF  FLORIDA AVE NW DC, WASHINGTON 20001 UNITED STATES","Match","Exact","11001008410"
"P STREET NW & MARION STREET NW WASHINGTON, DC 20001 UNITED STATES","Match","Non_Exact","11001010300"
"3300 BLOCK OF  IDAHO AVE NW WASHINGTON, DC 20016 UNITED STATES","Match","Non_Exact","11001010300"
"5500 BLOCK OF  GEORGIA AVENUE NW WASHINGTON, DC 20011 UNITED STATES","Match","Exact","11001010400"
"400 BLOCK OF  KENNEDY STREET NW WASHINGTON, DC 20011 UNITED STATES","Match","Exact","11001003100"
"4200 BLOCK OF  7TH ST SE WASHINGTON, DC 20032 UNITED STATES","No_Match","",NA
"1200 BLOCK OF  4TH ST SE DC, DC 20003 UNITED STATES","No_Match","",NA
"5400 BLOCK OF  GEORGIA AVE NW DC, DISTRICT OF COLUMBIA 20011 UNITED STATES","No_Match","",NA
"4000 BLOCK OF  4TH ST SE WASHINGTON, DC 20032 UNITED STATES","Match","Non_Exact","11001007502"
"900 BLOCK OF  KENNEDY STREET NW WASHINGTON, DC 20011 UNITED STATES","Match","Non_Exact","11001007407"
"1500 BLOCK OF  PARK ROAD NW WASHINGTON, DC 20010 UNITED STATES","No_Match","",NA
"1100 BLOCK OF  46TH PLACE SE WASHINGTON, DC 20019 UNITED STATES","No_Match","",NA
"1100 BLOCK OF  46TH PL SE WASHINGTON, DC 20019 UNITED STATES","Match","Non_Exact","11001004801"
"700 BLOCK OF  NEWTON PL NW WASHINGTON, DC 20001 UNITED STATES","Match","Exact","11001004801"
"4000 BLOCK OF  SOUTH CAPITOL ST SW DC, WASHINGTON DC 20032 UNITED STATES","Match","Non_Exact","11001001002"
"1400 BLOCK OF  HARVARD STREET NW WASHINGTON, DC 20009 UNITED STATES","Match","Non_Exact","11001002002"
"3500 BLOCK OF  14TH STREET NW WASHINGTON, DC 20010 UNITED STATES","Match","Non_Exact","11001002102"
"1000 BLOCK OF  16TH STREET NE WASHINGTON, DC 20002 UNITED STATES","Match","Non_Exact","11001009811"
"1700 BLOCK OF  14TH STREET NW WASHINGTON, DC 20009 UNITED STATES","No_Match","",NA
"1000 BLOCK OF  MOUNT OLIVET RD NE WASHINGTON, DC 20002 UNITED STATES","Match","Non_Exact","11001002002"
"5300 BLOCK OF  CLAY TER NE DC, DC 20019 UNITED STATES","Match","Non_Exact","11001009802"
"6200 BLOCK OF  EASTERN AVENUE NE WASHINGTON, DC 20011 UNITED STATES","Match","Non_Exact","11001002101"
"2500 BLOCK OF  GEORGIA AVENUE NW WASHINGTON, DC 20001 UNITED STATES","Match","Non_Exact","11001002802"
"3000 BLOCK OF  MOUNT PLEASANT ST NW WASHINGTON, DC 20009 UNITED STATES","Match","Non_Exact","11001007707"
"4800 BLOCK OF  GEORGIA AVE NW WASHINGTON, DC 20011 UNITED STATES","Match","Non_Exact","11001007707"
"3300 BLOCK OF  6TH ST SE WASHINGTON, DC 20032 UNITED STATES","Match","Non_Exact","11001003100"
"4800 BLOCK OF  GEORGIA AVENUE NW WASHINGTON, DC 20011 UNITED STATES","Match","Non_Exact","11001009810"
"3900 BLOCK OF  PENNSYLVANIA AVENUE SE WASHINGTON, DC 20020 UNITED STATES","Match","Non_Exact","11001003702"
"1300 BLOCK OF  MISSOURI AVE NW WASHIGNTON, DC 20011 UNITED STATES","Match","Non_Exact","11001002801"
"2000 BLOCK OF  16TH ST SE DC, WASHINGTON 20020 UNITED STATES","Match","Non_Exact","11001008802"
"1400 BLOCK OF  MARYLAND AVENUE NE WASHINGTON, DC 20002 UNITED STATES","Match","Non_Exact","11001005202"
"1900 BLOCK OF  CONNECTICUT AVENUE NW WASHINGTON, DC 20009 UNITED STATES","Match","Non_Exact","11001008803"
"1300 BLOCK OF  PERRY PL NW WASHINGTON, DC 20011 UNITED STATES","Match","Non_Exact","11001007808"
"700 BLOCK OF  FAIRMONT ST NW WASHINGTON, DC 20009 UNITED STATES","Match","Non_Exact","11001009505"
"700 BLOCK OF  12TH ST NE WASHINGTON, DC 20002 UNITED STATES","Match","Non_Exact","11001003500"
"3000 BLOCK OF  GEORGIA AVE NW WASHINGTON, DC 20001 UNITED STATES","Match","Non_Exact","11001002702"
"2200 BLOCK OF  32ND STREET SE WASHINGTON, DC 20020 UNITED STATES","Match","Non_Exact","11001002002"
"3500 BLOCK OF  14TH ST NW WASHINGTON, DC 20011 UNITED STATES","Match","Non_Exact","11001009804"
"900 BLOCK OF  H ST NE DC, DC 20002 UNITED STATES","Match","Non_Exact","11001002002"
"900 BLOCK OF  IRVING ST NE DC, DC 20002 UNITED STATES","Match","Non_Exact","11001009902"
"700 BLOCK OF  P ST NW DC, WASHINGTON 20001 UNITED STATES","Match","Non_Exact","11001002001"
"700 BLOCK OF  P ST NW WASHINGTON, DC 20001 UNITED STATES","Match","Non_Exact","11001007504"
"2700 BLOCK OF  HARTFORD ST SE DC, DC 20020 UNITED STATES","Match","Non_Exact","11001008402"
"1700 BLOCK OF  7TH ST NW DC, DC 20001 UNITED STATES","Match","Non_Exact","11001004100"
"600 BLOCK OF  LAMONT STREET NW WASHINGTON, DC 20010 UNITED STATES","Match","Non_Exact","11001002900"
"3200 BLOCK OF  SHERMAN AVENUE NW WASHINGTON, DC 20010 UNITED STATES","Match","Non_Exact","11001003500"
"3300 BLOCK OF  10TH DC, DC 20032 UNITED STATES","Match","Non_Exact","11001008402"
"3300 BLOCK OF  10TH PL SE DC, DC 20020 UNITED STATES","Match","Non_Exact","11001003100"
"800 BLOCK OF  MT VERNON PL NW DC, WASHINGTON 20001 UNITED STATES","Match","Non_Exact","11001007604"
"5400 BLOCK OF  GEORGIA AVE NW DC, WASHINGTON 20011 UNITED STATES","Match","Non_Exact","11001002801"
"1800 BLOCK OF  7TH ST NW DC, WASHINGTON DC UNITED STATES","Match","Non_Exact","11001008410"
"1600 BLOCK OF  M ST NE WASHINGTON, DC 20002 UNITED STATES","No_Match","",NA
"26TH STREET NE & BLADENSBURG ROAD NE WASHINGTON, DC 20018 UNITED STATES","Match","Non_Exact","11001004901"
"3300 BLOCK OF  ELY PL SE DC, WASHINGTON DC 20019 UNITED STATES","Match","Non_Exact","11001004901"
"1700 BLOCK OF  NEW HAMPSHIRE AVE NW DC, WASHINGTON DC 20009 UNITED STATES","No_Match","",NA
"1100 BLOCK OF  ALABAMA AVE SE DC, WASHINGTON 20020 UNITED STATES","No_Match","",NA
"1200 BLOCK OF  U ST NW DC, WASHINGOTN DC 2009 UNITED STATES","Match","Non_Exact","11001003200"
"3511A JAY STREET NE WASHINGTON, DC 20019 UNITED STATES","Match","Non_Exact","11001003100"
"1400 BLOCK OF  MONTANA AVE NE WASHINGTON, DC 20018 UNITED STATES","No_Match","",NA
"1700 BLOCK OF  2ND STREET NE WASHINGTON, DC 20002 UNITED STATES","No_Match","",NA
"1400 BLOCK OF  VAN BUREN STREET NW WASHINGTON, DC 20012 UNITED STATES","Match","Non_Exact","11001005802"
"6600 BLOCK OF  LUZON AVENUE NW WASHINGTON, DC 20012 UNITED STATES","Match","Non_Exact","11001002002"
"1200 BLOCK OF  HALF ST SE WASHINGTON, DC 20003 UNITED STATES","No_Match","",NA
"2800 BLOCK OF  GEORGIA AVE NW DC, WASHINGTON 20002 UNITED STATES","Match","Non_Exact","11001008903"
"3200 BLOCK OF  16TH STREET NW WASHINGTON, DC 20010 UNITED STATES","Match","Exact","11001011100"
"600 BLOCK OF  FLORIDA AVE NW DC, WASHINGTON DC 20009 UNITED STATES","Match","Non_Exact","11001007502"
"4600 BLOCK OF  SOUTH CAPITOL ST SW WASHINGTON DC, DC 20020 UNITED STATES","Match","Non_Exact","11001007708"
"1200 BLOCK OF  SUMNER RD SE DC, WASHINGTON DC 20032 UNITED STATES","Match","Non_Exact","11001004202"
"4TH STREET SE & WATER STREET SE WASHINGTON, DC 20003 UNITED STATES","Match","Non_Exact","11001010400"
"14TH STREET NW & IRVING STREET NW WASHINGTON, DC 20010 UNITED STATES","Match","Non_Exact","11001004402"
"1200 BLOCK OF  ROCK CREEK FORD ROAD NW WASHINGTON, DC 20011 UNITED STATES","Match","Non_Exact","11001009602"
"UNIT BLOCK OF  UNDERWOOD ST NW DC, WASHINGTON DC UNITED STATES","Match","Non_Exact","11001009102"
"1900 BLOCK OF  MARTIN LUTHER KING JR AVE SE DC, DC 20020 UNITED STATES","Match","Non_Exact","11001008701"
"2300-BLK AINGER PL SE DC, WASHINGTON 20020 UNITED STATES","Match","Non_Exact","11001001803"
"3900 BLOCK OF  GEORGIA AVE NW DC, WASHINGTON DC 20010 UNITED STATES","Match","Non_Exact","11001002101"
"4200 BLOCK OF  KANSAS AVENUE NW WASHINGTON, DC 20011 UNITED STATES","Match","Non_Exact","11001007504"
"800 BLOCK OF  9TH ST NE DC, DC 20002 UNITED STATES","Match","Non_Exact","11001003400"
"900-1099 BLOCK PEABODY STREET NW WASHINGTON, DC 20011 UNITED STATES","Match","Non_Exact","11001004201"
"2500 BLOCK OF  ALABAMA AVE SE DC, WASHINGTON 20020 UNITED STATES","Match","Non_Exact","11001007201"
"700 BLOCK OF  I ST SE DC, WASHINGTON 20003 UNITED STATES","Match","Non_Exact","11001003400"
"1700-BLK 6TH ST NW WASHINGTON, DC 20010 UNITED STATES","Match","Non_Exact","11001008903"
"MOUNT PLEASANT STREET NW & KENYON STREET NW WASHINGTON, DC 20010 UNITED STATES","Match","Non_Exact","11001002002"
"1300 BLOCK OF  U ST NW DC, WASHINGTON 20002 UNITED STATES","Match","Non_Exact","11001004402"
"700 BLOCK OF  G ST NW WASHINGTON, DC 20001 UNITED STATES","Match","Non_Exact","11001009905"
"1900 BLOCK OF  MARION BARRY AVE SE DC, WASHINGTON 20020 UNITED STATES","Match","Non_Exact","11001005802"
"1700 BLOCK OF  LINCOLN RD NE WASHINGTON, DC 20002 UNITED STATES","Match","Non_Exact","11001009802"
"1200 BLOCK OF  JACKSON STREET NE WASHINGTON, DC 20017 UNITED STATES","No_Match","",NA
"I395 SB DC, DC 20004 UNITED STATES","Match","Non_Exact","11001007504"
"1600 BLOCK OF  W ST SE DC, WASHINGTON 20020 UNITED STATES","Match","Non_Exact","11001008701"
"4900 BLOCK OF  QUARLES ST NE DC, WASHINGTON D.C. 20019 UNITED STATES","Match","Non_Exact","11001009301"
"4000 BLOCK OF  MINNESOTA AVE NE WASHINGTON, DC 20019 UNITED STATES","No_Match","",NA
"BLADENSBURG ROAD NE & K STREET NE WASHINGTON, DC 20002 UNITED STATES","Match","Non_Exact","11001007504"
"300 BLOCK OF  51ST ST NE DC, DC 20019 UNITED STATES","Match","Non_Exact","11001007806"
"3200 BLOCK OF  BENNING RD NE DC, WASHINGTON 20018 UNITED STATES","Match","Non_Exact","11001007803"
"UNIT BLOCK OF  I ST SE WASHINGTON, DC 20003 UNITED STATES","Match","Exact","11001008903"
"600 BLOCK OF  21ST ST NE DC, WASHINGTON DC 20002 UNITED STATES","Match","Non_Exact","11001007804"
"1600 BLOCK OF  MARYLAND AVE NE DC, WASHINGTON DC 20002 UNITED STATES","Match","Non_Exact","11001002503"
"2700 BLOCK OF  HARTFORD ST SE DC, WASHINGTON DC 20020 UNITED STATES","Match","Non_Exact","11001002501"
"1200 BLOCK OF  MEIGS PL NE DC, WASHINGTON D.C. 20002 UNITED STATES","No_Match","",NA
"ATLANTIC STREET SE & MISSISSIPPI AVENUE SE WASHINGTON, DC 20032 UNITED STATES","Match","Non_Exact","11001001901"
"800 BLOCK OF  BLADENSBURG RD NE DC, WASH DC 20002 UNITED STATES","Match","Non_Exact","11001007502"
"16TH STREET NE & MOUNT OLIVET ROAD NE WASHINGTON, DC 20002 UNITED STATES","Match","Non_Exact","11001007000"
"800 BLOCK OF  BLADENSBURG RD NE DC, WASHINGTON D.C. 20002 UNITED STATES","Match","Non_Exact","11001004801"
"2500 BLOCK OF  14TH ST NE WASHINGTON, DC 20002 UNITED STATES","Match","Exact","11001002702"
"2000 BLOCK OF  MONROE ST NE DC, DC 20002 UNITED STATES","Match","Non_Exact","11001004402"
"6200 BLOCK OF  DIX ST NE DC, WASHINGTON 20019 UNITED STATES","Match","Non_Exact","11001009602"
"5900 BLOCK OF  CLAY STREET NE WASHINGTON, DC 20019 UNITED STATES","No_Match","",NA
"6200 BLOCK OF  CLAY ST NE DC, DC UNITED STATES","Match","Non_Exact","11001007903"
"800 BLOCK OF  BLADENSBURG RD NE DC, DC 20002 UNITED STATES","Match","Non_Exact","11001008903"
"BLADENSBURG ROAD NE & T STREET NE WASHINGTON, DC 20002 UNITED STATES","No_Match","",NA
"1100 BLOCK OF  10TH ST SE WASHINGTON, DC 20003 UNITED STATES","Match","Non_Exact","11001008804"
"3500 BLOCK OF  22ND ST SE WASHINGTON, DC 20020 UNITED STATES","Match","Exact","11001009803"
"2700 BLOCK OF  DOUGLASS PL SE DC, DC 20020 UNITED STATES","Match","Non_Exact","11001008802"
"3700 BLOCK OF  1ST ST SE DC, WASHINGTON 20032 UNITED STATES","Match","Exact","11001008804"
"1600 BLOCK OF  HOLBROOK ST NE DC, DC 20002 UNITED STATES","Match","Non_Exact","11001008802"
"1500 BLOCK OF  BENNING RD NE WASHINGTON, DC 20002 UNITED STATES","Match","Non_Exact","11001009102"
"2700 BLOCK OF  BLADENSBURG RD NE WASHINGTON, DC 20018 UNITED STATES","No_Match","",NA
"400 BLOCK OF  W ST NE WASHINGTON, DC 20002 UNITED STATES","Match","Non_Exact","11001007808"
"1100 BLOCK OF  46TH STREET SE WASHINGTON, DC 20019 UNITED STATES","Match","Non_Exact","11001007808"
"1600 BLOCK OF  Q ST SE DC, DC 20020 UNITED STATES","No_Match","",NA
"300 BLOCK OF  50TH ST NE WASHINGTON, DC 20019 UNITED STATES","Match","Non_Exact","11001008802"
"3200 BLOCK OF  GEORGIA AVE NW DC, WASHINGTON 20010 UNITED STATES","Match","Exact","11001011100"
"200 BLOCK OF  ANACOSTIA RD SE DC, DC 20019 UNITED STATES","Match","Non_Exact","11001007203"
"16TH STREET SE & W STREET SE WASHINGTON, DC 20020 UNITED STATES","Match","Non_Exact","11001007409"
"1300 BLOCK OF  48TH ST NE WASHINGTON, DC 20019 UNITED STATES","Match","Non_Exact","11001007406"
"4600 BLOCK OF  B STREET SE WASHINGTON, DC 20019 UNITED STATES","Match","Non_Exact","11001009803"
"300 BLOCK OF  U STREET NE WASHINGTON, DC 20002 UNITED STATES","Match","Non_Exact","11001008804"
"WISCONSIN AVENUE NW & M STREET NW WASHINGTON, DC 20007 UNITED STATES","Match","Non_Exact","11001008904"
"1900 BLOCK OF  6TH ST NW WASHINGTON, DC 20001 UNITED STATES","Match","Non_Exact","11001011100"
"1800 BLOCK OF  I ST NE DC, WASHINGTON 20002 UNITED STATES","Match","Non_Exact","11001008702"
"200 BLOCK OF  M ST SW WASHINGTON, DC 20002 UNITED STATES","Match","Non_Exact","11001007707"
"2900 BLOCK OF  MARTIN LUTHER KING JR AVE SE WASHINGTON, DC 20032 UNITED STATES","Match","Non_Exact","11001007601"
"100 BLOCK OF  WILMINGTON PL SE DC, WASHINGTON DC 20032 UNITED STATES","Match","Non_Exact","11001007804"
"UNIT BLOCK OF  M ST NE WASHINGTON, DISTRICT OF COLUMBIA 20002 UNITED STATES","Match","Non_Exact","11001003100"
"2300 BLOCK OF  CHAMPLAIN STREET NW WASHINGTON, DC 20009 UNITED STATES","Match","Non_Exact","11001007703"
"2000 BLOCK OF  8TH STREET NW WASHINGTON, DC 20001 UNITED STATES","Match","Exact","11001007503"
"2600 BLOCK OF  BENNING ROAD NE WASHINGTON, DC 20002 UNITED STATES","Match","Non_Exact","11001007806"
"1000-BLK BLADENSBURG RD NE WASHINGTON, DC 20002 UNITED STATES","Match","Non_Exact","11001009906"
"1900 BLOCK OF  ALABAMA AVENUE SE WASHINGTON, DC 20020 UNITED STATES","Match","Non_Exact","11001008702"
"1500 BLOCK OF  BENNING RD NE DC, DC 20002 UNITED STATES","Match","Exact","11001000202"
"1600 BLOCK OF  NEAL ST NE WASHINGTON, DC 20002 UNITED STATES","Match","Non_Exact","11001003400"
"1100 BLOCK OF  BLADENSBURG RD NE WASHINGTON, DC 20002 UNITED STATES","Match","Non_Exact","11001008904"
"300 BLOCK OF  FRANKLIN ST NE DC, DC 20019 UNITED STATES","Match","Non_Exact","11001011001"
"4400 BLOCK OF  QUARLES ST NE DC, DC 20019 UNITED STATES","Match","Non_Exact","11001010400"
"900 BLOCK OF  4TH ST NW DC, DC 20001 UNITED STATES","Match","Non_Exact","11001009803"
"3800 BLOCK OF  9TH ST SE DC, WASHINGTON 20032 UNITED STATES","No_Match","",NA
"2100 BLOCK OF  15TH STREET NW WASHINGTON, DC 20009 UNITED STATES","Match","Non_Exact","11001003802"
"700 BLOCK OF  21ST ST NE DC, WASHINGTON 20002 UNITED STATES","Match","Non_Exact","11001003500"
"3100 BLOCK OF  MARTIN LUTHER KING JR AVENUE SE WASHINGTON, DC 20032 UNITED STATES","Match","Non_Exact","11001011100"
"SOUTHERN AVENUE SE & MISSISSIPPI AVENUE SE WASHINGTON, DC 20020 UNITED STATES","Match","Non_Exact","11001008802"
"2300 BLOCK OF  11TH ST NW WASHINGTON, DC 20001 UNITED STATES","Match","Non_Exact","11001007404"
"2000 BLOCK OF  19TH PL SE WASHINGTON, DC 20020 UNITED STATES","Match","Non_Exact","11001008904"
"800 BLOCK OF  FLORIDA AVE NE WASHINGTON, DC 20002 UNITED STATES","Match","Non_Exact","11001008903"
"UNIT BLOCK OF  M ST NE WASHINGTON, DC 20002 UNITED STATES","Match","Non_Exact","11001008804"
"600 BLOCK OF  FLORIDA AVE NW WASHINGTON, DC 20002 UNITED STATES","No_Match","",NA
"2800 BLOCK OF  7TH ST NE DC, DC 20002 UNITED STATES","Match","Non_Exact","11001009601"
"5900 BLOCK OF  GEORGIA AVE NW DC, WASHINGTON DC UNITED STATES","No_Match","",NA
"1200 BLOCK OF  13TH ST NW WASHINGTON, DC 20005 UNITED STATES","Match","Non_Exact","11001009801"
"600 BLOCK OF  KENNEDY ST NW DC, WASHINGTON DC UNITED STATES","Match","Non_Exact","11001004300"
"3900 BLOCK OF  SOUTH CAPITOL ST SE DC, WASHINGTON DC 20032 UNITED STATES","Match","Non_Exact","11001008904"
"4700 BLOCK OF  SOUTH CAPITOL ST SE DC, WASHINGTON DC 20032 UNITED STATES","Match","Non_Exact","11001010400"
"900 BLOCK OF  HAMILTON STREET NW WASHINGTON, DC 20011 UNITED STATES","Match","Exact","11001007409"
"1600 BLOCK OF  V ST SE DC, WASHINGTON 20020 UNITED STATES","Match","Non_Exact","11001003600"
"600 BLOCK OF  U ST NW WASHINGTON, DC 20001 UNITED STATES","Match","Non_Exact","11001007504"
"1900 BLOCK OF  16TH ST NW WASHINGTON, DC 20001 UNITED STATES","Match","Non_Exact","11001008803"
"100 BLOCK OF  N STREET SE WASHINGTON, DC 20003 UNITED STATES","No_Match","",NA
"200 BLOCK OF  W ST NW DC, WASHINGTON 20001 UNITED STATES","No_Match","",NA
"1100 BLOCK OF  21ST ST NE DC, WASHINGTON DC 20002 UNITED STATES","Match","Non_Exact","11001004801"
"4900 BLOCK OF  GEORGIA AVENUE NW WASHINGTON, DC 20011 UNITED STATES","No_Match","",NA
"1800-BLK 7TH ST NW DC, WASHINGTON 20001 UNITED STATES","Match","Non_Exact","11001001804"
"5100 BLOCK OF  FITCH ST SE DC, WASHINGTON 20019 UNITED STATES","Match","Non_Exact","11001005003"
"600 BLOCK OF  CHESAPEAKE ST SE DC, WASHINGTON DC 20032 UNITED STATES","Match","Non_Exact","11001002101"
"1600 BLOCK OF  MORRIS RD SE WASHINGTON DC, DC 20032 UNITED STATES","Match","Non_Exact","11001009803"
"1900 BLOCK OF  7TH ST NW WASHINGTON DC, DC 20009 UNITED STATES","Match","Non_Exact","11001009811"
"1000 BLOCK OF  BLADENSBURG RD NE DC, WASHINGTON 20002 UNITED STATES","No_Match","",NA
"800 BLOCK OF  BLADENSBURG RD NE WASHINGTON, DISTRICT OF COLUMBIA 20002 UNITED STATES","Match","Non_Exact","11001002900"
"200 BLOCK OF  W ST NW WASHINGTON, DC 20001 UNITED STATES","Match","Exact","11001009601"
"2ND STREET SE & XENIA STREET SE WASHINGTON, DC 20032 UNITED STATES","No_Match","",NA
"3700 BLOCK OF  12TH ST NE WASHINGTON, DC 20017 UNITED STATES","Match","Non_Exact","11001010900"
"3700 BLOCK OF  12TH STREET NE WASHINGTON, DC 20017 UNITED STATES","Match","Non_Exact","11001007703"
"UNIT BLOCK OF  BANNER LN NW WASHINGTON, DC 20001 UNITED STATES","Match","Exact","11001005302"
"5200 BLOCK OF  HAYES STREET NE WASHINGTON, DC 20019 UNITED STATES","Match","Non_Exact","11001007708"
"QUINCY PLACE NE & NORTH CAPITOL STREET WASHINGTON, DC 20002 UNITED STATES","Match","Non_Exact","11001004801"
"200 BLOCK OF  V ST NW WASHINGTON, DC 20001 UNITED STATES","Match","Non_Exact","11001007804"
"2000 BLOCK OF  14TH ST NW WASHINGTON, DC 20009 UNITED STATES","Match","Non_Exact","11001003400"
"3100 BLOCK OF  14TH ST NW DC, DC 20009 UNITED STATES","Match","Non_Exact","11001008804"
"MINNESOTA AVENUE NE & NANNIE HELEN BURROUGHS AVENUE NE WASHINGTON, DC 20019 UNITED STATES","Match","Non_Exact","11001004300"
"100 BLOCK OF  M ST SW WASHINGTON, DC 20024 UNITED STATES","Match","Non_Exact","11001010601"
"3600 BLOCK OF  22ND ST SE DC, WASHINGTON DC UNITED STATES","No_Match","",NA
"1400 BLOCK OF  16TH STREET NW WASHINGTON, DC 20036 UNITED STATES","Match","Exact","11001007803"
"4000 BLOCK OF  9TH ST SE WASHINGTON, DC 20032 UNITED STATES","Match","Non_Exact","11001006400"
"900 BLOCK OF  LONGFELLOW STREET NW WASHINGTON, DC 20011 UNITED STATES","Match","Non_Exact","11001007409"
"7TH STREET NW & H STREET NW WASHINGTON, DC 20001 UNITED STATES","Match","Non_Exact","11001005303"
"4691A BENNING RD SE DC, DC 20019 UNITED STATES","Match","Non_Exact","11001009700"
"600 BLOCK OF  MELLON ST SE DC, WASHINGTON 20032 UNITED STATES","Match","Non_Exact","11001002101"
"700 BLOCK OF  T ST NW WASHINGTON, DC 20001 UNITED STATES","Match","Exact","11001005801"
"1300 BLOCK OF  IRVING ST NW WASHINGTON, DC 20010 UNITED STATES","Match","Non_Exact","11001008802"
"1300 BLOCK OF  COLUMBIA RD NW DC, WASHINGTON DC 20019 UNITED STATES","Match","Non_Exact","11001008802"
"600 BLOCK OF  H ST NW DC, WASHINGTON DC 20001 UNITED STATES","Match","Non_Exact","11001003400"
"3100 BLOCK OF  SHERMAN AVE NW DC, DISTRICT OF COLUMBIA 20011 UNITED STATES","Match","Exact","11001009803"
"4400 BLOCK OF  C STREET SE WASHINGTON, DC 20019 UNITED STATES","Match","Non_Exact","11001009504"
"3300 BLOCK OF  14TH ST NW WASHINGTON, DISTRICT OF COLUMBIA 20011 UNITED STATES","Match","Non_Exact","11001009504"
"4900 BLOCK OF  CENTRAL AVENUE NE WASHINGTON, DC 20019 UNITED STATES","No_Match","",NA
"4900 BLOCK OF  AMES ST NE WASHINGTON, DC 20019 UNITED STATES","Match","Non_Exact","11001007809"
"2300 BLOCK OF  MOUNT VIEW PL SE DC, WASHINGTON DC 20020 UNITED STATES","Tie","",NA
"4300 BLOCK OF  F ST SE DC, WASHINGTON DC 20019 UNITED STATES","Match","Non_Exact","11001009907"
"5500 BLOCK OF  CENTRAL AVE SE DC, WASHINGTON DC 20019 UNITED STATES","Match","Non_Exact","11001010400"
"3000 BLOCK OF  STANTON RD SE DC, WASHINGTON DC 20020 UNITED STATES","Match","Non_Exact","11001004402"
"1800 BLOCK OF  ERIE ST SE WASHINGTON, DC 20020 UNITED STATES","Match","Non_Exact","11001003000"
"1800 BLOCK OF  M ST NW DC, DC 20036 UNITED STATES","Match","Non_Exact","11001003000"
"1300 BLOCK OF  COLUMBIA RD NW DC, DC 20009 UNITED STATES","Match","Non_Exact","11001005801"
"14TH STREET NW & SPRING ROAD NW WASHINGTON, DC 20010 UNITED STATES","No_Match","",NA
"1300 BLOCK OF  HOWARD RD SE DC, DISTRICT 20020 UNITED STATES","Match","Non_Exact","11001007703"
"1300 BLOCK OF  V ST NW WASHINGTON, DC 20009 UNITED STATES","Match","Non_Exact","11001002802"
"2200 BLOCK OF  SHANNON PLACE SE WASHINGTON, DC 20020 UNITED STATES","Match","Non_Exact","11001007804"
"600 BLOCK OF  S STREET NW WASHINGTON, DC 20001 UNITED STATES","Match","Non_Exact","11001007804"
"4000 BLOCK OF  9TH STREET SE WASHINGTON, DC 20032 UNITED STATES","Match","Non_Exact","11001007407"
"2400 BLOCK OF  14TH ST NW WASHINGTON, DC 20009 UNITED STATES","Match","Non_Exact","11001009907"
"4200 BLOCK OF  SOUTHERN AVE SE DC, WASHINGTON DC 20019 UNITED STATES","Match","Non_Exact","11001009903"
"1600 BLOCK OF  MONTANA AVE NE DC, WASHINGTON 20018 UNITED STATES","Match","Non_Exact","11001007407"
"1400 BLOCK OF  SHEPHERD STREET NW WASHINGTON, DC 20011 UNITED STATES","Match","Non_Exact","11001007504"
"3100 BLOCK OF  14TH ST NW WASHINGTON, DC 20010 UNITED STATES","Match","Non_Exact","11001010700"
"1900 BLOCK OF  18TH ST SE WASHINGTON, DC 20020 UNITED STATES","Match","Non_Exact","11001003000"
"1400 BLOCK OF  OKIE ST NE DC, WASHINGTON 20002 UNITED STATES","Match","Exact","11001002504"
"1500 BLOCK OF  C STREET NE WASHINGTON, DC 20002 UNITED STATES","Match","Non_Exact","11001007407"
"GEORGIA AVENUE NW WASHINGTON, DC 20001 UNITED STATES","Match","Non_Exact","11001004401"
"900 BLOCK OF  SOUTHERN AVE SE WASHINGTON, DC 20032 UNITED STATES","Match","Non_Exact","11001007503"
"4500 BLOCK OF  FORT TOTTEN DR NE DC, WASHINGTON 20011 UNITED STATES","Match","Non_Exact","11001004801"
"UNIT BLOCK OF  S STREET NE WASHINGTON, DC 20002 UNITED STATES","Match","Non_Exact","11001009700"
"1800 BLOCK OF  7TH ST NW DC, DC 20009 UNITED STATES","Match","Non_Exact","11001003701"
"600 BLOCK OF  13TH ST NW WASHINGTON, DC 20001 UNITED STATES","Match","Non_Exact","11001009902"
"800 BLOCK OF  8TH ST NE DC, WASHINGTON 20002 UNITED STATES","Match","Non_Exact","11001009102"
"1000 BLOCK OF  WISCONSIN AVENUE NW WASHINGTON, DC 20007 UNITED STATES","Match","Non_Exact","11001002504"
"25TH STREET SE & MINNESOTA AVENUE SE WASHINGTON, DC 20020 UNITED STATES","Match","Non_Exact","11001002802"
"700 BLOCK OF  H ST NE DC, WASHINGTON DC UNITED STATES","Match","Non_Exact","11001007605"
"1000 BLOCK OF  48TH ST NE DC, WASHINGTON DC 20019 UNITED STATES","Match","Non_Exact","11001008803"
"100 BLOCK OF  UPSAL ST SE DC, WASHINGTON 20032 UNITED STATES","Match","Non_Exact","11001007901"
"400 BLOCK OF  13TH STREET NE WASHINGTON, DC 20002 UNITED STATES","No_Match","",NA
"700 BLOCK OF  M ST SE WASHINGTON, DC 20003 UNITED STATES","Match","Non_Exact","11001009700"
"100 BLOCK OF  YUMA ST SE WASHINGTON, DC 20032 UNITED STATES","Match","Non_Exact","11001009510"
"3700-3749 BLOCK NEWARK STREET NW WASHINGTON, DC 20016 UNITED STATES","No_Match","",NA
"2700 BLOCK OF  STANTON ROAD SE WASHINGTON, DC 20020 UNITED STATES","No_Match","",NA
"1300 BLOCK OF  14TH STREET NW WASHINGTON, DC 20005 UNITED STATES","No_Match","",NA
"2300 BLOCK OF  RAYNOLDS PLACE SE WASHINGTON, DC 20020 UNITED STATES","Match","Non_Exact","11001010602"
"1500 BLOCK OF  ALABAMA AVE SE DC, WASHINGTON DC 20030 UNITED STATES","Match","Non_Exact","11001000202"
"700 BLOCK OF  53RD ST SE DC, WASH 20019 UNITED STATES","Match","Exact","11001007601"
"62ND STREET NE & DIX STREET NE WASHINGTON, DC 20019 UNITED STATES","Match","Non_Exact","11001010602"
"1700 BLOCK OF  BENNING RD NE DC, DC 20002 UNITED STATES","Match","Non_Exact","11001007806"
"4900 BLOCK OF  NANNIE HELEN BURROUGHS AVE NE DC, DC 20019 UNITED STATES","Match","Non_Exact","11001009803"
"DIVISION AVENUE NE & FITCH PLACE NE WASHINGTON, DC 20019 UNITED STATES","Match","Non_Exact","11001008001"
"1700 BLOCK OF  COLUMBIA RD NW WASHINGTON, DC 20009 UNITED STATES","Match","Non_Exact","11001007203"
"52ND STREET NE & SHERIFF ROAD NE WASHINGTON, DC 20019 UNITED STATES","Match","Non_Exact","11001009803"
"6300 BLOCK OF  GEORGIA AVE NW DC, DC 20011 UNITED STATES","Match","Non_Exact","11001001002"
"2400 BLOCK OF  ELVANS RD SE DC, WASHINGTON 20020 UNITED STATES","Match","Non_Exact","11001007407"
"2200 BLOCK OF  5TH ST NE WASHINGTON, DC 20002 UNITED STATES","Match","Non_Exact","11001005203"
"1200 BLOCK OF  NORTH CAPITOL ST NE WASHINGTON, DC 20002 UNITED STATES","Match","Non_Exact","11001007502"
"UNIT BLOCK OF  CHANNING ST NE WASHINGTON, DC 20002 UNITED STATES","Match","Non_Exact","11001007404"
"200 BLOCK OF  50TH ST NE WDC, WASHINGTON 20019 UNITED STATES","No_Match","",NA
"2500 BLOCK OF  MARION BARRY AVENUE SE WASHINGTON, DC 20020 UNITED STATES","Match","Exact","11001007808"
"1300 BLOCK OF  MONROE STREET NW WASHINGTON, DC 20010 UNITED STATES","Match","Non_Exact","11001008904"
"2600 BLOCK OF  UNIVERSITY PLACE NW WASHINGTON, DC 20009 UNITED STATES","Match","Non_Exact","11001007804"
"2500 BLOCK OF  WASHINGTON PL NE DC, WASHINGTON 20002 UNITED STATES","Match","Exact","11001007804"
"1300 BLOCK OF  SPRING RD NW WASHINGTON, DC 20010 UNITED STATES","Match","Non_Exact","11001003802"
"KENILWORTH AVENUE NE & QUARLES STREET NE WASHINGTON, DC 20019 UNITED STATES","Match","Exact","11001007809"
"1000 BLOCK OF  FLORIDA AVE NE DC, DC 20018 UNITED STATES","Match","Non_Exact","11001001804"
"100 BLOCK OF  GALVESTON STREET SW WASHINGTON, DC 20032 UNITED STATES","Match","Non_Exact","11001007401"
"300 BLOCK OF  RIDGE ROAD SE WASHINGTON, DC 20019 UNITED STATES","Match","Non_Exact","11001007406"
"17TH STREET NW & R STREET NW WASHINGTON, DC 20009 UNITED STATES","Match","Non_Exact","11001008702"
"3400 BLOCK OF  MINNESOTA AVENUE SE WASHINGTON, DC 20019 UNITED STATES","No_Match","",NA
"600 BLOCK OF  T ST NW DC, WASHINGTON DC UNITED STATES","No_Match","",NA
"4900 BLOCK OF  CENTRAL AVE NE WASHINGTON, DC 20019 UNITED STATES","Match","Non_Exact","11001007804"
"1700 BLOCK OF  MONTELLO AVE NE DC, DC 20002 UNITED STATES","No_Match","",NA
"1200 BLOCK OF  FIRST ST NE WASHINGTON, DC 20002 UNITED STATES","Match","Non_Exact","11001002900"
"1100 BLOCK OF  HOWARD RD SE DC, WASHINGTON 20020 UNITED STATES","Match","Non_Exact","11001003702"
"SOUTH CAPITOL STREET & GALVESTON STREET SW WASHINGTON, DC 20032 UNITED STATES","Match","Non_Exact","11001980000"
"3400 BLOCK OF  MINNESOTA AVE SE DC, WASHINGTON 20020 UNITED STATES","Match","Non_Exact","11001004901"
"400 BLOCK OF  CONDON TER SE WASHINGTON, DC 20032 UNITED STATES","No_Match","",NA
"600 BLOCK OF  EDGEWOOD ST NE WASHINGTON, DC 20002 UNITED STATES","Match","Non_Exact","11001002002"
"1800 BLOCK OF  NORTH CAPITOL ST NE DC, WASHINGTON 20018 UNITED STATES","No_Match","",NA
"9TH STREET NW & HEMLOCK STREET NW WASHINGTON, DC 20012 UNITED STATES","Match","Non_Exact","11001009601"
"4500 BLOCK OF  BENNING RD NE DC, WASHINGTON DC 20019 UNITED STATES","Match","Non_Exact","11001002101"
"2900-2999 BLOCK UPTON STREET NW WASHINGTON, DC 20008 UNITED STATES","Match","Non_Exact","11001005802"
"100 BLOCK OF  6TH STREET NE WASHINGTON, DC 20002 UNITED STATES","Match","Non_Exact","11001007901"
"2200 BLOCK OF  I ST NW WASHINGTON, DC 20037 UNITED STATES","Match","Exact","11001003400"
"2700 BLOCK OF  14TH ST NW WASHINGTON, DC 20020 UNITED STATES","Match","Non_Exact","11001010800"
"1400 BLOCK OF  IRVING ST NW WASHINGTON, DC 20010 UNITED STATES","Match","Non_Exact","11001007407"
"700 BLOCK OF  COLUMBIA RD NW WASHINGTON, DC 20001 UNITED STATES","Match","Non_Exact","11001003702"
"1300 BLOCK OF  RANDOLPH ST NW WASHINGTON, DC 20011 UNITED STATES","Match","Non_Exact","11001010400"
"4600 BLOCK OF  MARTIN LUTHER KING JR AVE SW DC, WASHINGTON DC 20032 UNITED STATES","Match","Non_Exact","11001002802"
"1400 BLOCK OF  SPRING PL NW DC, WASHINGTON 20010 UNITED STATES","Match","Non_Exact","11001003100"
"1500 BLOCK OF  MARION BARRY AVE SE DC, DC DC UNITED STATES","Match","Non_Exact","11001002504"
"1100 BLOCK OF  1ST PLACE NW WASHINGTON, DC 20001 UNITED STATES","Match","Non_Exact","11001009807"
"3800 BLOCK OF  9TH ST SE DC, WASINGTON 20032 UNITED STATES","Match","Non_Exact","11001002801"
"700 BLOCK OF  14TH STREET SE WASHINGTON, DC 20003 UNITED STATES","No_Match","",NA
"2900 BLOCK OF  MARTIN LUTHER KING JR AVE SE DC, WASHINGTON 200020 UNITED STATES","Match","Non_Exact","11001004704"
"900 BLOCK OF  QUACKENBOS STREET NW WASHINGTON, DC 20011 UNITED STATES","No_Match","",NA
"800 BLOCK OF  G ST NE DC, WASHINGTON 20002 UNITED STATES","Match","Non_Exact","11001009810"
"3100 BLOCK OF  BERRY RD NE WASHINGTON, DC 20002 UNITED STATES","Match","Non_Exact","11001007708"
"3500 BLOCK OF  SOUTH DAKOTA AVE NE WASHINGTON, DC 20018 UNITED STATES","Match","Non_Exact","11001009801"
"2600 BLOCK OF  BIRNEY PL SE WASHINGTON, DC 20020 UNITED STATES","Match","Non_Exact","11001009204"
"800 BLOCK OF  ALABAMA AVENUE SE WASHINGTON, DC 20032 UNITED STATES","No_Match","",NA
"3100 BLOCK OF  BUENA VISTA TER SE WASHINGTON, DC 20020 UNITED STATES","Match","Exact","11001010300"
"600 BLOCK OF  PARKLAND PL SE WASHINGTON, DC 20020 UNITED STATES","Match","Non_Exact","11001007803"
"12TH STREET NE & OTIS STREET NE WASHINGTON, DC 20017 UNITED STATES","Match","Non_Exact","11001001303"
"1000 BLOCK OF  OHIO DRIVE SW WASHINGTON, DC 20024 UNITED STATES","Match","Non_Exact","11001008200"
"500 BLOCK OF  EASTERN AVENUE NE WASHINGTON, DC 20019 UNITED STATES","Match","Non_Exact","11001006900"
"61ST STREET NE & DIX STREET NE WASHINGTON, DC 20019 UNITED STATES","Match","Non_Exact","11001010400"
"1400 BLOCK OF  SPRING RD NW WASHINGTON, DC 20010 UNITED STATES","Match","Non_Exact","11001001901"
"5000 BLOCK OF  14TH ST NE WASHINGTON, DC 20017 UNITED STATES","Match","Non_Exact","11001008402"
"1800 BLOCK OF  9TH ST NW DC, DC 20001 UNITED STATES","Match","Non_Exact","11001009000"
"1800BLK CORCORAN ST NE DC, DISTRICT OF COLUMBIA 20002 UNITED STATES","Match","Non_Exact","11001009400"
"1900 BLOCK OF  11TH ST NW DC, DISTRICT OF COLUMBIA 20001 UNITED STATES","Match","Non_Exact","11001007401"
"300 BLOCK OF  ELM ST NW WASHINGTON, DC 20001 UNITED STATES","Match","Non_Exact","11001010400"
"4500 BLOCK OF  BENNING RD SE WASHINGTON, DC 20019 UNITED STATES","Match","Non_Exact","11001007408"
"4700 BLOCK OF  C STREET SE WASHINGTON, DC 20019 UNITED STATES","No_Match","",NA
"1300 BLOCK OF  MARION BARRY AVE SE WASHINGTON, DC 20020 UNITED STATES","Match","Exact","11001009301"
"2800 BLOCK OF  POMEROY ROAD SE WASHINGTON, DC 20020 UNITED STATES","Match","Non_Exact","11001980000"
"700 BLOCK OF  15TH STREET NE WASHINGTON, DC 20002 UNITED STATES","Match","Non_Exact","11001007807"
"3900 BLOCK OF  BENNING ROAD NE WASHINGTON, DC 20019 UNITED STATES","Match","Exact","11001007808"
"900 BLOCK OF  RHODE ISLAND AVE NE WASHINGTON, DC 20002 UNITED STATES","Match","Non_Exact","11001002801"
"1900 BLOCK OF  I ST NE WASHINGTON, DC 20002 UNITED STATES","Match","Non_Exact","11001009503"
"4000 BLOCK OF GRANT STREET NE WASHINGTON, DC 20019 UNITED STATES","No_Match","",NA
"1200 BLOCK OF  FLORIDA AVENUE NW WASHINGTON, DC 20009 UNITED STATES","Match","Non_Exact","11001008803"
"2800 BLOCK OF  7TH ST NE DC, WASHINGTON 20018 UNITED STATES","No_Match","",NA
"400 BLOCK OF  RHODE ISLAND AVE NE WASHINGTON, DC 20018 UNITED STATES","Match","Non_Exact","11001003400"
"2200 BLOCK OF  15TH ST NE WASHINGTON, DC 20002 UNITED STATES","Match","Non_Exact","11001009906"
"300 BLOCK OF  T ST NE WASHINGTON, DC 20018 UNITED STATES","Match","Non_Exact","11001009906"
"600 BLOCK OF  CONDON TER SE DC, WASHINGTON 20032 UNITED STATES","No_Match","",NA
"1400 BLOCK OF  CEDAR ST SE WASHINGTON, DC 20020 UNITED STATES","Match","Non_Exact","11001007401"
"2200 BLOCK OF  TOWN CENTER DR SE DC, WASHINGTON 20019 UNITED STATES","Match","Non_Exact","11001008001"
"800 BLOCK OF  TAYLOR ST NW DC, WASHINGTON 20011 UNITED STATES","Match","Non_Exact","11001007803"
"700 BLOCK OF  BARNABY RD SE DC, DC 20032 UNITED STATES","Match","Non_Exact","11001009302"
"5900 BLOCK OF  FOOTE ST NE DC, WASH 20019 UNITED STATES","Match","Non_Exact","11001008904"
"UNIT BLOCK OF  DANBURY STREET SE WASHINGTON, DC 20032 UNITED STATES","Match","Non_Exact","11001007803"
"2600 BLOCK OF  DOUGLASS RD SE WASHINGTON, DC 20020 UNITED STATES","Match","Non_Exact","11001004401"
"3600 BLOCK OF  13TH STREET NW WASHINGTON, DC 20010 UNITED STATES","No_Match","",NA
"5300 BLOCK OF  DIX ST NE DC, DC 20019 UNITED STATES","Match","Non_Exact","11001009204"
"4200 BLOCK OF  FOOTE ST NE DC, WASHINGTON D.C. 20019 UNITED STATES","Match","Non_Exact","11001009102"
"1100 BLOCK OF  RAUM ST NE DC, WASHINGTON, DC 20002 UNITED STATES","Match","Non_Exact","11001008702"
"1900 BLOCK OF  16TH ST SE WASHINGTON, DC 20020 UNITED STATES","Match","Non_Exact","11001009801"
"200 BLOCK OF  37TH PL SE DC, WASHINGTON 20019 UNITED STATES","Match","Non_Exact","11001007503"
"5200 BLOCK OF  JUST ST NE DC, WASHINGTON 20019 UNITED STATES","Match","Non_Exact","11001007604"
"1000 BLOCK OF  48TH ST NE DC, WASHINGTON 20019 UNITED STATES","Match","Non_Exact","11001002400"
"1200 BLOCK OF  ALABAMA AVE SE DC, WASHINGTON 20032 UNITED STATES","No_Match","",NA
"5000 BLOCK OF  9TH STREET NW WASHINGTON, DC 20011 UNITED STATES","Match","Non_Exact","11001007807"
"1500 BLOCK OF  41ST ST SE DC, WASHINGTON DC 20019 UNITED STATES","No_Match","",NA
"2700 BLOCK OF  EVARTS ST NE WASHINGTON, DC 20002 UNITED STATES","Match","Non_Exact","11001007406"
"7TH STREET NW & TEWKESBURY PLACE NW WASHINGTON, DC 20012 UNITED STATES","Match","Non_Exact","11001002900"
"700 BLOCK OF  T ST NW DC, WASHINGTON 20001 UNITED STATES","Match","Non_Exact","11001007808"
"6100 BLOCK OF  EASTERN AVE NE DC, WASHINGTON 20011 UNITED STATES","Match","Non_Exact","11001007803"
"1300 BLOCK OF  H ST NE DC, WASHINGTON 20002 UNITED STATES","Match","Non_Exact","11001008804"
"1300 BLOCK OF  LINDEN CT NE DC, WASHINGTON 20002 UNITED STATES","Match","Non_Exact","11001007605"
"2400 BLOCK OF  14TH ST NE DC, DC 20018 UNITED STATES","Match","Non_Exact","11001007703"
"SOUTH CAPITOL STREET & ANACOSTIA DRIVE SE WASHINGTON, DC 20020 UNITED STATES","Match","Non_Exact","11001007809"
"3300 BLOCK OF  10TH PLACE SE WASHINGTON, DC 20032 UNITED STATES","Match","Non_Exact","11001007806"
"1800-1899 BLOCK 7TH STREET NW WASHINGTON, DC 20001 UNITED STATES","Match","Non_Exact","11001010400"
"2000 BLOCK OF  14TH ST SE WASHINGTON, DC 20020 UNITED STATES","Match","Non_Exact","11001002201"
"4200 BLOCK OF  EAST CAPITOL STREET NE WASHINGTON, DC 20019 UNITED STATES","Match","Non_Exact","11001009902"
"900 BLOCK OF  FLORIDA AVE NW DC, WASHINGTON 20001 UNITED STATES","Match","Non_Exact","11001011100"
"15TH STREET NE & E STREET NE WASHINGTON, DC 20002 UNITED STATES","Match","Exact","11001001901"
"4900 BLOCK OF  CANAL RD NW WASHINGTON, DC 20007 UNITED STATES","Match","Non_Exact","11001004402"
"900 BLOCK OF  OHIO DRIVE SW WASHINGTON, DC 20024 UNITED STATES","Match","Non_Exact","11001009505"
"1700 BLOCK OF  7TH ST NW WASHINGTON, DC 20001 UNITED STATES","Match","Non_Exact","11001008410"
"3000 BLOCK OF  BUENA VISTA ST SE WASHINGTON, DC 20020 UNITED STATES","Tie","",NA
"5300 BLOCK OF  GEORGIA AVE NW WASHINGTON, DC 20011 UNITED STATES","Match","Non_Exact","11001009102"
"3700 BLOCK OF  9TH ST NW DC, WASHINGTON DC 20010 UNITED STATES","Match","Non_Exact","11001007503"
"4400 BLOCK OF  QUARLES ST NE DC, WASHINGTON 20019 UNITED STATES","Match","Non_Exact","11001009604"
"900 BLOCK OF  KENNEDY ST NW WASHINGTON, DISTRICT OF COLUMBIA 20011 UNITED STATES","Match","Non_Exact","11001007304"
"700 BLOCK OF  H ST NW DC, WASHINGTON DC 20001 UNITED STATES","No_Match","",NA
"1500 BLOCK OF  F ST NE DC, WASHINGTON DC 20002 UNITED STATES","Match","Non_Exact","11001007503"
"GEORGIA AVENUE NW & W STREET NW WASHINGTON, DC 20001 UNITED STATES","Match","Non_Exact","11001009603"
"2400 BLOCK OF  MARTIN LUTHER KING JR AVE SE DC, WASHINGTON 20020 UNITED STATES","Match","Non_Exact","11001004401"
"600 BLOCK OF  MALCOLM X AVE SE DC, WASHINGTON DC 20032 UNITED STATES","Match","Exact","11001008001"
"1500 BLOCK OF  BUTLER ST SE WASHINGTON DC, DC 20020 UNITED STATES","Match","Non_Exact","11001000902"
"2400 BLOCK OF  MINNESOTA AVE SE DC, WASHINGTON DC 20020 UNITED STATES","Match","Non_Exact","11001003500"
"300 BLOCK OF  LIVINGSTON TER SE DC, DC 20032 UNITED STATES","Match","Non_Exact","11001009102"
"700 BLOCK OF  11TH ST NW WASHINGTON, DC 20001 UNITED STATES","Match","Non_Exact","11001007803"
"UNIT BLOCK OF  58TH STREET SE WASHINGTON, DC 20019 UNITED STATES","Match","Exact","11001004702"
"900 BLOCK OF  VARNEY ST SE DC, DC 20032 UNITED STATES","Match","Exact","11001007603"
"4200 BLOCK OF  4TH ST SE WASHINGTON, DC 20032 UNITED STATES","Match","Exact","11001007504"
"2400 BLOCK OF  HARTFORD ST SE WASHINGTON, N/A 20020 UNITED STATES","Match","Non_Exact","11001007503"
"2500 BLOCK OF  SHERIDAN RD SE DC, WASHINGTON 20020 UNITED STATES","Match","Non_Exact","11001008802"
"600 BLOCK OF  MISSISSIPPI AVENUE SE WASHINGTON, DC 20032 UNITED STATES","Match","Non_Exact","11001007707"
"1300-BLK CONGRESS ST SE DC, WASHINGTON 20032 UNITED STATES","Match","Non_Exact","11001007703"
"4TH STREET NW & ASPEN STREET NW WASHINGTON, DC 20012 UNITED STATES","Match","Non_Exact","11001007304"
"1000 BLOCK OF  51ST STREET NE WASHINGTON, DC 20019 UNITED STATES","No_Match","",NA
"600 BLOCK OF  MISSISSIPPI AVE WASHINGTON, N/A 22191 UNITED STATES","Match","Exact","11001001702"
"4200 BLOCK OF  GAULT PL NE WASHINGTON, DC 20019 UNITED STATES","Match","Non_Exact","11001009400"
"4500 BLOCK OF  EADS STREET NE WASHINGTON, DC 20019 UNITED STATES","Match","Non_Exact","11001007806"
"600 BLOCK OF  CONDON TER SE DC, DC 22191 UNITED STATES","No_Match","",NA
"2700 BLOCK OF  BRUCE PL SE DC, N/A 22191 UNITED STATES","Match","Non_Exact","11001007803"
"10TH STREET NE & H STREET NE WASHINGTON, DC 20002 UNITED STATES","Match","Non_Exact","11001007803"
"2300 BLOCK OF  RHODE ISLAND AVE NE DC, DC 20002 UNITED STATES","No_Match","",NA
"3000 BLOCK OF  STANTON RD SE WASHINGTON, DC 20020 UNITED STATES","No_Match","",NA
"3600 BLOCK OF  14TH ST NW DC, WASHINGTON D.C. 20010 UNITED STATES","Match","Exact","11001008410"
"1300 BLOCK OF  NEW YORK AVENUE NE WASHINGTON, DC 20002 UNITED STATES","No_Match","",NA
"1200 BLOCK OF  G ST NW DC, WASHINGTON 20005 UNITED STATES","Match","Non_Exact","11001007601"
"1200 BLOCK OF  VALLEY AVE SE WASHINGTON, DC 20032 UNITED STATES","Match","Non_Exact","11001009811"
"3700 BLOCK OF  10TH ST NW WASHINGTON, DC 20010 UNITED STATES","Match","Non_Exact","11001005802"
"1700 BLOCK OF  RHODE ISLAND AVE NW WASHINGTON, DC 20036 UNITED STATES","No_Match","",NA
"1000 BLOCK OF  BARNABY TERRACE SE WASHINGTON, DC 20032 UNITED STATES","Match","Non_Exact","11001009700"
"5300 BLOCK OF  E ST SE WASHINGTON, DC 20019 UNITED STATES","Match","Non_Exact","11001009811"
"1700 BLOCK OF  BENNING RD NE DC, WASHINGTON 20002 UNITED STATES","Match","Non_Exact","11001007408"
"300 BLOCK OF  RIGGS RD NE DC, DC 20011 UNITED STATES","Match","Non_Exact","11001007407"
"1600 BLOCK OF  18TH STREET SE WASHINGTON, DC 20020 UNITED STATES","Match","Non_Exact","11001009804"
"2300 BLOCK OF  ALABAMA AVE SE WASHINGTON, DC 20020 UNITED STATES","Match","Non_Exact","11001007407"
"1400 BLOCK OF  FAIRMONT ST NW WASHINGTON, DC 20009 UNITED STATES","Match","Non_Exact","11001002801"
"2100 BLOCK OF  RIDGECREST CT SE DC, WASHINGTON DC 20020 UNITED STATES","No_Match","",NA
"100 BLOCK OF  IVAHOE WASHINGTON, DC 20032 UNITED STATES","Match","Non_Exact","11001005802"
"400 BLOCK OF  60TH ST NE WASHINTON, DC 20019 UNITED STATES","Match","Non_Exact","11001009700"
"400 BLOCK OF  60TH STREET NE WASHINGTON, DC 20019 UNITED STATES","Match","Non_Exact","11001002503"
"1600 BLOCK OF  SAVANNAH ST SE DC, WASHINGTON 20032 UNITED STATES","Match","Non_Exact","11001010700"
"3500 BLOCK OF  JAY ST NE DC, WASHINGTON DC 20019 UNITED STATES","Match","Non_Exact","11001009700"
"3600 BLOCK OF  MARTIN LUTHER KING JR AVE SE DC, WASHINTON 20020 UNITED STATES","Match","Non_Exact","11001009905"
"3800 BLOCK OF  SOUTH CAPITOL ST SE DC, WASHINGTON DC 20032 UNITED STATES","Match","Non_Exact","11001008904"
"1100 BLOCK OF  WEST VIRGINIA AVENUE NE WASHINGTON, DC 20002 UNITED STATES","Match","Non_Exact","11001009505"
"100 BLOCK OF  XENIA ST SE WASHINGTON, DC 20032 UNITED STATES","Match","Non_Exact","11001007601"
"7TH STREET NW & Q STREET NW WASHINGTON, DC 20001 UNITED STATES","Match","Non_Exact","11001007408"
"2200 BLOCK OF  ALABAMA AVE SE DC, DC 22191 UNITED STATES","Match","Non_Exact","11001003702"
"1200 BLOCK OF  11TH ST NW DC, DC 20019 UNITED STATES","Match","Non_Exact","11001007403"
"2ND STREET SE & MISSISSIPPI AVENUE SE WASHINGTON, DC 20032 UNITED STATES","No_Match","",NA
"1000 BLOCK OF  G STREET NW WASHINGTON, DC 20004 UNITED STATES","Match","Non_Exact","11001007808"
"800 BLOCK OF  T ST NW WASHINGTON, DC 20001 UNITED STATES","Match","Non_Exact","11001007808"
"1400 BLOCK OF  G STREET NE WASHINGTON, DC 20002 UNITED STATES","Match","Non_Exact","11001007403"
"3200 BLOCK OF  JASPER ST SE WASHINGTON, DC 20032 UNITED STATES","No_Match","",NA
"400 BLOCK OF  NORTH CAPITOL STREET NW WASHINGTON, DC 20001 UNITED STATES","No_Match","",NA
"3400 BLOCK OF  GEORGIA AVE NW WASHINGTON, DC 20010 UNITED STATES","Match","Non_Exact","11001009803"
"2700 BLOCK OF  MINNESOTA AVE SE DC, WASHINGTON 20019 UNITED STATES","Match","Non_Exact","11001008803"
"1200 BLOCK OF  NORTH CAPITOL ST NW WASHINGTON, DC 20002 UNITED STATES","Match","Non_Exact","11001009803"
"2600 BLOCK OF  SHERIDAN RD SE WASHINGTON, DC 20020 UNITED STATES","Match","Exact","11001004901"
"3300 BLOCK OF  BANNEKER DR NE WASHINGTON, DC 20018 UNITED STATES","No_Match","",NA
"900 BLOCK OF  U ST NW DC, WASHINGTON 20001 UNITED STATES","No_Match","",NA
"2000 BLOCK OF  GEORGIA AVE NW DC, WASHINGTON 20060 UNITED STATES","Match","Exact","11001009803"
"4300 BLOCK OF  MARTIN LUTHER KING JR AVE SW WASHINGTON, DC 20032 UNITED STATES","Match","Non_Exact","11001005802"
"1100 BLOCK OF  BRANCH AVE SE DC, WASINGTON DC 20019 UNITED STATES","Match","Non_Exact","11001004402"
"3100 BLOCK OF  14TH ST NW WASHINGTON, DC 20009 UNITED STATES","Match","Non_Exact","11001008001"
"UNIT BLOCK OF  CHESAPEAKE ST SW DC, WASHINGTON 20032 UNITED STATES","No_Match","",NA
"4100 BLOCK OF  MINNESOTA AVE NE DC, WASHINGTON 20019 UNITED STATES","Match","Non_Exact","11001005900"
"600 BLOCK OF  EDGEWOOD ST NE WASHINGTON, DC 20017 UNITED STATES","Match","Non_Exact","11001003100"
"600 BLOCK OF  H ST NE WASHINGTON, DC 20002 UNITED STATES","Match","Non_Exact","11001007709"
"800 BLOCK OF  BARNABY ST SE WASHINGTON, DC 20032 UNITED STATES","No_Match","",NA
"400 BLOCK OF  RHODE ISLAND AVE NE DC, WASHINGTON 20002 UNITED STATES","Match","Non_Exact","11001007407"
"6200 BLOCK OF  BANKS PL NE DC, WASHINGTON 20019 UNITED STATES","Match","Non_Exact","11001009000"
"4500 BLOCK OF  CLAY STREET NE WASHINGTON, DC 20019 UNITED STATES","Match","Non_Exact","11001004402"
"1600 BLOCK OF  BUTLER STREET SE WASHINGTON, DC 20020 UNITED STATES","Match","Non_Exact","11001003500"
"2400 BLOCK OF  MARKET ST NE DC, DC 20002 UNITED STATES","Match","Non_Exact","11001009807"
"400 BLOCK OF  CONDON TER SE WASHINGTON, DCC 20032 UNITED STATES","Match","Non_Exact","11001009901"
"300 BLOCK OF  62ND ST NE DC, WASHINGTON 20019 UNITED STATES","Match","Non_Exact","11001002802"
"300 BLOCK OF  63RD ST NE DC, WASHINGTON 20019 UNITED STATES","No_Match","",NA
"700 BLOCK OF  HOBART PL NW WASHINGTON, DC 20001 UNITED STATES","Match","Non_Exact","11001007803"
"1700 BLOCK OF  BENNING RD NE WASHINGTON, DC 20002 UNITED STATES","Match","Non_Exact","11001009204"
"1800 BLOCK OF  WILTBURGER ST NW DC, DC 20001 UNITED STATES","Match","Non_Exact","11001010602"
"600 BLOCK OF  HOBART PL NW WASHINGTON, DISTRICT OF COLUMBIA 20001 UNITED STATES","No_Match","",NA
"5800 BLOCK OF  GEORGIA AVE NW DC, WASHINGTON 20011 UNITED STATES","Match","Non_Exact","11001009204"
"1800 BLOCK OF  CAPITOL AVENUE NE WASHINGTON, DC 20002 UNITED STATES","Match","Non_Exact","11001007808"
"4400 BLOCK OF  H STREET SE WASHINGTON, DC 20019 UNITED STATES","Match","Non_Exact","11001007803"
"3800 BLOCK OF  PENNSYLVANIA AVE SE DC, WASHINGTON DC 20019 UNITED STATES","Match","Non_Exact","11001007503"
"3400 BLOCK OF  PENNSYLVANIA AVENUE SE WASHINGTON, DC 20020 UNITED STATES","No_Match","",NA
"1200 BLOCK OF  BRENTWOOD RD NE DC, WASHINGTON 20018 UNITED STATES","Match","Non_Exact","11001009801"
"600 BLOCK OF  BLK OTIS ST WASHINGTON, DC 20010 UNITED STATES","Match","Non_Exact","11001007808"
"5900 BLOCK OF  PINEY BRANCH RD NW WASHINGTON, DC 20010 UNITED STATES","Match","Non_Exact","11001007808"
"2000 BLOCK OF  GEORGIA AVENUE NW WASHINGTON, DC 20060 UNITED STATES","Match","Non_Exact","11001003100"
"2500 BLOCK OF  14TH ST NE DC, DC 20018 UNITED STATES","Match","Non_Exact","11001008904"
"4400 BLOCK OF  EDSON PLACE NE WASHINGTON, DC 20019 UNITED STATES","Match","Non_Exact","11001004801"
"1ST STREET NW & I STREET NW WASHINGTON, DC 20001 UNITED STATES","Match","Non_Exact","11001003200"
"PENNSYLVANIA AVENUE SE & ALABAMA AVENUE SE WASHINGTON, DC 20020 UNITED STATES","Match","Non_Exact","11001002503"
"16TH STREET SE & BANGOR STREET SE WASHINGTON, DC 20020 UNITED STATES","Match","Non_Exact","11001002002"
"1600 BLOCK OF  BUTLER ST SE WASHINGTON, DC 20020 UNITED STATES","Match","Non_Exact","11001008803"
"1300 BLOCK OF  NEAL ST NE WASHINGTON, DC 20001 UNITED STATES","Match","Non_Exact","11001007707"
"4900 BLOCK OF  BENNING RD SE DC, DC 20019 UNITED STATES","Match","Non_Exact","11001009901"
"200 BLOCK OF  ANACOSTIA RD SE DC, WASHINGTON D.C. 20019 UNITED STATES","Match","Non_Exact","11001009901"
"600 BLOCK OF  1ST ST NE DC, WASHINGTON DC 20002 UNITED STATES","Match","Non_Exact","11001009102"
"2900 BLOCK OF  RHODE ISLAND AVE NE WASHINGTON, DC 20018 UNITED STATES","No_Match","",NA
"3700 BLOCK OF  NEW HAMPSHIRE AVE NW DC, DC 20010 UNITED STATES","Match","Non_Exact","11001001804"
"1300 BLOCK OF  2ND STREET NE WASHINGTON, DC 20002 UNITED STATES","Match","Non_Exact","11001010202"
"2900 BLOCK OF  RHODE ISLAND AVENUE NE WASHINGTON, DC 20018 UNITED STATES","Match","Non_Exact","11001003100"
"500 BLOCK OF  NEWCOMB ST SE WASHINGTON, DC 20032 UNITED STATES","Match","Non_Exact","11001006400"
"4500 BLOCK OF  LIVINGSTON RD SE DC, DC 20032 UNITED STATES","No_Match","",NA
"200 BLOCK OF  62ND ST NE DC, DC 20019 UNITED STATES","Match","Non_Exact","11001009603"
"1300 BLOCK OF  UNION ST NE WASHINGTON, DC 20002 UNITED STATES","No_Match","",NA
"2500 BLOCK OF  ELVANS RD SE DC, WASHINGTON DC 20020 UNITED STATES","Match","Non_Exact","11001007601"
"1000 BLOCK OF  EASTERN AVE NE DC, WASHINGTON 20019 UNITED STATES","No_Match","",NA
"200 BLOCK OF  ORANGE STREET SE WASHINGTON, DC 20032 UNITED STATES","Match","Non_Exact","11001008804"
"2600 BLOCK OF  BIRNEY PLACE SE WASHINGTON, DC 20020 UNITED STATES","Match","Non_Exact","11001007903"
"100 BLOCK OF  DARRINGTON STREET SW WASHINGTON, DC 20032 UNITED STATES","Match","Non_Exact","11001007401"
"2800 BLOCK OF  ALABAMA AVE SE DC, DC 20020 UNITED STATES","No_Match","",NA
"900 BLOCK OF  WAHLER PL SE WASHINGTON, DC 20032 UNITED STATES","Match","Non_Exact","11001009807"
"4800-4899 BLOCK COLORADO AVENUE NW WASHINGTON, DC 20011 UNITED STATES","Match","Non_Exact","11001007901"
"6100 BLOCK OF  BANKS PL NE WASHINGTON, DC 20019 UNITED STATES","Match","Non_Exact","11001007604"
"4200 BLOCK OF  4TH ST SE DC, WASHINGTON 20032 UNITED STATES","Match","Non_Exact","11001009801"
"2300 BLOCK OF  HARTFORD ST SE WASHINGTON, DC 20020 UNITED STATES","Match","Non_Exact","11001002600"
"300 BLOCK OF  RALEIGH STREET SE WASHINGTON, DC 20032 UNITED STATES","Match","Non_Exact","11001007808"
"11TH STREET NW & MONROE STREET NW WASHINGTON, DC 20010 UNITED STATES","Match","Non_Exact","11001009811"
"4000 BLOCK OF  MINNESOTA AVE NE DC, WASHINGTON 20019 UNITED STATES","Match","Non_Exact","11001007408"
"5100 BLOCK OF  ASTOR PL SE WASHINGTON, DC 20019 UNITED STATES","Match","Non_Exact","11001010400"
"3900 BLOCK OF  SOUTH CAPITOL ST SE WASHINGTON, DC 20020 UNITED STATES","Match","Exact","11001002900"
"1300 BLOCK OF  RHODE ISLAND AVE NE WASHINGTON, DC 20018 UNITED STATES","Match","Non_Exact","11001010601"
"300 BLOCK OF  53TH ST NE DC, DC 20019 UNITED STATES","Match","Non_Exact","11001009400"
"100 BLOCK OF  TODD PL NE WASHINGTON, DC 20002 UNITED STATES","Match","Non_Exact","11001010400"
"200 BLOCK OF  50TH ST NE WASHINGTON, DC 20019 UNITED STATES","Match","Non_Exact","11001009810"
"1800 BLOCK OF  7TH STREET NW WASHINGTON, DC 20059 UNITED STATES","Match","Non_Exact","11001007808"
"PROVIDENCE STREET NE & CAPITOL AVENUE NE WASHINGTON, DC 20002 UNITED STATES","No_Match","",NA
"100BLK TAUSSIG PL NE WASHINGTON, DC 20010 UNITED STATES","Match","Non_Exact","11001007406"
"3700 BLOCK OF  MASSACHUSETTS AVENUE SE WASHINGTON, DC 20019 UNITED STATES","Match","Non_Exact","11001007806"
"2200 BLOCK OF  ALABAMA AVE SE DC, WASHINGTON 20020 UNITED STATES","Match","Non_Exact","11001010400"
"4300 BLOCK OF  3RD ST SE WASHINGTON, DC 20032 UNITED STATES","Match","Non_Exact","11001007803"
"1000 BLOCK OF  VERMONT AVE NW DC, DC 20005 UNITED STATES","Match","Non_Exact","11001009905"
"2000 BLOCK OF  GEORGIA AVE NW WASHINGTON, DC 20060 UNITED STATES","Match","Non_Exact","11001009803"
"800 BLOCK OF  ATLANTIC STREET SE WASHINGTON, DC 20032 UNITED STATES","Match","Non_Exact","11001009302"
"1400 BLOCK OF  HOWARD RD SE WASHINGTON, DC 20020 UNITED STATES","No_Match","",NA
"4000 BLOCK OF  GRANT ST NE DC, DC 20019 UNITED STATES","Match","Non_Exact","11001008701"
"5900 BLOCK OF  EADS STREET NE WASHINGTON, DC 20019 UNITED STATES","Match","Non_Exact","11001007804"
"2600 BLOCK OF  CONNECTICUT AVE NW DC, WASHINGTON 20001 UNITED STATES","No_Match","",NA
"42ND STREET NE & FOOTE STREET NE WASHINGTON, DC 20019 UNITED STATES","Match","Exact","11001008803"
"1100 BLOCK OF  3RD ST SW WASHINGTON, DC 20024 UNITED STATES","Match","Non_Exact","11001009510"
"1300 BLOCK OF  27TH ST SE DC, WASHINGTON 20020 UNITED STATES","Match","Non_Exact","11001009901"
"3200 BLOCK OF  28TH ST SE DC, DC 20020 UNITED STATES","Match","Non_Exact","11001007404"
"2900 BLOCK OF  GEORGIA AVENUE NW WASHINGTON, DC 20001 UNITED STATES","Match","Non_Exact","11001009811"
"1000 BLOCK OF  ALABAMA AVE SE WASHINGTON, DC 20032 UNITED STATES","Match","Non_Exact","11001010100"
"500 BLOCK OF  RHODE ISLAND AVE NE WASHINGTON, DC 20010 UNITED STATES","Match","Non_Exact","11001003500"
"BLAIR ROAD NW & FERN PLACE NW WASHINGTON, DC 20012 UNITED STATES","Match","Non_Exact","11001009802"
"UNIT BLOCK OF  M ST NE WASHINGTON, DC 20001 UNITED STATES","Match","Non_Exact","11001007407"
"SHERIFF ROAD NE & 48TH STREET NE WASHINGTON, DC 20019 UNITED STATES","Match","Non_Exact","11001007803"
"4200 BLOCK OF  BENNING ROAD NE WASHINGTON, DC 20019 UNITED STATES","Match","Non_Exact","11001007807"
"700 BLOCK OF  NEWTON PL NW DC, WASHINGTON 20011 UNITED STATES","Match","Non_Exact","11001000501"
"2100 BLOCK OF  RIDGECREST CT SE DC, DC 20020 UNITED STATES","Match","Exact","11001007803"
"2200 BLOCK OF  4TH ST NE DC, WASHINGTON 20002 UNITED STATES","Match","Non_Exact","11001010500"
"2800 BLOCK OF  7TH ST NE DC, WASHINGTON DC UNITED STATES","Match","Non_Exact","11001007709"
"4200 BLOCK OF  ANACOSTIA AVE NE WASHINGTON, DC 20019 UNITED STATES","Match","Non_Exact","11001007408"
"400 BLOCK OF  M ST SE DC, DC 20003 UNITED STATES","Match","Non_Exact","11001003100"
"3200 BLOCK OF  MINNESOTA AVE SE DC, DISTRICT OF COLUMBIA 20019 UNITED STATES","Match","Non_Exact","11001010400"
"3200 BLOCK OF  D STREET SE WASHINGTON, DC 20019 UNITED STATES","Match","Non_Exact","11001009204"
"3600 BLOCK OF  GEORGIA AVE NW WASHINGTON, DC 20011 UNITED STATES","Match","Exact","11001010300"
"7TH STREET NW & KENNEDY STREET NW WASHINGTON, DC 20011 UNITED STATES","No_Match","",NA
"4500 BLOCK OF  KANSAS AVE NW WASHINGTON, DC 20010 UNITED STATES","Match","Exact","11001007809"
"HOBART PLACE NW & GEORGIA AVENUE NW WASHINGTON, DC 20001 UNITED STATES","Match","Non_Exact","11001007803"
"1400 BLOCK OF  QUINCY ST NW WASHINGTON, DC 20011 UNITED STATES","Match","Non_Exact","11001003100"
"1100 BLOCK OF  HOLBROOK ST NE WASHINGTON, DC 20018 UNITED STATES","Match","Non_Exact","11001007403"
"2800 BLOCK OF  7TH ST NE WASHINGTON, DC 20018 UNITED STATES","Match","Non_Exact","11001008702"
"3200 BLOCK OF  BLADENSBURG ROAD NE WASHINGTON, DC 20018 UNITED STATES","No_Match","",NA
"1700 BLOCK OF  D ST NE WASHINGTON, DC 20018 UNITED STATES","No_Match","",NA
"2000 BLOCK OF  GEORGIA AVE NW WASHINGTON, DC 20001 UNITED STATES","Match","Non_Exact","11001007203"
"5100 BLOCK OF  LEE ST NE WASHINGTON, DC 20019 UNITED STATES","Match","Non_Exact","11001007709"
"300 BLOCK OF  K ST NW DC, WASHINGTON 20001 UNITED STATES","Match","Non_Exact","11001007708"
"1000 BLOCK OF  16TH STREET NW WASHINGTON, DC 20036 UNITED STATES","No_Match","",NA
"300 BLOCK OF  62ND ST NE DC, DC 20019 UNITED STATES","Match","Exact","11001002101"
"1700 BLOCK OF  38TH ST NW DC, DC 20007 UNITED STATES","Match","Non_Exact","11001002400"
"I695 EB / I295 SB WASHINGTON, DISTRICT OF COLUMBIA 20001 UNITED STATES","Tie","",NA
"700-BLK 8TH ST NE DC, DC 20002 UNITED STATES","Match","Non_Exact","11001002504"
"5200 BLOCK OF  GEORGIA AVE NW WASHINGTON, DC 20011 UNITED STATES","Match","Non_Exact","11001008802"
"3800 BLOCK OF  8TH STREET NW WASHINGTON, DC 20011 UNITED STATES","No_Match","",NA
"2100 BLOCK OF  ALABAMA AVE SE WASHINGTON, DC 20020 UNITED STATES","Match","Non_Exact","11001011100"
"1400 BLOCK OF  HOWARD RD SE DC, DC 20020 UNITED STATES","Match","Non_Exact","11001007901"
"2100 BLOCK OF  ALABAMA AVE SE DC, WASHINGTON 20020 UNITED STATES","Match","Non_Exact","11001003500"
"2600 BLOCK OF  REED STREET NE WASHINGTON, DC 20018 UNITED STATES","Match","Non_Exact","11001007806"
"4500 BLOCK OF  NANNIE HELEN BURROUGHS AVE NE DC, DC 20019 UNITED STATES","Match","Non_Exact","11001004702"
"5200 BLOCK OF  FOOTE ST NE DC, WASHINGTON 20019 UNITED STATES","Match","Non_Exact","11001010700"
"2100 BLOCK OF  4TH ST NW DC, DC 20001 UNITED STATES","Match","Non_Exact","11001007808"
"800 BLOCK OF  DIVISION AVE NE WASHINGTON, DC 20019 UNITED STATES","Match","Non_Exact","11001000300"
"700 BLOCK OF  PARK RD NW WASHINGTON, DC 20010 UNITED STATES","Tie","",NA
"1400 BLOCK OF  BELMONT ST NW DC, WASHINGTON 20009 UNITED STATES","Match","Non_Exact","11001008302"
"800 BLOCK OF  9TH ST SW WASHINGTON, DC 20024 UNITED STATES","Match","Non_Exact","11001002002"
"3000 BLOCK OF  GEORGIA AVE NW WASHINGTON, DC 20011 UNITED STATES","Match","Non_Exact","11001002400"
"100 BLOCK OF  N ST SW DC, DC 20024 UNITED STATES","Match","Non_Exact","11001007404"
"3200 BLOCK OF  GEORGIA AVE NW DC, DC 20011 UNITED STATES","Match","Non_Exact","11001007407"
"300 BLOCK OF  40TH ST NE WASHINGTON, DC 20019 UNITED STATES","Match","Non_Exact","11001010602"
"17TH STREET SE & MARION BARRY AVENUE SE WASHINGTON, DC 20020 UNITED STATES","Match","Non_Exact","11001007404"
"2400 BLOCK OF  NAYLOR ROAD SE WASHINGTON, DC 20020 UNITED STATES","Match","Non_Exact","11001009302"
"MARION BARRY AVENUE SE & FENDALL STREET SE WASHINGTON, DC 20020 UNITED STATES","Match","Non_Exact","11001007809"
"1600 BLOCK OF  MONTELLO AVE NE WASHINGTON, DC 20002 UNITED STATES","Match","Non_Exact","11001007807"
"600 BLOCK OF  21ST ST NE WASHINGTON, DC 20002 UNITED STATES","No_Match","",NA
"UNIT BLOCK OF  GALVESTON PL SW WASHINGTON, DC 20020 UNITED STATES","No_Match","",NA
"1700 BLOCK OF  GALES ST NE WASHINGTON, DC 20002 UNITED STATES","Match","Non_Exact","11001003100"
"1100 BLOCK OF  2ND STREET NE WASHINGTON, DC 20002 UNITED STATES","Match","Non_Exact","11001003701"
"5200 BLOCK OF  NANNIE HELEN BURROUGHS AVE NE DC, DC 20018 UNITED STATES","Match","Non_Exact","11001008702"
"700 BLOCK OF  O STREET NW WASHINGTON, DC 20001 UNITED STATES","Match","Non_Exact","11001009302"
"100 BLOCK OF  M ST SE WASHINGTON, DC 20003 UNITED STATES","Match","Non_Exact","11001007808"
"600 BLOCK OF  MAINE AVENUE SW WASHINGTON, DC 20024 UNITED STATES","Match","Non_Exact","11001007806"
"7TH ST NW & R ST NW WASHINGTON, DC 20001 UNITED STATES","Match","Non_Exact","11001009505"
"2800 BLOCK OF  GEORGIA AVE NW DC, WASHINGTON 20001 UNITED STATES","Match","Exact","11001011100"
"1200-1299 BLOCK FARADAY PLACE NE WASHINGTON, DC 20017 UNITED STATES","Match","Non_Exact","11001009603"
"700 BLOCK OF  17TH ST NE WASHINGTON, DC 20002 UNITED STATES","Match","Exact","11001007202"
"4100 BLOCK OF  LIVINGSTON ROAD SE WASHINGTON, DC 20032 UNITED STATES","No_Match","",NA
"1200 BLOCK OF  CUSHING PL SE WASHINGTON, DC 20003 UNITED STATES","No_Match","",NA
"1200 BLOCK OF  1ST ST SE DC, WASHINGTON DC 20003 UNITED STATES","Match","Non_Exact","11001007201"
"1100 BLOCK OF  2ND ST SE DC, WASHINGTON 20003 UNITED STATES","No_Match","",NA
"600 BLOCK OF  S ST NW DC, WASHINGTON DC UNITED STATES","No_Match","",NA
"7TH STREET NW & GEORGIA AVENUE NW WASHINGTON, DC 20001 UNITED STATES","Match","Non_Exact","11001003200"
"600 BLOCK OF  H ST NE DC, DISTRICT OF COLUMBIA 20002 UNITED STATES","Match","Non_Exact","11001007203"
"2300 BLOCK OF  AINGER PL SE WASHINGTON, DC 20020 UNITED STATES","Match","Non_Exact","11001004801"
"1400 BLOCK OF  HALF STREET SW WASHINGTON, DC 20024 UNITED STATES","Match","Exact","11001003500"
"4700 BLOCK OF  SHERIFF RD NE DC, WASHINGTON DC 20019 UNITED STATES","Match","Non_Exact","11001010602"
"2500 BLOCK OF  ALABAMA AVE SE DC, WASHINGTON 20032 UNITED STATES","Match","Non_Exact","11001007502"
"3800 BLOCK OF  9TH ST SE WASHINGTON, DC 20032 UNITED STATES","Match","Non_Exact","11001006400"
"2400 BLOCK OF  SHANNON PL SE WASHINGTON, DC 20020 UNITED STATES","Match","Non_Exact","11001007806"
"4700 BLOCK OF  SOUTH CAPITOL ST WASHINGTON, DC 20002 UNITED STATES","Match","Non_Exact","11001007502"
"700 BLOCK OF  HOBART PLACE NW WASHINGTON, DC 20001 UNITED STATES","No_Match","",NA
"11TH STREET NW & U STREET NW WASHINGTON, DC 20009 UNITED STATES","Match","Non_Exact","11001004902"
"1800 BLOCK OF  24TH STREET NE WASHINGTON, DC 20002 UNITED STATES","Match","Non_Exact","11001007202"
"5000 BLOCK OF  BENNING RD SE DC, DC 20020 UNITED STATES","Match","Non_Exact","11001010202"
"700 BLOCK OF  15TH ST NE DC, WASHINGTON 20002 UNITED STATES","Match","Exact","11001004801"
"2000 BLOCK OF  I ST NE WASHINGTON, DC 20002 UNITED STATES","Match","Non_Exact","11001003500"
"4300 BLOCK OF  PONDS ST NE DC, WASHINGTON DC 20019 UNITED STATES","Match","Non_Exact","11001009503"
"2300 BLOCK OF  4TH ST NE WASHINGTON, DC 20002 UNITED STATES","Match","Non_Exact","11001007901"
"1800 BLOCK OF  CONNECTICUT AVE NW WASHINGTON, DC 20009 UNITED STATES","Match","Non_Exact","11001009810"
"1100 BLOCK OF  NEW JERSEY AVE SE WASHINGTON, DC 20002 UNITED STATES","Match","Non_Exact","11001009801"
"3900 BLOCK OF  4TH ST SE WASHINGTON, DC 20032 UNITED STATES","Match","Non_Exact","11001007401"
"4000 BLOCK OF  6TH ST SE WASHINGTON, DC 20032 UNITED STATES","No_Match","",NA
"2900 BLOCK OF  11TH STREET NW WASHINGTON, DC 20001 UNITED STATES","Match","Non_Exact","11001003100"
"600 BLOCK OF  ALABAMA AVENUE SE WASHINGTON, DC 20032 UNITED STATES","Match","Non_Exact","11001004401"
"3800 BLOCK OF  MINNESOTA AVE NE DC, DC 20019 UNITED STATES","Match","Non_Exact","11001011100"
"1100 BLOCK OF  NEAL STREET NE WASHINGTON, DC 20002 UNITED STATES","No_Match","",NA
"4400 BLOCK OF  PONDS STREET NE WASHINGTON, DC 20019 UNITED STATES","Match","Non_Exact","11001008001"
"9TH STREET NW & FLORIDA AVENUE NW WASHINGTON, DC 20001 UNITED STATES","Match","Non_Exact","11001008904"
"17TH STREET NW & RIGGS PLACE NW WASHINGTON, DC 20009 UNITED STATES","Match","Non_Exact","11001009601"
"1300 BLOCK OF  NEAL ST NE DC, WASHINGTON DC UNITED STATES","Match","Non_Exact","11001009203"
"1400 BLOCK OF  SARATOGA AVE NE DC, WASHINGTON DC 20019 UNITED STATES","Match","Non_Exact","11001004100"
"21ST STREET NE & CONSTITUTION AVENUE NE WASHINGTON, DC 20002 UNITED STATES","Match","Non_Exact","11001007203"
"1400 BLOCK OF  N ST NW WASHINGTON, DC 20005 UNITED STATES","Match","Non_Exact","11001009801"
"3000 BLOCK OF  GEORGIA AVE NW DC, WASHINGTON D.C. 20010 UNITED STATES","Match","Non_Exact","11001009802"
"13TH STREET NE & FLORIDA AVENUE NE WASHINGTON, DC 20002 UNITED STATES","Match","Non_Exact","11001003000"
"900 BLOCK OF  BLADENSBURG RD NE DC, WASHINGTON 20002 UNITED STATES","Match","Non_Exact","11001010400"
"2100 BLOCK OF  MARTIN LUTHER KING JR AVE SE DC, WASHINGTON 20020 UNITED STATES","Match","Non_Exact","11001009603"
"900 BLOCK OF  RITTENHOUSE STREET NW WASHINGTON, DC 20011 UNITED STATES","Match","Non_Exact","11001008802"
"2200 BLOCK OF  SHANNON PL SE WASHINGTON, DC 20020 UNITED STATES","Match","Non_Exact","11001009601"
"400 BLOCK OF  16TH ST NE WASHINGTON, DC 20002 UNITED STATES","Tie","",NA
"1600 BLOCK OF  GALES ST NE WASHINGTON, DC 20002 UNITED STATES","Match","Exact","11001005302"
"UNIT BLOCK OF  MICHIGAN AVE NW WASHINGTON, DC 20001 UNITED STATES","Match","Non_Exact","11001008802"
"400 BLOCK OF  MELLON ST SE DC, WASHINGTON 20020 UNITED STATES","Match","Non_Exact","11001009102"
"1000 BLOCK OF  SHERIDAN ST NW WASHINGTON, DC 20011 UNITED STATES","Match","Exact","11001008002"
"UNIT BLOCK OF  GALVESTON ST SW DC, WASHINGTON 20032 UNITED STATES","No_Match","",NA
"4700 BLOCK OF  1ST ST SW WASHINGTON, DC 20020 UNITED STATES","Match","Non_Exact","11001003100"
"6100 BLOCK OF  KANSAS AVENUE NE WASHINGTON, DC 20011 UNITED STATES","Match","Exact","11001008802"
"1300 BLOCK OF  PARK RD NW WASHINGTON, DC 20010 UNITED STATES","Match","Non_Exact","11001008802"
"200 BLOCK OF  DIVISION AVENUE NE WASHINGTON, DC 20019 UNITED STATES","Match","Non_Exact","11001007503"
"12TH STREET NW & U STREET NW WASHINGTON, DC 20009 UNITED STATES","Match","Non_Exact","11001001901"
"3400 BLOCK OF  22ND ST SE DC, WASHINGTON 20020 UNITED STATES","Match","Non_Exact","11001007503"
"1200 BLOCK OF  CONNECTICUT AVE NW WASHINGTON, DC 20036 UNITED STATES","Match","Non_Exact","11001007901"
"100 BLOCK OF  FLORIDA AVE NE DC, WASHINGTON DC 20002 UNITED STATES","Match","Non_Exact","11001007901"
"1900-BLK 14TH ST NW DC, DC 20009 UNITED STATES","No_Match","",NA
"UNIT BLOCK OF  DUPONT CIR NW DC, DISTRICT OF COLUMBIA 20036 UNITED STATES","Match","Non_Exact","11001010400"
"400 BLOCK OF  BRANDYWINE ST SE WASHINGTON, DC 20032 UNITED STATES","Match","Non_Exact","11001001804"
"800 BLOCK OF  FLORIDA AVE NW WASHINGTON, DC 20001 UNITED STATES","No_Match","",NA
"41ST STREET SE & SOUTHERN AVENUE SE WASHINGTON, DC 20020 UNITED STATES","No_Match","",NA
"2700 BLOCK OF  SHIPLEY TER SE WASHINGTON, DC 20020 UNITED STATES","Match","Non_Exact","11001001702"
"3100 BLOCK OF  14TH ST NW WASHINGTON, DC 20001 UNITED STATES","Match","Non_Exact","11001003000"
"1700 BLOCK OF  GALES ST NE DC, WASHINGTON 20002 UNITED STATES","Match","Non_Exact","11001007804"
"3000 BLOCK OF  NAYLOR RD SE WASHINGTON, DC 20020 UNITED STATES","Match","Exact","11001004401"
"2100 BLOCK OF  15TH STREET SE WASHINGTON, DC 20020 UNITED STATES","Match","Non_Exact","11001007409"
"23RD STREET SE & ALABAMA AVENUE SE WASHINGTON, DC 20020 UNITED STATES","Match","Non_Exact","11001010700"
"700 BLOCK OF  7TH ST NW DC, WASHINGTON 20001 UNITED STATES","Match","Non_Exact","11001008702"
"1200 BLOCK OF  NORTH CAPITOL ST NW DC, WASHINGTON 20002 UNITED STATES","Match","Non_Exact","11001004300"
"3200 BLOCK OF  24TH STREET SE WASHINGTON, DC 20020 UNITED STATES","No_Match","",NA
"1100 BLOCK OF  MOUNT OLIVET ROAD NE WASHINGTON, DC 20002 UNITED STATES","Match","Non_Exact","11001009802"
"UNIT BLOCK OF  MASSACHUSETTS AVE NE WASHINGTON, DC 20002 UNITED STATES","Match","Non_Exact","11001004402"
"5900 BLOCK OF  DIX ST NE DC, DISTRICT OF COLUMBIA 20019 UNITED STATES","Match","Exact","11001009902"
"3300 BLOCK OF  STANTON ROAD SE WASHINGTON, DC 20020 UNITED STATES","Match","Non_Exact","11001007408"
"15TH STREET NW & K STREET NW WASHINGTON, DC 20005 UNITED STATES","Match","Non_Exact","11001002802"
"11TH STREET NE & H STREET NE WASHINGTON, DC 20002 UNITED STATES","Match","Non_Exact","11001007901"
"BENNING ROAD NE WASHINGTON, DC 20002 UNITED STATES","Match","Non_Exact","11001007603"
"900 BLOCK OF  BRENTWOOD ROAD NE WASHINGTON, DC 20018 UNITED STATES","Match","Non_Exact","11001007503"
"5TH AND V ST NE WASHINGTON, DC 20002 UNITED STATES","Match","Exact","11001007403"
"900 BLOCK OF  RHODE ISLAND AVE NE DC, WASHINGTON 20018 UNITED STATES","Match","Non_Exact","11001005802"
"300 BLOCK OF  60TH STREET NE WASHINGTON, DC 20019 UNITED STATES","No_Match","",NA
"1000 BLOCK OF  51ST ST NE DC, WASHINGTON 20019 UNITED STATES","Match","Non_Exact","11001007408"
"6200 BLOCK OF  EASTERN AVE NE DC, WASHINGTON 20011 UNITED STATES","No_Match","",NA
"BLADENSBURG ROAD NE & QUEENS CHAPEL ROAD NE WASHINGTON, DC 20018 UNITED STATES","Match","Non_Exact","11001008803"
"3900 BLOCK OF  MINNESOTA AVE NE WASHINGTON, DC 20019 UNITED STATES","No_Match","",NA
"1ST ST SE & M ST SE WASHINGTON, DC 20003 UNITED STATES","Match","Non_Exact","11001007808"
"1ST STREET SE & QUANDER STREET SE WASHINGTON, DC 20003 UNITED STATES","Match","Non_Exact","11001007403"
"4300 BLOCK OF  3RD ST SE DC, DC 20032 UNITED STATES","Tie","",NA
"STANTON ROAD SE & SUITLAND PARKWAY SE WASHINGTON, DC 20020 UNITED STATES","Match","Exact","11001008402"
"700 BLOCK OF  ROCK CREEK CHURCH RD NW WASHINGTON, DC 20010 UNITED STATES","No_Match","",NA
"M STREET SE WASHINGTON, DC 20003 UNITED STATES","Match","Non_Exact","11001009102"
"1000 BLOCK OF  U ST NW WASHINGTON, DC 20001 UNITED STATES","No_Match","",NA
"4900 BLOCK OF  BLAINE ST NE DC, DC 20019 UNITED STATES","Match","Non_Exact","11001009803"
"1200 BLOCK OF  MAIN DRIVE NW WASHINGTON, DC 20012 UNITED STATES","No_Match","",NA
"3200 BLOCK OF  6TH STREET SE WASHINGTON, DC 20032 UNITED STATES","Match","Non_Exact","11001008804"
"300 BLOCK OF  54TH ST NE DC, WASHINGTON 20019 UNITED STATES","Match","Non_Exact","11001007502"
"1400 BLOCK OF  SARATOGA AVE NE DC, WASHINGTON 20010 UNITED STATES","Match","Non_Exact","11001008701"
"2700 BLOCK OF  MARTIN LUTHER KING JR AVE SE DC, DC 20020 UNITED STATES","Match","Non_Exact","11001009802"
"14TH STREET NW & NEW YORK AVENUE NW WASHINGTON, DC 20005 UNITED STATES","Match","Non_Exact","11001008803"
"1200 BLOCK OF  OAK DR SE DC, WASHINGTON 20032 UNITED STATES","Match","Non_Exact","11001008904"
"2800 BLOCK OF  GAINESVILLE ST SE WASHINGTON, DC 20020 UNITED STATES","Match","Non_Exact","11001009505"
"2200 BLOCK OF  16TH ST NE DC, DC 20002 UNITED STATES","Match","Non_Exact","11001007502"
"1100 BLOCK OF  21ST PL NE DC, DC 20002 UNITED STATES","Match","Non_Exact","11001008701"
"1300 BLOCK OF  BLADENSBURG RD NE DC, DC 20032 UNITED STATES","No_Match","",NA
"1300 BLOCK OF  15TH STREET NW WASHINGTON, DC 20005 UNITED STATES","Match","Non_Exact","11001002400"
"700 BLOCK OF  13TH ST NE DC, WASHINGTON 20002 UNITED STATES","Match","Non_Exact","11001008903"
"900 BLOCK OF  17TH ST NE DC, WASHINGTON 20002 UNITED STATES","Match","Non_Exact","11001001804"
"600 BLOCK OF  21ST ST NE DC, DC 20002 UNITED STATES","No_Match","",NA
"2100 BLOCK OF  RIDGECREST CT SE DC, WASHINGTON 20020 UNITED STATES","Match","Non_Exact","11001003100"
"700 BLOCK OF  H ST NW WASHINGTON, DC 20001 UNITED STATES","Match","Non_Exact","11001005202"
"2200 BLOCK OF  ADAMS PL NE WASHINGTON, DC 20018 UNITED STATES","No_Match","",NA
"1900 BLOCK OF  18TH ST SE DC, WASHINGTON 20020 UNITED STATES","Match","Non_Exact","11001008402"
"1200 BLOCK OF  18TH ST NE WASHINGTON, DC 20002 UNITED STATES","Match","Non_Exact","11001007601"
"6200 BLOCK OF  EASTERN AVE NE DC, WASHINGTON 20010 UNITED STATES","Match","Non_Exact","11001008903"
"600 BLOCK OF  RHODE ISLAND AVE NE DC, DC 20002 UNITED STATES","Match","Non_Exact","11001007903"
"5400 BLOCK OF  5TH STREET NW WASHINGTON, DC 20011 UNITED STATES","Match","Non_Exact","11001007403"
"1100 BLOCK OF  CUSHING PL SE WASHINGTON, DC 20003 UNITED STATES","Match","Non_Exact","11001005802"
"4200 BLOCK OF  BARNABY ROAD SE WASHINGTON, DC 20032 UNITED STATES","Match","Non_Exact","11001004402"
"2600 BLOCK OF  12TH PLACE SE WASHINGTON, DC 20020 UNITED STATES","Match","Non_Exact","11001007804"
"18TH STREET NW & ARGYLE TERRACE NW WASHINGTON, DC 20011 UNITED STATES","No_Match","",NA
"13TH STREET NW & K STREET NW WASHINGTON, DC 20005 UNITED STATES","Match","Non_Exact","11001009804"
"1200 BLOCK OF  QUEEN ST NE WASHINGTON, DC 20002 UNITED STATES","Match","Non_Exact","11001007808"
"100 BLOCK OF  HARRY THOMAS WAY NE WASHINGTON, DC 20002 UNITED STATES","Match","Non_Exact","11001009102"
"2000 BLOCK OF  BENNING RD NE WASHINGTON, DC 20002 UNITED STATES","No_Match","",NA
"100 BLOCK OF  QUINCY PL NE WASHINGTON, DC 20018 UNITED STATES","Match","Exact","11001010100"
"1400 BLOCK OF  DOWNING ST NE WASHINGTON, DC 20018 UNITED STATES","No_Match","",NA
"1900 BLOCK OF  13TH ST NW DC, WASHINGTON 20009 UNITED STATES","Match","Non_Exact","11001001100"
"1600 BLOCK OF  V ST NW DISTRICT OF COLUMBIA, DC 20001 UNITED STATES","No_Match","",NA
"1200 BLOCK OF  SUMNER RD SE DC, WASHINGTON DC 20020 UNITED STATES","Match","Non_Exact","11001002101"
"12TH STREET NE & HAMLIN STREET NE WASHINGTON, DC 20017 UNITED STATES","Match","Non_Exact","11001009602"
"1600 BLOCK OF  MONTANA AVE NE WASHINGTON, DC 20018 UNITED STATES","Match","Non_Exact","11001011100"
"2200 BLOCK OF  BLADENSBURG ROAD NE WASHINGTON, DC 20018 UNITED STATES","Match","Non_Exact","11001007903"
"2500 BLOCK OF  POMEROY RD SE DC, WASHINGTON 20020 UNITED STATES","Match","Non_Exact","11001007605"
"1200 BLOCK OF  NORTH CAPITOL ST NW DC, WASHINGTON 20017 UNITED STATES","Match","Non_Exact","11001009102"
"UNIT BLOCK OF  KENNEDY STREET NW WASHINGTON, DC 20011 UNITED STATES","Match","Non_Exact","11001008903"
"100 BLOCK OF  WILMINGTON PL SE WASHINGTON, DC 20032 UNITED STATES","No_Match","",NA
"2600 BLOCK OF  MLK AVE WASHINGTON, DC 20020 UNITED STATES","Match","Non_Exact","11001009505"
"1300 BLOCK OF  MOUNT OLIVET RD NE DC, WASHINGTON 20002 UNITED STATES","Match","Non_Exact","11001004401"
"2700 BLOCK OF  BRUCE PL SE WASHINGTON, DC 20020 UNITED STATES","Match","Non_Exact","11001009204"
"1600 BLOCK OF  LINCOLN ROAD NE WASHINGTON, DC 20002 UNITED STATES","No_Match","",NA
"4100 BLOCK OF  6TH STREET SE WASHINGTON, DC 20032 UNITED STATES","Match","Non_Exact","11001002101"
"1800 BLOCK OF  PROVIDENCE ST NE WASHINGTON, DC 20002 UNITED STATES","Match","Exact","11001007401"
"2000 BLOCK OF  BENNING RD NE DC, WASHINGTON 20002 UNITED STATES","Match","Non_Exact","11001007202"
"300-301 BLOCK RITTENHOUSE STREET NE WASHINGTON, DC 20011 UNITED STATES","No_Match","",NA
"1700 BLOCK OF  LINCOLN RD NE DC, WASHINGTON DC 20002 UNITED STATES","Match","Non_Exact","11001007404"
"900 BLOCK OF  ALLISON STREET NW WASHINGTON, DC 20011 UNITED STATES","Match","Exact","11001002600"
"5900 BLOCK OF  PINEY BRANCH RD NW DC, WASHINGTON DC 20011 UNITED STATES","Match","Non_Exact","11001002703"
"2900 BLOCK OF  GEORGIA AVE NW WASHINGTON, DC 20009 UNITED STATES","Match","Exact","11001004201"
"3600 BLOCK OF  GEORGIA AVE NW WASHINGTON, DC 20010 UNITED STATES","Match","Exact","11001010100"
"2300 BLOCK OF  MINNESOTA AVE SE WASHINGTON, DC 20020 UNITED STATES","Match","Non_Exact","11001008804"
"5200 BLOCK OF  CONNECTICUT AVENUE NW WASHINGTON, DC 20015 UNITED STATES","No_Match","",NA
"UNIT BLOCK OF  BANNER LN NW DC, DC 20001 UNITED STATES","Match","Non_Exact","11001008904"
"600 BLOCK OF  KENNEDY ST NW WASHINGTON, DC 20011 UNITED STATES","Match","Non_Exact","11001008701"
"3300 BLOCK OF  BENNING RD NE WASHINGTON, DC 20019 UNITED STATES","Match","Non_Exact","11001009102"
"1900 BLOCK OF  C ST NE DC, WASHINGTON 20002 UNITED STATES","Match","Non_Exact","11001004402"
"1600 BLOCK OF  W ST NE DC, WASHINGTON 20018 UNITED STATES","No_Match","",NA
"UNIT BLOCK OF  M ST SE DC, WASHINGTON 20003 UNITED STATES","Match","Non_Exact","11001007401"
"2000 BLOCK OF  VERMONT AVENUE NW WASHINGTON, DC 20001 UNITED STATES","Match","Exact","11001009302"
"1900 BLOCK OF  9TH ST NW DC, DC 20001 UNITED STATES","Match","Non_Exact","11001009102"
"EATON ROAD SE & MARTIN LUTHER KING JR AVENUE SE WASHINGTON, DC 20020 UNITED STATES","Match","Non_Exact","11001011100"
"3300 BLOCK OF  16TH STREET NW WASHINGTON, DC 20010 UNITED STATES","Match","Non_Exact","11001007406"
"16TH STREET NW & U STREET NW WASHINGTON, DC 20009 UNITED STATES","Tie","",NA
